id,mlbam_id,name,role,production_workload,frozen_hybrid_workload,verified_latest_exposure,observation_status,healthy_full_role_capacity_scenario,healthy_scenario_is_medical_fact,conditional_active_workload,participation_probability,after_participation,after_roster_allocation,after_verified_availability,ensemble_median_weight,final_workload,delta_vs_frozen_hybrid,delta_vs_production,conditional_model_bridge,participation_delta,roster_delta,medical_delta,numeric_reconciliation_delta,roster_allocation_executed,method,probability_method,probability_absent,probability_part_time,probability_regular,conditional_state1_PA,conditional_state2_PA,decomposition_error,probability_RP,probability_SP,conditional_state1_GS,conditional_state1_RA,conditional_state1_IP,conditional_state1_IP_per_start,conditional_state1_IP_per_relief,conditional_state1_QA3,conditional_state2_GS,conditional_state2_RA,conditional_state2_IP,conditional_state2_IP_per_start,conditional_state2_IP_per_relief,conditional_state2_QA3
02mwm,621566,Matt Olson,H,600.5484155182885,646.9516526239263,698.0,observed_positive,703.6875,False,636.9904650780736,0.9921775501410004,632.0076391043395,632.0076391043395,632.0076391043395,0,632.0076391043395,-14.944013519586747,31.459223586051053,-9.961187545852681,-4.982825973734066,0.0,0.0,0.0,True,active_capacity_mean,supported_cohort_logistic,0.007822449858999575,0.08558718574558849,0.906590364395412,400.0,659.3636864922423,0.0,,,,,,,,,,,,,,
01ub6,608070,Jose Ramirez,H,529.7791098709511,558.2332654833274,544.0,observed_positive,680.3636363636364,False,579.1386323477949,0.9788233802166113,566.8744337286939,494.33726618516755,494.33726618516755,0,494.33726618516755,-63.895999298159836,-35.44184368578351,20.90536686446751,-12.264198619100966,-72.53716754352638,0.0,0.0,True,active_capacity_mean,supported_cohort_logistic,0.021176619783388643,0.18151975969080966,0.7973036205258016,348.81605997546706,540.5973931460122,0.0,,,,,,,,,,,,,,
03ynj,665742,Juan Soto,H,640.1656812624801,597.983666478066,482.0,observed_positive,707.6626506024097,False,605.711986046389,0.9825433524493126,595.1382853887503,595.1382853887503,595.1382853887503,0,595.1382853887503,-2.8453810893156515,-45.0273958737298,7.728319568323059,-10.57370065763871,0.0,0.0,0.0,True,active_capacity_mean,supported_cohort_logistic,0.017456647550687467,0.18948524463652572,0.7930581078127868,328.25521616189747,672.0046869212586,0.0,,,,,,,,,,,,,,
02z0s,592450,Aaron Judge,H,469.40924238138865,353.5992168470886,285.0,observed_positive,696.8264705882352,False,494.97090233130666,0.805500986852089,398.6995502909365,364.715356465262,364.715356465262,0,364.715356465262,11.116139618173406,-104.69388591612665,141.37168548421806,-96.27135204037018,-33.98419382567448,0.0,0.0,True,active_capacity_mean,supported_cohort_logistic,0.194499013147911,0.23045860563667048,0.5750423812154186,228.00472809662222,542.8638217756046,0.0,,,,,,,,,,,,,,
041ai,666158,Gavin Lux,H,458.4460265881399,75.23173657155107,0.0,verified_zero,502.2779043280182,False,331.06517503165713,0.4422939535872862,146.42812515981853,146.42812515981853,146.42812515981853,0,146.42812515981853,71.19638858826747,-312.01790142832135,255.83343846010607,-184.6370498718386,0.0,0.0,0.0,True,active_capacity_mean,supported_cohort_logistic,0.5577060464127138,0.3024949784144327,0.13979897517285347,222.072187405723,566.9026080204623,0.0,,,,,,,,,,,,,,
02w16,623993,Anthony Santander,H,439.1191556520023,56.623202079562745,0.0,verified_zero,651.2190812720847,False,397.68378597045825,0.31638080796046963,125.81951751811206,125.81951751811206,125.81951751811206,0,125.81951751811206,69.19631543854932,-313.2996381338902,341.0605838908955,-271.8642684523462,0.0,0.0,0.0,True,active_capacity_mean,supported_cohort_logistic,0.6836191920395304,0.28094818070922545,0.035432627251244124,378.2264556353183,551.9625392888158,-4.263256414560601e-14,,,,,,,,,,,,,,
05wru,694973,Paul Skenes,SP,165.31663391067949,127.92157759991477,174.33333333333334,observed_positive,180.22695035460993,False,145.46868905256855,0.9501565048773623,138.21802115928034,138.21802115928034,138.21802115928034,0,138.21802115928034,10.29644355936557,-27.098612751399145,17.54711145265378,-7.25066789328821,0.0,0.0,0.0,True,mean_half,supported_cohort_logistic,0.04984349512263772,,,,,0.0,0.07881939764301936,0.871337107234343,11.099747878546863,37.64628480381556,114.88072304700702,5.724008507007459,1.3638974478396007,2.676015135861669,25.698400364276296,0.834192098593808,148.23561477588115,5.724008507007459,1.3638974478396007,17.408655323178095
01sb3,554430,Zack Wheeler,SP,142.42533592391857,116.27490213608338,162.0,observed_positive,191.7790927021696,False,122.7566790632665,0.9861426369495875,121.05559519462385,121.05559519462385,121.05559519462385,0,121.05559519462385,4.780693058540464,-21.36974072929472,6.48177692718312,-1.7010838686426553,0.0,0.0,0.0,True,mean_half,supported_cohort_logistic,0.013857363050412543,,,,,0.0,0.010967578709769813,0.9751750582398178,11.822547050490705,37.2215055637477,125.45991346034627,5.641033630007853,1.5788863740486714,3.993763994530906,21.56668992509319,0.6763331704008777,122.72627638246531,5.641033630007853,1.5788863740486714,14.201833872335701
061yu,694819,Jacob Misiorowski,SP,129.0654038970866,127.87628933701288,174.66666666666666,observed_positive,166.7073170731707,False,120.46069539273711,0.9792119099972625,117.95654761512054,108.93531252692286,108.93531252692286,0,108.93531252692286,-18.94097681009002,-20.130091370163754,-7.41559394427577,-2.5041477776165664,-9.021235088197685,0.0,0.0,True,mean_half,supported_cohort_logistic,0.020788090002737517,,,,,0.0,0.05024412471458019,0.9289677852826824,4.938317676259674,39.68724652481484,81.39741532767945,5.850583346170364,1.3229785578605555,0.9628550091195264,19.280237838380483,0.0467137441376142,112.86243968928399,5.850583346170364,1.3229785578605555,12.693631446583058
05y7s,690997,Nolan McLean,SP,120.12640244516551,119.312713273576,179.66666666666666,observed_positive,180.15350877192984,False,122.07754985575376,0.9832988814836099,120.0387182274223,120.0387182274223,120.0387182274223,0,120.0387182274223,0.7260049538462994,-0.08768421774321666,2.7648365821777645,-2.038831628331465,0.0,0.0,0.0,True,mean_half,supported_cohort_logistic,0.01670111851639006,,,,,0.0,0.05932744641566583,0.923971435067944,7.516667278812491,35.02346739098674,91.182872154741,5.819289655666076,1.3545548613005907,2.421199532440476,21.3189717403405,0.0,124.06127171800087,5.819289655666076,1.3545548613005907,13.75256590149563
02mwk,621244,Jose Berrios,SP,153.52373927395132,58.72189317054096,0.0,verified_zero,182.04810996563575,False,80.70149366218497,0.7233125952005419,58.3724068173551,58.3724068173551,57.029983151522984,0,57.029983151522984,-1.6919100190179748,-96.49375612242834,21.979600491644014,-22.329086844829874,0.0,-1.342423665832115,0.0,True,mean_half,supported_cohort_logistic,0.27668740479945814,,,,,0.0,0.1065676211610052,0.6167449740395367,2.633663941585282,11.539431557888294,26.158255426100418,5.098907159886998,1.1031260451398253,0.6267623896466714,17.105535643170054,0.6616447226469434,87.9494156908432,5.098907159886998,1.1031260451398253,8.552913611762435
0512m,686752,Ryan Pepiot,SP,142.16743795776148,34.100976801465826,0.0,verified_zero,164.27777777777777,False,59.303328386904276,0.6495759207992279,38.522014143382336,38.522014143382336,38.522014143382336,0,38.522014143382336,4.421037341916509,-103.64542381437914,25.20235158543845,-20.78131424352194,0.0,0.0,0.0,True,mean_half,supported_cohort_logistic,0.3504240792007721,,,,,0.0,0.06446304450374679,0.5851128762954811,2.66040795968306,18.37401551372706,31.94555530133738,4.909704059967237,1.0277415694138516,0.4978919274655049,12.674507155542736,0.08689849450801473,62.317388434777335,4.909704059967237,1.0277415694138516,6.07383927707472
