role,group,n,active_n,players,observed_participation,predicted_participation,participation_Brier,actual_mean,production_reference_bias,production_reference_MAE,production_reference_RMSE,incumbent_bias,incumbent_MAE,incumbent_RMSE,previous_repair_bias,previous_repair_MAE,previous_repair_RMSE,hybrid_bias,hybrid_MAE,hybrid_RMSE,incumbent_conditional_active_bias,hybrid_implied_conditional_active_bias
H,all,1215,852,263,0.7012345679012346,0.7161899562282545,0.10782433515844674,247.6411522633745,46.54019609244127,165.29276493557145,190.67417084470253,0.041967280720309794,116.08352376618916,157.21406455053676,-6.648754502535101,111.72720688630838,159.89415602285766,-0.10269218767846577,111.80889859706548,155.0584226287895,-3.4920220321175517,-2.058397761409067
H,cohort:all,1215,852,263,0.7012345679012346,0.7161899562282545,0.10782433515844674,247.6411522633745,46.54019609244127,165.29276493557145,190.67417084470253,0.041967280720309794,116.08352376618916,157.21406455053676,-6.648754502535101,111.72720688630838,159.89415602285766,-0.10269218767846577,111.80889859706548,155.0584226287895,-3.4920220321175517,-2.058397761409067
H,cohort:H,1215,852,263,0.7012345679012346,0.7161899562282545,0.10782433515844674,247.6411522633745,46.54019609244127,165.29276493557145,190.67417084470253,0.041967280720309794,116.08352376618916,157.21406455053676,-6.648754502535101,111.72720688630838,159.89415602285766,-0.10269218767846577,111.80889859706548,155.0584226287895,-3.4920220321175517,-2.058397761409067
H,cohort:established,962,621,236,0.6455301455301455,0.6648728511489601,0.11844865777782562,220.42099792099793,67.7639395167213,164.53032545242758,188.61536208028184,2.1567055576983707,105.91811848196481,147.59462987076236,-5.168797884888823,101.24139699450848,150.12605085846042,1.8692784155610127,101.59123543122574,145.19070689487043,-2.347297761822703,-0.34384663877331745
H,cohort:anchor_2016,135,87,135,0.6444444444444445,0.7066190861377364,0.14066388622767206,234.73333333333332,61.4503958205778,166.24996486515155,192.32553339141433,-2.758905093955508,115.40779618909787,154.11125641348028,-2.1568326226809775,106.67936470375454,151.03415772341918,-2.873243913999918,109.19050224097292,151.6314060765697,-27.684791787153397,-24.052781654464155
H,cohort:ordinary_regular,336,323,116,0.9613095238095238,0.9723527311167866,0.035261880708949506,467.5595238095238,-44.65592731119495,155.89691195027834,185.00345706868202,-6.527802666590051,143.86495924588468,175.47514472171508,14.743342786458852,140.99043572138154,178.1329278276239,8.306911521461283,139.96130064108573,175.30260935992993,-10.741149037349901,4.0305323468764644
H,cohort:everyday,266,254,100,0.9548872180451128,0.9695353477049531,0.040833051101013366,458.59774436090225,-37.381857303136094,158.40581808073554,188.3615273014174,-5.6402479071563825,147.98565067315917,179.59270050067946,17.875682461709555,146.71336344254942,183.71015354743238,11.547858485464536,145.14317795312903,180.14293047120356,-11.556998503702223,5.568286606833605
H,cohort:all_everyday,358,345,116,0.9636871508379888,0.9730494190608435,0.03312988692408582,475.5670391061453,-47.11745467037324,154.87798127847304,183.3384145179163,-7.230376459535988,140.83033532476216,172.43027620406156,15.448382283285472,137.6374582865249,175.58190965961288,8.73439662247746,136.57016411596834,172.5300224472713,-10.610721794105302,5.38106170833733
H,cohort:high_PA,132,130,58,0.9848484848484849,0.9851830811537666,0.015309199606939425,555.2954545454545,-75.23757879744731,147.65556206281371,172.92110224757548,1.4236833697643219,120.53920941460987,156.97091358963863,29.16110008213482,118.1125030265636,160.94695818671934,19.119324284308327,118.54551033385134,159.95504692636734,1.2908334923284044,19.387358800478626
H,cohort:high_RBI,64,64,34,1.0,0.9766981287029153,0.0014699141921557177,560.046875,-96.09688106494221,148.59310695895186,166.33912700884744,-28.28642248425136,115.046053407382,148.01410702905613,-1.349647741331209,108.24500481408326,147.19689019298238,-8.353529944628182,108.81790067665179,148.04325216878817,-16.73548452046455,3.562731700445071
H,cohort:role_other_hitter,995,639,257,0.6422110552763819,0.6654800436322535,0.1254242764227773,197.8753768844221,69.08599155230522,166.3754589420877,191.5940094168712,2.2624777245701457,111.26676725029088,153.9816054108684,-8.886795052711824,107.31582245193326,156.63115226274996,-2.244413679232302,107.79136436909731,152.0721905249293,-3.7260807143849877,-8.749865289527639
H,cohort:high_RBI_comparable62,62,62,34,1.0,0.9783089900787365,0.0012457103437963695,559.6612903225806,-94.02159737961796,148.21124991536985,166.49127740297524,-23.309782416057757,112.8681111109023,146.75089974223798,5.1949207398544,105.14867365782514,144.90407911602856,-2.322798257231122,106.02795514190068,146.1911581639477,-12.289978666411555,9.184968826978073
H,cohort:aging_33plus,255,103,95,0.403921568627451,0.43369538787757395,0.14589774068798642,121.79607843137255,124.03692254406064,178.68706023293507,200.36874333239678,7.5376589092670425,81.27024646708607,126.61825489850607,-0.3714812464455347,75.61812728729392,129.67833500835886,5.9310431440648745,76.56301717179467,125.63482359999047,-1.8062583613942111,-6.621651623699844
H,cohort:part_time_or_returning,855,505,258,0.5906432748538012,0.6080450623632382,0.1393494073891343,151.31929824561402,86.38359453082295,169.521410291792,193.581245102916,3.321720655039731,105.75861425518721,150.49902245534656,-15.77897507262279,101.00188585892974,153.005924660846,-3.34343531093761,101.2428599226822,147.0014928325773,1.6976406795134464,-6.419277619011731
H,cohort:repeated_shortfall_proxy_not_diagnosed_injury,726,448,208,0.6170798898071626,0.6290611727381402,0.13310619356705602,158.80853994490357,71.96941850510143,161.08374290302717,182.851483963352,4.176387085485701,100.65506882080373,143.29630072793836,-10.334853057220025,97.01943289885139,145.5497272673473,-0.09362402446294638,97.11956634244112,140.60236772674824,5.948738732469102,1.2185718035449256
H,cohort:part_time_opportunity_candidate,488,411,217,0.8422131147540983,0.8258454958502801,0.12762307372091497,235.70491803278688,27.807749064628787,159.67695797039485,189.10290785121694,1.4242593145777493,144.74420328511346,178.5990361875525,-14.220179809499898,144.2291049832952,181.28038343529857,-3.5428345058561694,141.71303092710068,174.9327602427676,4.1367383301819265,-1.5657507926311567
H,cohort:part_time,538,272,201,0.5055762081784386,0.5191739321731783,0.1456699155355342,102.54646840148699,100.98178698303423,155.38037837130483,174.37525508907024,2.023531965917694,82.18447818100688,124.69334492190832,-13.059043859676965,78.20054769475611,127.64513055301347,-2.4344143664114477,79.60300825269935,123.62208028195795,3.226196022207866,-2.549352370218678
H,cohort:durable,33,33,15,1.0,0.9808544433639743,0.0007795939697335022,604.1212121212121,-93.37907552524932,131.09349610717783,147.9403549175785,-24.633368251365876,86.22693115288679,105.17908241099835,20.66764549373853,72.39796711900635,110.61685617586019,6.021095824604055,71.96425897720405,105.27514556173003,-13.623224876417268,17.659506914160957
H,cohort:interrupted,188,119,106,0.6329787234042553,0.6841017265216903,0.15368222505385087,213.5744680851064,120.83959718666664,208.95062184942614,234.51702045581,25.030051407487264,135.5887491219917,179.8931179774651,-9.17354058207764,126.34002477053728,180.29751334595608,8.28564617243962,125.76957537852978,170.35089170361186,16.656680653466115,-3.133355176316645
H,cohort:durable_four_years,24,24,12,1.0,0.9825729517300131,0.0006179992331638266,600.25,-96.13514562399824,146.1892159143199,162.4390831793276,-24.822467417064075,94.96832837989659,115.21599138488651,19.125991260923385,84.13156479564877,126.63697165436466,-2.385670349527904,94.09039775568608,130.81414071801782,-15.130007310601123,7.754931534970932
H,cohort:role_demonstrated_everyday,165,163,60,0.9878787878787879,0.9821704924310728,0.011593640946367395,506.23030303030305,-76.30752804521529,158.16592708116343,183.99161283437815,-8.05419894411926,132.98650233792546,161.3899705961022,16.672439552978613,124.42290577952944,160.56084182578118,12.82055890684425,125.88794510564826,160.58256820301636,-5.61593073450367,15.723637792795934
H,cohort:young,253,231,122,0.9130434782608695,0.9113166561740302,0.06742671318278473,351.14229249011856,-34.16036190818079,168.19184312839522,198.30747051791778,-7.999053361385985,154.73617152675766,189.38095864518777,-12.276099428130832,151.59815200848826,192.56401749004993,-7.600857090114747,150.66025023950746,187.9060360751752,-6.569397667845259,-6.667645584598676
H,cohort:young_first_full_opportunity,197,180,114,0.9137055837563451,0.9065721096235742,0.0702297347905234,337.18781725888323,-38.75655828560216,166.82102826416806,197.04304132000107,-17.477547790216665,154.84316036476142,188.90367127900515,-24.841325546880167,152.7779662671548,192.33315308687017,-18.02565092988912,151.00265331771797,187.62035341505103,-15.327030456150377,-16.295618655855208
H,cohort:young_entry,190,174,114,0.9157894736842105,0.905155250534489,0.0676661902915824,334.9421052631579,-39.34012568780092,165.74376812764572,196.21258367479143,-18.053223792618294,153.29408143420042,186.89606398145224,-25.07794384606031,150.0518392609449,189.2448712628335,-19.17465304560066,149.4410910659929,185.4860456295145,-14.079477277615092,-15.428564990473621
H,cohort:role_interrupted_everyday,55,50,33,0.9090909090909091,0.8356367664020009,0.07811748037634086,372.1818181818182,7.209432458781582,167.08635965363786,193.66620952121048,-15.840586619862547,152.5140922931399,197.28917774388958,-36.124148534061,153.44606497397726,208.8298940338196,-0.12675666949992953,142.25260555910512,188.16081395826959,6.423190297039014,25.489121341238
H,cohort:anchor_2017,129,88,129,0.6821705426356589,0.709016211372429,0.12028409590799423,261.4108527131783,43.75544300987883,160.48294432740025,187.55371322561666,-12.29472623058267,108.82306707873866,151.69058055933212,-12.602090714922623,101.95216158182934,152.7764440631699,-10.480119739088101,101.5343194551436,147.11796438564372,-24.77728238320033,-20.204065785983037
H,cohort:anchor_2018,127,91,127,0.7165354330708661,0.6811235707069844,0.07648377954488271,267.8267716535433,49.52836048127946,166.596420164962,189.48187001396323,-17.466444176595708,117.57615485522209,158.7047787394253,-14.927088674878213,115.39537103169576,164.37199743974767,-11.401556677083624,114.85430920102097,160.11428485830473,-9.610468354312367,-1.9402761255576224
H,cohort:anchor_2021,111,83,111,0.7477477477477478,0.7231324796773847,0.097347691269722,251.25225225225225,34.443465645253305,160.39820868055534,182.8776616188735,9.385206318695312,107.21934998485297,139.78010801909028,-1.491235918501445,97.27685820188192,134.44548935628148,14.117383603561684,99.16524854055085,133.60061594531086,21.49236221234906,30.32011862071215
H,cohort:anchor_2022,107,80,107,0.7476635514018691,0.757071382201049,0.10785146889593115,247.60747663551402,37.267146182302206,157.75077625683258,184.87161977357945,11.231635951813528,123.40832894167346,166.85709223399422,8.233074138080557,116.48217500113222,167.40316217196118,17.99605061742901,120.53103949618888,167.71603188757652,12.388376665074471,22.915354674422414
H,cohort:anchor_2023,116,80,116,0.6896551724137931,0.68022486599307,0.08532399812014002,240.20689655172413,40.4547559811928,158.19317738099903,177.60932529251835,-5.994128923783726,111.90763892282745,145.15196725254822,-16.472943611268445,109.8332928506808,150.4841879825729,-5.1473275107532315,107.85856224960028,143.23609378296769,2.8482904322224343,4.036811311555924
H,cohort:anchor_2024,113,76,113,0.672566371681416,0.6705730684849424,0.09200225780297135,246.56637168141592,47.37238332873957,174.33744411170846,197.0508892457452,-14.30452597800402,112.1913734657076,157.23382172965813,-17.1670587851749,109.78372245534443,160.87865967934945,-2.0858954194962624,107.09073712639355,151.43499172117612,-19.93989107453996,0.23520059606592175
H,cohort:anchor_2014,133,93,133,0.6992481203007519,0.7828730407795851,0.11337644707855442,230.77443609022558,62.50990080023423,171.06332489291208,195.73170546769103,27.058945942428025,127.7551718420778,174.25815235167585,9.584542657102935,131.23735504733344,181.07244481870455,15.32390563308458,127.77345111714016,174.70329075241116,13.910279957157586,-3.4842493416058633
H,cohort:returning_after_missed_season,223,26,154,0.11659192825112108,0.19121910695929847,0.09270893321537998,24.067264573991032,189.33640615374506,200.86575306501433,215.44763082779576,1.5076503329135218,37.04354505597191,88.09240758260232,-17.385089495085154,26.50578353602504,94.9614171994395,-7.273986192073304,30.92414503897693,86.58014507838372,-63.56092427488357,-100.39433096972499
H,cohort:anchor_2015,136,95,136,0.6985294117647058,0.7286823700100856,0.11676795746365061,235.26470588235293,57.269573621437985,160.85950355043283,189.57765744306818,-0.02941971363573092,108.40567480739844,143.7865298864528,-20.935939494315733,105.1915953746603,152.17878795091693,-11.326942375717,107.45229754179144,148.15814740125217,-11.862496631919596,-26.050137067613587
H,cohort:anchor_2020,108,79,108,0.7314814814814815,0.7188271700291803,0.12210930286542304,265.3796296296296,21.82279379721453,177.44935447482615,208.23196028930505,6.491196676830201,129.5511257413695,177.97865957001594,4.0945981579585995,123.81138315615179,179.3601813728142,-0.8738522575916398,123.13220111173416,168.1492101291754,10.560012890572965,5.082783143093144
H,workload_decile:1,122,10,86,0.08196721311475409,0.20682599232124543,0.08458776213645709,14.467213114754099,196.66748207865228,204.33935326467926,217.7770155765979,12.152095056129188,33.202629215590946,73.93599558564154,-8.173545999887121,18.0507513690071,71.68999518816618,2.2473104710315397,25.67586736690447,71.35583654842148,-47.42130360760642,-91.3950221818032
H,workload_decile:2,121,23,87,0.19008264462809918,0.2116210889840634,0.13324439147490705,36.34710743801653,170.24745904796143,187.0632025516689,203.08487471108305,-7.036711544923615,43.1046577697436,99.225026405306,-27.776057389798662,37.0606055689146,112.2788639006021,-16.290180059338947,38.08693617565875,98.53661103653668,-42.9518726322354,-77.53537735630536
H,workload_decile:3,122,60,101,0.4918032786885246,0.5404873877272828,0.24244930530537742,74.28688524590164,121.30756534363684,159.399023376903,177.46216616284846,10.463274737439448,85.8714733620027,126.23792907370836,-18.67277692290745,75.3836214945937,122.0994363190961,1.461281682119731,80.62509226075595,121.76216447221758,4.116281618415946,-6.223856990160453
H,workload_decile:4,121,96,99,0.7933884297520661,0.7325485967509938,0.15708143788862308,173.84297520661158,32.77371366388087,162.90784008822652,189.22736749123487,-22.64720096704728,131.5766146750434,171.57936608586755,-50.981135429552964,129.61984960477756,177.8591682647598,-32.99047449807181,126.97618325951773,168.0918743749419,-15.85943305626319,-28.89141741402018
H,workload_decile:5,122,101,91,0.8278688524590164,0.7955040273188931,0.13246471266571533,199.1639344262295,38.26762970555534,144.91360604416468,174.55751174303398,-1.3548538452879098,129.4263125686157,158.27343781711332,-19.727493608987945,127.68926747997956,161.09897455406087,-6.85911168732554,126.83622445114838,153.61431322815716,6.7613788097699885,-0.5432550015394365
H,workload_decile:6,121,101,89,0.8347107438016529,0.8692538553329472,0.13474908733671578,282.2314049586777,13.628858007917573,169.38584159811435,196.50486288033932,4.565500443164511,148.15237345047186,180.99012112236713,1.0318943848065794,158.05216820181957,193.00790535114544,2.5321017726834625,153.36423330729045,185.5444170881136,-4.296996579989638,-8.964754143924676
H,workload_decile:7,122,111,91,0.9098360655737705,0.8878616612932346,0.08815238188855132,278.9344262295082,27.418334908771463,157.66020730308998,192.07911085630082,20.17743518196056,164.03832872956,195.47855366507815,8.13906282932018,155.7999436505363,186.83692285986666,18.156287815548765,153.36198700840126,184.52457915849584,25.119371034433595,25.69038976818533
H,workload_decile:8,121,114,77,0.9421487603305785,0.9576087038728465,0.052403584581853534,388.21487603305786,-9.42901390815657,161.60823357295618,193.84022241041043,-1.6847395295864245,165.3071614356107,196.97091821924295,1.2066006363468866,167.70801398740787,201.845311176895,0.7483923336618015,165.12854229714392,197.38840033657164,-6.482722251596688,-4.420691459431915
H,workload_decile:9,122,116,75,0.9508196721311475,0.9767841013573813,0.044208627487548856,461.55737704918033,-41.348088213704514,160.4637156189,188.89588624371495,-5.181036571580176,147.30144788207045,176.18869516687903,30.513464207185585,138.64068123661033,176.2899963069249,22.29743094641493,138.00355985514383,173.86406848026832,-16.173563841299448,11.550160339593527
H,workload_decile:10,121,120,52,0.9917355371900827,0.9848379209693038,0.00846618384606157,569.099173553719,-85.03786353952931,145.18404675577307,168.40490781523258,-9.331999889883887,113.02429995395178,143.80645028906375,17.743165548971835,109.62313130415461,146.87252477077897,7.35750496495272,110.31582909648328,146.24460458230817,-5.496308635062932,11.361103215448226
H,anchor:2014,133,93,133,0.6992481203007519,0.7828730407795851,0.11337644707855442,230.77443609022558,62.50990080023423,171.06332489291208,195.73170546769103,27.058945942428025,127.7551718420778,174.25815235167585,9.584542657102935,131.23735504733344,181.07244481870455,15.32390563308458,127.77345111714016,174.70329075241116,13.910279957157586,-3.4842493416058633
H,anchor:2015,136,95,136,0.6985294117647058,0.7286823700100856,0.11676795746365061,235.26470588235293,57.269573621437985,160.85950355043283,189.57765744306818,-0.02941971363573092,108.40567480739844,143.7865298864528,-20.935939494315733,105.1915953746603,152.17878795091693,-11.326942375717,107.45229754179144,148.15814740125217,-11.862496631919596,-26.050137067613587
H,anchor:2016,135,87,135,0.6444444444444445,0.7066190861377364,0.14066388622767206,234.73333333333332,61.4503958205778,166.24996486515155,192.32553339141433,-2.758905093955508,115.40779618909787,154.11125641348028,-2.1568326226809775,106.67936470375454,151.03415772341918,-2.873243913999918,109.19050224097292,151.6314060765697,-27.684791787153397,-24.052781654464155
H,anchor:2017,129,88,129,0.6821705426356589,0.709016211372429,0.12028409590799423,261.4108527131783,43.75544300987883,160.48294432740025,187.55371322561666,-12.29472623058267,108.82306707873866,151.69058055933212,-12.602090714922623,101.95216158182934,152.7764440631699,-10.480119739088101,101.5343194551436,147.11796438564372,-24.77728238320033,-20.204065785983037
H,anchor:2018,127,91,127,0.7165354330708661,0.6811235707069844,0.07648377954488271,267.8267716535433,49.52836048127946,166.596420164962,189.48187001396323,-17.466444176595708,117.57615485522209,158.7047787394253,-14.927088674878213,115.39537103169576,164.37199743974767,-11.401556677083624,114.85430920102097,160.11428485830473,-9.610468354312367,-1.9402761255576224
H,anchor:2020,108,79,108,0.7314814814814815,0.7188271700291803,0.12210930286542304,265.3796296296296,21.82279379721453,177.44935447482615,208.23196028930505,6.491196676830201,129.5511257413695,177.97865957001594,4.0945981579585995,123.81138315615179,179.3601813728142,-0.8738522575916398,123.13220111173416,168.1492101291754,10.560012890572965,5.082783143093144
H,anchor:2021,111,83,111,0.7477477477477478,0.7231324796773847,0.097347691269722,251.25225225225225,34.443465645253305,160.39820868055534,182.8776616188735,9.385206318695312,107.21934998485297,139.78010801909028,-1.491235918501445,97.27685820188192,134.44548935628148,14.117383603561684,99.16524854055085,133.60061594531086,21.49236221234906,30.32011862071215
H,anchor:2022,107,80,107,0.7476635514018691,0.757071382201049,0.10785146889593115,247.60747663551402,37.267146182302206,157.75077625683258,184.87161977357945,11.231635951813528,123.40832894167346,166.85709223399422,8.233074138080557,116.48217500113222,167.40316217196118,17.99605061742901,120.53103949618888,167.71603188757652,12.388376665074471,22.915354674422414
H,anchor:2023,116,80,116,0.6896551724137931,0.68022486599307,0.08532399812014002,240.20689655172413,40.4547559811928,158.19317738099903,177.60932529251835,-5.994128923783726,111.90763892282745,145.15196725254822,-16.472943611268445,109.8332928506808,150.4841879825729,-5.1473275107532315,107.85856224960028,143.23609378296769,2.8482904322224343,4.036811311555924
H,anchor:2024,113,76,113,0.672566371681416,0.6705730684849424,0.09200225780297135,246.56637168141592,47.37238332873957,174.33744411170846,197.0508892457452,-14.30452597800402,112.1913734657076,157.23382172965813,-17.1670587851749,109.78372245534443,160.87865967934945,-2.0858954194962624,107.09073712639355,151.43499172117612,-19.93989107453996,0.23520059606592175
SP,all,509,361,153,0.7092337917485265,0.6787405000365114,0.1288755692409241,68.45776031434184,19.55200658639669,57.40668003762793,66.13073903917622,-2.751376930975591,41.795009181881575,54.943985018974274,-1.2186453246176971,41.53518114203095,55.62900889476575,-2.368194029386117,41.60869717396652,54.77483995116468,-0.9405409458886245,-0.27538886277503966
SP,cohort:all,509,361,153,0.7092337917485265,0.6787405000365114,0.1288755692409241,68.45776031434184,19.55200658639669,57.40668003762793,66.13073903917622,-2.751376930975591,41.795009181881575,54.943985018974274,-1.2186453246176971,41.53518114203095,55.62900889476575,-2.368194029386117,41.60869717396652,54.77483995116468,-0.9405409458886245,-0.27538886277503966
SP,cohort:SP,509,361,153,0.7092337917485265,0.6787405000365114,0.1288755692409241,68.45776031434184,19.55200658639669,57.40668003762793,66.13073903917622,-2.751376930975591,41.795009181881575,54.943985018974274,-1.2186453246176971,41.53518114203095,55.62900889476575,-2.368194029386117,41.60869717396652,54.77483995116468,-0.9405409458886245,-0.27538886277503966
SP,cohort:established,332,218,108,0.6566265060240963,0.6353039438040068,0.11610358696369567,71.85240963855422,24.53505831449911,63.04662901411246,71.15903096600928,-4.933187783345298,41.37081640147147,55.94037282510405,-0.7097173017793339,40.528698392788165,56.13228088755472,-3.8773201629538048,41.05835729217783,55.671511514227284,-4.189288325555324,-2.343576001645699
SP,cohort:anchor_2016,42,29,42,0.6904761904761905,0.6809703376742611,0.12441284298805198,66.67460317460316,25.502825997774554,53.561872088781264,62.888138503017586,0.643378782279009,32.119994818471184,41.45574721992798,0.6616433240792992,37.60403982283314,46.6291950978224,0.6479449177290865,33.2787234628447,41.985276664552025,0.7844404911225331,1.1799782682671902
SP,cohort:next_role_SP,183,183,74,1.0,0.8647714932387689,0.03464696201736838,118.93078324225867,-19.007760506971767,49.56049798752788,58.12812891235302,-22.478214154054985,49.60407466846638,59.36936171586478,-18.177294000543437,48.642946157477766,58.73474060244723,-21.402984115677096,49.16435655686547,58.73218989897482,-11.13591990652783,-9.985080678266085
SP,cohort:established_SP,332,218,108,0.6566265060240963,0.6353039438040068,0.11610358696369567,71.85240963855422,24.53505831449911,63.04662901411246,71.15903096600928,-4.933187783345298,41.37081640147147,55.94037282510405,-0.7097173017793339,40.528698392788165,56.13228088755472,-3.8773201629538048,41.05835729217783,55.671511514227284,-4.189288325555324,-2.343576001645699
SP,cohort:stable_rotation,111,104,42,0.9369369369369369,0.9054118532633529,0.05354652579899351,133.3033033033033,-9.758299171092323,54.54415437002828,63.96579047822705,-10.508351442375242,55.386448304445956,65.95548933431728,0.5309956279622736,52.12802047132208,65.17007887907579,-7.748514674790862,54.34621235831119,65.2916014205902,-7.52978058600158,-4.366534024094176
SP,cohort:role_demonstrated_rotation,144,137,58,0.9513888888888888,0.900519461323008,0.060052986982108286,130.9189814814815,-11.314610205042204,55.7947072426704,64.97546721442892,-10.784189464751826,55.960124823174915,66.67729659801695,-2.756228883042886,55.64404243160414,68.00374755654171,-8.777199319324588,55.715777002678436,66.57551322681472,-6.470253241728724,-4.2684678081748935
SP,cohort:next_role_absent,47,0,45,0.0,0.6605383494722502,0.49122575904747817,0.0,73.09983555691284,73.09983555691284,77.86234626758531,51.33876349251673,51.33876349251673,62.57317663410035,50.968292567339034,50.968292567339034,64.40587615002075,51.2461457612223,51.2461457612223,62.88131741041524,,
SP,cohort:unstable_rotation,147,81,93,0.5510204081632653,0.521857932943001,0.12666647227663527,42.41950113378685,27.27827633147034,53.55070339650404,60.805182983384086,-0.36742686559295434,33.98383391191331,50.38092240718777,1.8054655585290738,34.5819946389282,51.98736510202276,0.17579624043755457,34.03319156870601,50.51674249443478,3.389666681423216,4.639459123893258
SP,cohort:role_other_rotation,266,172,135,0.6466165413533834,0.6173831715237844,0.14902362996628912,45.76817042606516,20.288525232924595,48.9182474084344,56.04895110466126,0.5058700849503175,36.14272744368804,48.910781570576475,-0.8183060165347423,35.75461636574106,49.259084603719806,0.17482605957905348,35.91053699552879,48.67511651432558,2.695895419560347,2.337868102651676
SP,cohort:interrupted,111,64,59,0.5765765765765766,0.5565403333685828,0.15982832800116742,50.009009009009006,51.233392992302235,79.70975234190496,86.36511537134669,-3.8255914967908984,37.0182454804084,51.134725363101914,-4.480663964244053,37.51818856729296,51.663525777438274,-3.9893596136541865,37.12512943793185,51.03126731370772,-2.4791415924678106,-2.678471757064477
SP,cohort:role_interrupted_rotation,99,52,56,0.5252525252525253,0.5210120046741871,0.1748459499714533,38.56902356902357,62.469974848929795,82.55867157135891,88.90018083646842,0.18091901475659208,36.37814342443956,51.25139426677745,-0.057819299737286396,36.54481957429934,51.61801503681691,0.12123443613312213,36.39951648841012,51.11563735273216,1.5999115478204209,1.6009883961939049
SP,cohort:swingmen,149,128,100,0.8590604026845637,0.7883959219210368,0.1258227878179233,64.14765100671141,13.910356737095489,52.12951144193803,60.03259866330773,0.09441812281325528,46.64141038512408,56.642557023631156,-1.9480818654852707,46.92790619713748,57.62293726980497,-0.41620687426137465,46.56053662345028,56.59453613479653,6.201139137435765,5.560805560723539
SP,cohort:young,177,143,99,0.807909604519774,0.76021471850652,0.15283205577222267,62.090395480225986,10.205265491876903,46.82779269190553,55.48344499482994,1.3410592440907496,42.59067021632311,53.02458201749703,-2.1732447798851373,43.42304708976318,54.67252550832925,0.4624832380967769,42.640973110428895,53.05208959086362,4.012094919617255,2.8775118104683446
SP,cohort:young_promotion_capacity,118,96,79,0.8135593220338984,0.7260458438533527,0.15658848575215642,52.16101694915255,8.363411138998908,41.376637412987215,50.16620273417739,-2.7510694272058234,37.32343573459032,46.93266893465909,-7.282174972222245,37.786841495417775,48.59201821434557,-3.8838458134599274,37.257108218720425,46.958691404159666,2.653408644935612,1.1788003037867252
SP,cohort:young_SP,177,143,99,0.807909604519774,0.76021471850652,0.15283205577222267,62.090395480225986,10.205265491876903,46.82779269190553,55.48344499482994,1.3410592440907496,42.59067021632311,53.02458201749703,-2.1732447798851373,43.42304708976318,54.67252550832925,0.4624832380967769,42.640973110428895,53.05208959086362,4.012094919617255,2.8775118104683446
SP,cohort:recent_debut_with_MiLB,233,175,120,0.7510729613733905,0.7157853319585294,0.14687663958706615,59.23891273247497,13.465897595120463,49.7627925019591,58.8470776263036,1.928966477355788,42.158316585823634,53.825533263151435,-0.15443796638549623,43.015663964302504,55.82365662497597,1.408115366420468,42.22532557374075,53.9715381716542,4.980165483713646,4.3658444726299335
SP,cohort:young_entry,140,112,92,0.8,0.7606364689987021,0.16637917533676516,59.01190476190477,9.559495125681972,46.04187924887095,53.47805978165018,1.7473468401645016,43.007964845768804,52.80469432428523,-3.194862300049315,43.62231990060741,54.12584386039762,0.5117945551110464,43.018776868329965,52.7630391883442,2.925571073223485,1.3422335933998022
SP,cohort:second_MLB_season,67,51,67,0.7611940298507462,0.7128480249290949,0.16087219607260947,60.04477611940298,13.79784417839572,49.6013981813012,58.243925189372305,2.734711341587904,46.05322631766072,58.302840544314314,0.019944237999908302,47.531954197250826,60.99981291606233,2.056019565690906,46.35473315327453,58.580561891133144,6.701864134131134,5.6732223517322
SP,cohort:next_role_RP,58,58,55,1.0,0.7895430000502561,0.06737466838852707,39.42528735632184,34.25277111975199,41.349016756477425,50.02716993968405,18.614932443020862,32.98503821360981,41.83538613238591,20.392916296291563,35.365433582975264,44.94723020405398,19.05942840633854,33.17755851020453,42.103742039110756,31.32804013041646,31.78191303879735
SP,cohort:observed_role_transition,44,37,43,0.8409090909090909,0.7831488803111596,0.1425210768511065,71.81060606060606,18.028674397937845,55.5386305052768,63.003087751852256,-1.721541933185015,50.23586025696193,60.77436602838357,2.4173232597886622,49.7632545762116,60.41791693119264,-0.6868256349415899,50.11770883677435,60.27575004014665,2.9220945497513773,4.054210248650849
SP,cohort:first_MLB_season,75,62,75,0.8266666666666667,0.8052997396076637,0.14671751710212616,53.61777777777779,14.273949005441452,45.42753995984278,52.42384383378232,4.64298149183484,44.001814212311345,51.5617727902609,2.441362961114825,44.221827531648046,52.578651922443555,4.0925768591548355,43.820849618190806,51.51369346369828,5.680514039690975,5.074713665678831
SP,cohort:anchor_2017,47,32,47,0.6808510638297872,0.6811824414995722,0.12902428453924672,71.72340425531915,17.111154760300593,56.40051576331513,66.1621578477695,-8.938836935375138,43.76675133468253,54.295054695976525,-6.699822945289153,41.78819945953389,53.074796033824846,-8.379083437853636,43.22351978031339,53.662679093856994,-12.961897444667201,-11.956407718923458
SP,cohort:anchor_2018,45,33,45,0.7333333333333333,0.6682617899117727,0.08991802496687666,74.7037037037037,18.93684556258532,53.539238333262006,61.264942156587516,-4.802982969703539,36.15987515313314,48.631016304521935,-2.5946952108547023,37.491383835632554,49.80089449507576,-4.2509110299913315,36.39665012194658,48.491665188286156,3.8723144811818084,4.827467681103759
SP,cohort:anchor_2021,57,45,57,0.7894736842105263,0.6529224133376413,0.09099666885230967,72.83625730994152,6.304086388218622,51.86872696771309,60.5791698781778,-15.23094533673402,39.783593728469064,53.14716654359194,-10.946529936757052,36.139423507858695,48.61803866985896,-14.159841486739777,38.67172060446316,51.68323478962974,-6.9315841289121645,-5.424711407054114
SP,cohort:anchor_2022,52,39,52,0.75,0.7542047100042849,0.12481629596017377,72.1025641025641,9.397002560047527,53.289636715734716,59.90820795854894,-1.476763450736328,44.613562369328605,54.235239076763705,0.5817447798663519,44.16702012412459,57.11682793566513,-0.9621363930856579,44.286115276043795,54.606067920245316,-2.61806527501489,-2.4892402662363726
SP,cohort:anchor_2023,55,38,55,0.6909090909090909,0.7284226656696395,0.1542616571256287,68.63636363636363,17.703089590246275,55.40067869523902,63.3102286011874,1.3166207114320927,44.35335487438296,58.871647021552164,3.1687359201416165,42.17812593577162,58.61944300777293,1.779649513609472,43.632796369588114,58.51182890549695,-3.939452794607849,-2.7853561967687424
SP,cohort:anchor_2024,65,46,65,0.7076923076923077,0.6884309540371615,0.1573708694422841,62.95897435897435,25.083897007250442,53.28319626997343,61.34930643494327,4.046727280088766,40.09783991042478,54.54406801962697,6.097304255112261,40.68655989627344,55.47851235252706,4.559371523844643,40.05329652770877,54.580312914066276,4.531213978132229,5.395062083345106
SP,cohort:anchor_2014,48,31,48,0.6458333333333334,0.6789741251505995,0.14977904509179574,65.67361111111111,32.33062436362425,65.81030472051731,74.5681463735156,7.321371418821581,42.55042426897919,55.19264067351834,9.43890896627766,41.50012813292887,56.45048066569733,7.850755805685601,42.2588409583082,55.013110650857556,5.309685151009829,6.468514342662678
SP,cohort:returning_after_missed_season,110,25,64,0.22727272727272727,0.23178006286437225,0.1523979484813415,13.139393939393937,65.70475934670871,69.41873542124891,77.30426932875534,-3.681117047585319,15.475388404793215,29.42178996483405,-4.9650181219059855,14.638579726378866,29.412413713432066,-4.002092316165486,15.261359799011224,29.371732943963497,-15.608956337750628,-16.091878395600972
SP,cohort:anchor_2015,49,32,49,0.6530612244897959,0.6937800937241113,0.1110081069314364,55.612244897959194,43.029328364672054,71.27406372960854,82.09460521388748,14.88844744136677,50.820923792075874,68.09475139123438,14.400797123866125,49.92208137242948,69.13413500325272,14.76653486199161,50.59621318716426,68.1191605035345,23.443073617554475,23.377179875742748
SP,cohort:anchor_2020,49,36,49,0.7346938775510204,0.5501702313332942,0.14780257687883339,74.82312925170068,2.2869997349033664,61.65232987859758,68.09515968316475,-25.768750582771794,42.33425240533971,54.96652556064251,-27.592591647417123,43.9109436280803,57.00685276001082,-26.224710848933125,42.72842521102486,55.33972256729046,-17.632753224261123,-18.33518813929808
SP,workload_decile:1,51,11,30,0.21568627450980393,0.2534315022055038,0.15463729948442198,12.248366013071895,75.75974372473668,75.75974372473668,85.1745232981535,-1.9643451835851329,15.662006588900985,24.13999563384719,-2.9333191353676398,14.825588875011038,24.1578341630337,-2.20658867153076,15.4529021604285,24.078782743275543,-18.03706945805439,-17.718062159014973
SP,workload_decile:2,51,10,36,0.19607843137254902,0.19295942249774437,0.1404789306631162,13.287581699346404,58.82116639236981,66.82729797868942,71.79658837202662,-5.4045190441986755,15.3045536042182,34.17159690297717,-7.213533542648582,14.180127561001713,34.06892212897383,-5.856772668811152,15.013037133029282,34.10935633788428,-22.52678426841258,-24.288094474493796
SP,workload_decile:3,51,32,48,0.6274509803921569,0.5140256877257302,0.20785473507919455,36.111111111111114,16.746907213426624,45.161360551476584,53.00188926595416,-13.229174798642594,31.271328787432022,44.963448864854314,-17.51414004134413,30.449048633010165,47.1151985167561,-14.30041610931798,31.026360682631577,45.35017462737154,-12.188583441347555,-14.151306446333027
SP,workload_decile:4,51,35,43,0.6862745098039216,0.7001137926386243,0.20427866718851814,39.19607843137255,22.574274364063193,53.34972755801301,60.220897103612764,7.3683983647452465,43.50909112863406,51.185506808379046,4.420874001019048,43.23638576319304,51.42288573243069,6.631517273813695,43.41935708751978,51.02620413552429,9.125935508527718,8.55506356285889
SP,workload_decile:5,51,45,40,0.8823529411764706,0.7226375503011239,0.16115795164208982,70.23529411764706,0.9712070264317302,51.02344315783665,60.5800560774917,-17.3551963415339,44.94608262227207,60.43985556481573,-15.868852336996863,47.78434940226733,61.02950568609304,-16.98361034039964,45.26262396462882,60.179258292163325,-7.799895005809996,-7.5036613139565045
SP,workload_decile:6,51,45,40,0.8823529411764706,0.8200313198377316,0.09538954355690474,79.83660130718955,1.503920349479399,52.55117953151725,59.7500880511177,-4.447449848041634,45.069384917372865,53.92232990094113,-6.19808400793569,45.35256291434136,54.45014043684685,-4.885108388015149,45.09236711608407,53.68967683660123,1.751537956517331,1.0652531813301982
SP,workload_decile:7,51,40,42,0.7843137254901961,0.8398949580216343,0.15107616395633275,74.19607843137254,18.047534642144715,59.64209687077723,67.68041460195367,7.0830777347748075,54.01359179166275,63.01246438232904,5.998092774078535,51.88030610824202,61.26387428277583,6.811831494600738,53.24810955614123,62.11488864043034,1.071554393749975,0.8823508083924881
SP,workload_decile:8,51,46,42,0.9019607843137255,0.8886594264408404,0.08933091918658559,90.03921568627452,15.204540157844018,58.16225819351387,66.7331369933738,11.1799924693089,56.077750658516266,65.6596299636979,19.681352769196636,59.67223803522471,69.46667283148572,13.305332544280837,56.81511456785623,66.19279183277223,11.949392987947583,14.483449710232954
SP,workload_decile:9,51,50,38,0.9803921568627451,0.9215068190351331,0.02957599230627233,125.921568627451,-4.753977525902152,58.66562681909784,69.02167066413693,-5.718508965729535,60.60513210949683,70.52418065157399,2.4400532258685614,61.06240185718567,72.51466477809277,-3.678868417830013,60.483116284511325,70.53172632813238,1.2074808762897795,3.603813056122986
SP,workload_decile:10,50,47,26,0.94,0.9392526020935393,0.05349748774790268,145.00666666666666,-9.933395621967623,52.83441370968064,61.960544361321155,-5.071537032170948,51.68509281887828,63.24181552546249,5.125498015404567,47.01627469340845,61.84711815868848,-2.522278270277068,50.44728890709168,62.436345131113576,-4.807765472560098,-2.1322590474355647
SP,anchor:2014,48,31,48,0.6458333333333334,0.6789741251505995,0.14977904509179574,65.67361111111111,32.33062436362425,65.81030472051731,74.5681463735156,7.321371418821581,42.55042426897919,55.19264067351834,9.43890896627766,41.50012813292887,56.45048066569733,7.850755805685601,42.2588409583082,55.013110650857556,5.309685151009829,6.468514342662678
SP,anchor:2015,49,32,49,0.6530612244897959,0.6937800937241113,0.1110081069314364,55.612244897959194,43.029328364672054,71.27406372960854,82.09460521388748,14.88844744136677,50.820923792075874,68.09475139123438,14.400797123866125,49.92208137242948,69.13413500325272,14.76653486199161,50.59621318716426,68.1191605035345,23.443073617554475,23.377179875742748
SP,anchor:2016,42,29,42,0.6904761904761905,0.6809703376742611,0.12441284298805198,66.67460317460316,25.502825997774554,53.561872088781264,62.888138503017586,0.643378782279009,32.119994818471184,41.45574721992798,0.6616433240792992,37.60403982283314,46.6291950978224,0.6479449177290865,33.2787234628447,41.985276664552025,0.7844404911225331,1.1799782682671902
SP,anchor:2017,47,32,47,0.6808510638297872,0.6811824414995722,0.12902428453924672,71.72340425531915,17.111154760300593,56.40051576331513,66.1621578477695,-8.938836935375138,43.76675133468253,54.295054695976525,-6.699822945289153,41.78819945953389,53.074796033824846,-8.379083437853636,43.22351978031339,53.662679093856994,-12.961897444667201,-11.956407718923458
SP,anchor:2018,45,33,45,0.7333333333333333,0.6682617899117727,0.08991802496687666,74.7037037037037,18.93684556258532,53.539238333262006,61.264942156587516,-4.802982969703539,36.15987515313314,48.631016304521935,-2.5946952108547023,37.491383835632554,49.80089449507576,-4.2509110299913315,36.39665012194658,48.491665188286156,3.8723144811818084,4.827467681103759
SP,anchor:2020,49,36,49,0.7346938775510204,0.5501702313332942,0.14780257687883339,74.82312925170068,2.2869997349033664,61.65232987859758,68.09515968316475,-25.768750582771794,42.33425240533971,54.96652556064251,-27.592591647417123,43.9109436280803,57.00685276001082,-26.224710848933125,42.72842521102486,55.33972256729046,-17.632753224261123,-18.33518813929808
SP,anchor:2021,57,45,57,0.7894736842105263,0.6529224133376413,0.09099666885230967,72.83625730994152,6.304086388218622,51.86872696771309,60.5791698781778,-15.23094533673402,39.783593728469064,53.14716654359194,-10.946529936757052,36.139423507858695,48.61803866985896,-14.159841486739777,38.67172060446316,51.68323478962974,-6.9315841289121645,-5.424711407054114
SP,anchor:2022,52,39,52,0.75,0.7542047100042849,0.12481629596017377,72.1025641025641,9.397002560047527,53.289636715734716,59.90820795854894,-1.476763450736328,44.613562369328605,54.235239076763705,0.5817447798663519,44.16702012412459,57.11682793566513,-0.9621363930856579,44.286115276043795,54.606067920245316,-2.61806527501489,-2.4892402662363726
SP,anchor:2023,55,38,55,0.6909090909090909,0.7284226656696395,0.1542616571256287,68.63636363636363,17.703089590246275,55.40067869523902,63.3102286011874,1.3166207114320927,44.35335487438296,58.871647021552164,3.1687359201416165,42.17812593577162,58.61944300777293,1.779649513609472,43.632796369588114,58.51182890549695,-3.939452794607849,-2.7853561967687424
SP,anchor:2024,65,46,65,0.7076923076923077,0.6884309540371615,0.1573708694422841,62.95897435897435,25.083897007250442,53.28319626997343,61.34930643494327,4.046727280088766,40.09783991042478,54.54406801962697,6.097304255112261,40.68655989627344,55.47851235252706,4.559371523844643,40.05329652770877,54.580312914066276,4.531213978132229,5.395062083345106
RP,all,1685,799,453,0.47418397626112757,0.448028819772363,0.1418053773520106,18.25835806132542,6.32117301576461,20.199567975191695,24.736418504183607,-1.8594810610433212,13.104466628902223,21.26816623588705,-1.8594810610433212,13.104466628902223,21.26816623588705,-1.8594810610433212,13.104466628902223,21.26816623588705,-1.8372119810525567,-1.8372119810525567
RP,cohort:all,1685,799,453,0.47418397626112757,0.448028819772363,0.1418053773520106,18.25835806132542,6.32117301576461,20.199567975191695,24.736418504183607,-1.8594810610433212,13.104466628902223,21.26816623588705,-1.8594810610433212,13.104466628902223,21.26816623588705,-1.8594810610433212,13.104466628902223,21.26816623588705,-1.8372119810525567,-1.8372119810525567
RP,cohort:RP,1685,799,453,0.47418397626112757,0.448028819772363,0.1418053773520106,18.25835806132542,6.32117301576461,20.199567975191695,24.736418504183607,-1.8594810610433212,13.104466628902223,21.26816623588705,-1.8594810610433212,13.104466628902223,21.26816623588705,-1.8594810610433212,13.104466628902223,21.26816623588705,-1.8372119810525567,-1.8372119810525567
RP,cohort:established,1389,591,415,0.42548596112311016,0.41128259335467476,0.12970689661700252,16.946244300455962,7.683218987281247,20.261165396106467,24.491515874319322,-1.3880808716614845,12.108192018661246,20.29935641320183,-1.3880808716614845,12.108192018661246,20.29935641320183,-1.3880808716614845,12.108192018661246,20.29935641320183,-1.4413246699627358,-1.4413246699627358
RP,cohort:anchor_2016,148,61,148,0.41216216216216217,0.4379460090250463,0.11681095687264938,20.279279279279276,4.7435355673867905,20.249896046942105,27.461066933263623,-3.1489250019342223,13.017898396152095,24.69316383014127,-3.1489250019342223,13.017898396152095,24.69316383014127,-3.1489250019342223,13.017898396152095,24.69316383014127,-9.794839287770891,-9.794839287770891
RP,cohort:next_role_RP,504,503,207,0.998015873015873,0.7307244603781226,0.12571027414220384,37.9781746031746,-6.580654518157711,18.96263262622189,22.97916026656891,-7.668619553504641,18.89539392234193,24.13655490472366,-7.668619553504641,18.89539392234193,24.13655490472366,-7.668619553504641,18.89539392234193,24.13655490472366,0.3371144994869571,0.3371144994869571
RP,cohort:relief_swing,1388,593,418,0.4272334293948127,0.4103007500946541,0.12915244433691958,16.96229586935639,7.62647822928804,20.185921148837938,24.321712021427945,-1.6302525893450108,12.0179832404556,20.11822309833838,-1.6302525893450108,12.0179832404556,20.11822309833838,-1.6302525893450108,12.0179832404556,20.11822309833838,-1.730858768751063,-1.730858768751063
RP,cohort:role_other_hitter,1685,799,453,0.47418397626112757,0.448028819772363,0.1418053773520106,18.25835806132542,6.32117301576461,20.199567975191695,24.736418504183607,-1.8594810610433212,13.104466628902223,21.26816623588705,-1.8594810610433212,13.104466628902223,21.26816623588705,-1.8594810610433212,13.104466628902223,21.26816623588705,-1.8372119810525567,-1.8372119810525567
RP,cohort:next_role_absent,256,0,240,0.0,0.4343585542588438,0.24175610891189658,0.0,20.770861893856814,20.770861893856814,22.98316605675505,13.20723250843481,13.20723250843481,18.365949126138958,13.20723250843481,13.20723250843481,18.365949126138958,13.20723250843481,13.20723250843481,18.365949126138958,,
RP,cohort:swingmen,160,127,112,0.79375,0.6974934708221134,0.16511619376145636,41.71666666666666,-6.746083432304019,30.06252249133155,39.400442290486076,-5.851633945514824,29.175691532531594,38.50343436220649,-5.851633945514824,29.175691532531594,38.50343436220649,-5.851633945514824,29.175691532531594,38.50343436220649,-2.670413546183793,-2.670413546183793
RP,cohort:next_role_SP,36,36,34,1.0,0.7939625123828127,0.07527294731362959,92.35185185185186,-54.739992500180335,58.76616202062046,71.07395015929964,-44.824745785675255,53.64178324242674,65.04522344622536,-44.824745785675255,53.64178324242674,65.04522344622536,-44.824745785675255,53.64178324242674,65.04522344622536,-35.35167192135859,-35.35167192135859
RP,cohort:interrupted,34,20,26,0.5882352941176471,0.6592941938698055,0.16111165296209232,30.90196078431373,0.5508033511012124,25.095895246973868,30.810700721310972,6.776256052247917,23.33878385029547,30.547091377786735,6.776256052247917,23.33878385029547,30.547091377786735,6.776256052247917,23.33878385029547,30.547091377786735,5.446619914771391,5.446619914771391
RP,cohort:young,296,208,181,0.7027027027027027,0.6204629700905004,0.19857831566595074,24.41554054054054,-0.07031973571042055,19.910517915561204,25.854675252562615,-4.071558301081738,17.779552553310065,25.324087295145013,-4.071558301081738,17.779552553310065,25.324087295145013,-4.071558301081738,17.779552553310065,25.324087295145013,-2.9620648697741143,-2.9620648697741143
RP,cohort:young_promotion_capacity,238,170,150,0.7142857142857143,0.6430475858760194,0.19603722328727033,25.436974789915965,-1.1407409229732992,20.551269372981263,26.68959546244547,-3.939226771855625,19.275073575787253,26.510245406123897,-3.939226771855625,19.275073575787253,26.510245406123897,-3.939226771855625,19.275073575787253,26.510245406123897,-2.546346431425965,-2.546346431425965
RP,cohort:observed_role_transition,63,38,58,0.6031746031746031,0.7057282284088396,0.1879925581444135,32.07936507936508,1.3944245917070455,28.527431234874378,36.15763151988368,8.79552174110848,28.15401610185759,34.38581026703551,8.79552174110848,28.15401610185759,34.38581026703551,8.79552174110848,28.15401610185759,34.38581026703551,8.871263664845728,8.871263664845728
RP,cohort:recent_debut_with_MiLB,707,380,288,0.5374823196605375,0.5094902372015293,0.16350023754956333,19.533710513908535,4.356072515137725,20.37892975247894,25.27376029436734,-1.663145256991629,15.2135066408456,23.03423187310671,-1.663145256991629,15.2135066408456,23.03423187310671,-1.663145256991629,15.2135066408456,23.03423187310671,-1.237082576951158,-1.237082576951158
RP,cohort:young_entry,263,186,173,0.7072243346007605,0.6198293444618942,0.20608620493453372,23.4638783269962,0.1783172447685387,19.638604734653374,25.99310755433746,-4.185656652561028,17.51538738037199,25.324878369218297,-4.185656652561028,17.51538738037199,25.324878369218297,-4.185656652561028,17.51538738037199,25.324878369218297,-2.959492049930324,-2.959492049930324
RP,cohort:second_MLB_season,260,122,260,0.46923076923076923,0.47077838111319265,0.16202853506992007,14.51923076923077,7.443349984769186,17.258853660750432,20.656680900381332,1.3930470348746562,12.282893707999305,19.278487715166523,1.3930470348746562,12.282893707999305,19.278487715166523,1.3930470348746562,12.282893707999305,19.278487715166523,3.488709171765058,3.488709171765058
RP,cohort:first_MLB_season,271,170,271,0.6273062730627307,0.5668258257129749,0.18783404719298333,22.321033210332104,-0.6407936427285836,19.702668040467902,27.28226772476879,-5.946548912029631,16.69973896088556,26.666369819501913,-5.946548912029631,16.69973896088556,26.666369819501913,-5.946548912029631,16.69973896088556,26.666369819501913,-8.067934091097353,-8.067934091097353
RP,cohort:anchor_2017,149,73,149,0.4899328859060403,0.46243761902171904,0.1142827350002661,21.574944071588366,3.850744960967543,20.0961034637841,24.254237439685536,-4.071415562268424,13.472376349312933,21.240557163986157,-4.071415562268424,13.472376349312933,21.240557163986157,-4.071415562268424,13.472376349312933,21.240557163986157,-6.2965933060310135,-6.2965933060310135
RP,cohort:anchor_2018,157,82,157,0.5222929936305732,0.5183700603767708,0.13246515873506884,22.025477707006374,5.268679552151201,20.84166206840258,25.524723611596908,-1.1314771587618773,14.93414320642198,22.75353580018809,-1.1314771587618773,14.93414320642198,22.75353580018809,-1.1314771587618773,14.93414320642198,22.75353580018809,-2.005848151256303,-2.005848151256303
RP,cohort:anchor_2021,183,95,183,0.5191256830601093,0.4819884101286222,0.16490375988790326,17.872495446265937,5.42318729217606,18.633488273733267,22.561446495584242,-2.3894170841670013,12.792289492065358,19.887445340584524,-2.3894170841670013,12.792289492065358,19.887445340584524,-2.3894170841670013,12.792289492065358,19.887445340584524,-1.968595761173748,-1.968595761173748
RP,cohort:anchor_2022,199,87,199,0.4371859296482412,0.4678108988235903,0.11840896315679994,17.10887772194305,5.9249010329983065,19.94209168959565,23.18495506553794,0.30572961044168906,12.212493100896024,18.166072118645808,0.30572961044168906,12.212493100896024,18.166072118645808,0.30572961044168906,12.212493100896024,18.166072118645808,1.2052336448411973,1.2052336448411973
RP,cohort:anchor_2023,217,88,217,0.4055299539170507,0.41708877241146264,0.12244399495099306,16.474654377880185,7.039051585081353,19.81550942710617,24.326279430704144,0.03917328810092714,12.546412000939926,20.207025217210447,0.03917328810092714,12.546412000939926,20.207025217210447,0.03917328810092714,12.546412000939926,20.207025217210447,-0.19156488010783657,-0.19156488010783657
RP,cohort:anchor_2024,196,92,196,0.46938775510204084,0.4490141780572199,0.1256923195238495,15.829931972789117,9.499650630070834,20.425044512252533,24.93904765575847,1.2503551611613624,12.526667159627952,20.175627259042212,1.2503551611613624,12.526667159627952,20.175627259042212,1.2503551611613624,12.526667159627952,20.175627259042212,4.612193367835248,4.612193367835248
RP,cohort:anchor_2014,131,59,131,0.45038167938931295,0.45960204265685434,0.15513627328519897,17.964376590330787,8.219651642038663,21.666990798885767,28.011382400364667,-1.4978940684124487,13.706928873125952,23.74830304459815,-1.4978940684124487,13.706928873125952,23.74830304459815,-1.4978940684124487,13.706928873125952,23.74830304459815,-4.426609496772529,-4.426609496772529
RP,cohort:returning_after_missed_season,615,63,336,0.1024390243902439,0.15322490087687712,0.08424978109949459,1.497018970189702,17.39573502245414,18.259017605244004,20.152069659999977,1.493244857038186,3.4633352577449865,6.516576277301602,1.493244857038186,3.4633352577449865,6.516576277301602,1.493244857038186,3.4633352577449865,6.516576277301602,4.994027402694273,4.994027402694273
RP,cohort:anchor_2015,137,57,137,0.41605839416058393,0.45002076867982066,0.154321206670435,14.532846715328468,9.797061369251052,20.57048938469829,24.195991540513848,0.46672622361257543,11.91040172812523,19.980252376497486,0.46672622361257543,11.91040172812523,19.980252376497486,0.46672622361257543,11.91040172812523,19.980252376497486,-0.3162847504051644,-0.3162847504051644
RP,cohort:anchor_2020,168,105,168,0.625,0.3461383567751028,0.22272149649762027,20.202380952380953,3.3828185031686995,20.44413899787843,23.91151685350214,-9.68908515310641,14.440040219427932,22.94182540887178,-9.68908515310641,14.440040219427932,22.94182540887178,-9.68908515310641,14.440040219427932,22.94182540887178,-2.784961292019479,-2.784961292019479
RP,workload_decile:1,169,14,113,0.08284023668639054,0.1611070494098051,0.08492959947166659,1.1222879684418146,18.724998212847538,19.506428711714697,21.518012529852072,2.17199566681866,3.895650137572456,7.348488342971694,2.17199566681866,3.895650137572456,7.348488342971694,2.17199566681866,3.895650137572456,7.348488342971694,5.99128830128925,5.99128830128925
RP,workload_decile:2,168,22,136,0.13095238095238096,0.15274055827225694,0.09191619617096759,2.017857142857143,18.201598116537888,18.959018320358393,21.062008143746674,1.1096640659092571,3.5069192076088003,6.6476180449532745,1.1096640659092571,3.5069192076088003,6.6476180449532745,1.1096640659092571,3.5069192076088003,6.6476180449532745,5.52646756166092,5.52646756166092
RP,workload_decile:3,169,14,116,0.08284023668639054,0.15204975072080978,0.07948770881905684,1.1794871794871793,16.189658575329563,17.275689762624264,18.77344425691269,1.4511308632751494,3.258984377112899,6.257852642056267,1.4511308632751494,3.258984377112899,6.257852642056267,1.4511308632751494,3.258984377112899,6.257852642056267,0.5427000221024799,0.5427000221024799
RP,workload_decile:4,168,28,123,0.16666666666666666,0.18677905839704417,0.119981359623411,2.142857142857143,13.529637581712455,15.018458311321226,16.904258237412343,0.8150559765411933,3.436332994580658,6.968460053837883,0.8150559765411933,3.436332994580658,6.968460053837883,0.8150559765411933,3.436332994580658,6.968460053837883,3.504349206609375,3.504349206609375
RP,workload_decile:5,169,68,146,0.40236686390532544,0.3522960077760939,0.2237524222326774,10.617357001972387,5.185972454151134,17.10997419879711,25.253967677352282,-3.441852625267226,12.185917775011958,24.164645434687305,-3.441852625267226,12.185917775011958,24.164645434687305,-3.441852625267226,12.185917775011958,24.164645434687305,-7.918080464543923,-7.918080464543923
RP,workload_decile:6,168,101,136,0.6011904761904762,0.5276711372527183,0.25799075323126763,17.273809523809526,2.550581953125966,18.811905247871923,22.12819820113923,-3.7806181717998704,17.233395978489522,22.793772461503742,-3.7806181717998704,17.233395978489522,22.793772461503742,-3.7806181717998704,17.233395978489522,22.793772461503742,-4.109910303338454,-4.109910303338454
RP,workload_decile:7,169,117,130,0.6923076923076923,0.565551125251998,0.22833590799919026,23.698224852071007,0.21276260360567437,22.95702934766073,26.881794457472402,-6.159450869555506,20.40411012191456,26.61034006235649,-6.159450869555506,20.40411012191456,26.61034006235649,-6.159450869555506,20.40411012191456,26.61034006235649,-3.258436369461993,-3.258436369461993
RP,workload_decile:8,168,128,125,0.7619047619047619,0.629878315925211,0.19167301782815885,29.69246031746032,-0.2598812832064437,23.46525797777353,27.639562058195345,-5.267716007453389,21.74633606024318,27.023355263703344,-5.267716007453389,21.74633606024318,27.023355263703344,-5.267716007453389,21.74633606024318,27.023355263703344,-0.4570871581732776,-0.4570871581732776
RP,workload_decile:9,169,148,115,0.8757396449704142,0.8310063146727051,0.09207228041420085,39.6646942800789,-2.0037680660509563,22.232978512445193,26.49215367849574,-2.710886210130796,21.293054527499578,25.851228229181768,-2.710886210130796,21.293054527499578,25.851228229181768,-2.710886210130796,21.293054527499578,25.851228229181768,-0.9138695010484967,-0.9138695010484967
RP,workload_decile:10,168,159,96,0.9464285714285714,0.9222692005868341,0.04791720015702862,55.26388888888889,-9.159733316008277,26.670342571723175,35.48698599646934,-2.7857543828799542,24.110659253068384,33.59364251008363,-2.7857543828799542,24.110659253068384,33.59364251008363,-2.7857543828799542,24.110659253068384,33.59364251008363,-1.576006060852193,-1.576006060852193
RP,anchor:2014,131,59,131,0.45038167938931295,0.45960204265685434,0.15513627328519897,17.964376590330787,8.219651642038663,21.666990798885767,28.011382400364667,-1.4978940684124487,13.706928873125952,23.74830304459815,-1.4978940684124487,13.706928873125952,23.74830304459815,-1.4978940684124487,13.706928873125952,23.74830304459815,-4.426609496772529,-4.426609496772529
RP,anchor:2015,137,57,137,0.41605839416058393,0.45002076867982066,0.154321206670435,14.532846715328468,9.797061369251052,20.57048938469829,24.195991540513848,0.46672622361257543,11.91040172812523,19.980252376497486,0.46672622361257543,11.91040172812523,19.980252376497486,0.46672622361257543,11.91040172812523,19.980252376497486,-0.3162847504051644,-0.3162847504051644
RP,anchor:2016,148,61,148,0.41216216216216217,0.4379460090250463,0.11681095687264938,20.279279279279276,4.7435355673867905,20.249896046942105,27.461066933263623,-3.1489250019342223,13.017898396152095,24.69316383014127,-3.1489250019342223,13.017898396152095,24.69316383014127,-3.1489250019342223,13.017898396152095,24.69316383014127,-9.794839287770891,-9.794839287770891
RP,anchor:2017,149,73,149,0.4899328859060403,0.46243761902171904,0.1142827350002661,21.574944071588366,3.850744960967543,20.0961034637841,24.254237439685536,-4.071415562268424,13.472376349312933,21.240557163986157,-4.071415562268424,13.472376349312933,21.240557163986157,-4.071415562268424,13.472376349312933,21.240557163986157,-6.2965933060310135,-6.2965933060310135
RP,anchor:2018,157,82,157,0.5222929936305732,0.5183700603767708,0.13246515873506884,22.025477707006374,5.268679552151201,20.84166206840258,25.524723611596908,-1.1314771587618773,14.93414320642198,22.75353580018809,-1.1314771587618773,14.93414320642198,22.75353580018809,-1.1314771587618773,14.93414320642198,22.75353580018809,-2.005848151256303,-2.005848151256303
RP,anchor:2020,168,105,168,0.625,0.3461383567751028,0.22272149649762027,20.202380952380953,3.3828185031686995,20.44413899787843,23.91151685350214,-9.68908515310641,14.440040219427932,22.94182540887178,-9.68908515310641,14.440040219427932,22.94182540887178,-9.68908515310641,14.440040219427932,22.94182540887178,-2.784961292019479,-2.784961292019479
RP,anchor:2021,183,95,183,0.5191256830601093,0.4819884101286222,0.16490375988790326,17.872495446265937,5.42318729217606,18.633488273733267,22.561446495584242,-2.3894170841670013,12.792289492065358,19.887445340584524,-2.3894170841670013,12.792289492065358,19.887445340584524,-2.3894170841670013,12.792289492065358,19.887445340584524,-1.968595761173748,-1.968595761173748
RP,anchor:2022,199,87,199,0.4371859296482412,0.4678108988235903,0.11840896315679994,17.10887772194305,5.9249010329983065,19.94209168959565,23.18495506553794,0.30572961044168906,12.212493100896024,18.166072118645808,0.30572961044168906,12.212493100896024,18.166072118645808,0.30572961044168906,12.212493100896024,18.166072118645808,1.2052336448411973,1.2052336448411973
RP,anchor:2023,217,88,217,0.4055299539170507,0.41708877241146264,0.12244399495099306,16.474654377880185,7.039051585081353,19.81550942710617,24.326279430704144,0.03917328810092714,12.546412000939926,20.207025217210447,0.03917328810092714,12.546412000939926,20.207025217210447,0.03917328810092714,12.546412000939926,20.207025217210447,-0.19156488010783657,-0.19156488010783657
RP,anchor:2024,196,92,196,0.46938775510204084,0.4490141780572199,0.1256923195238495,15.829931972789117,9.499650630070834,20.425044512252533,24.93904765575847,1.2503551611613624,12.526667159627952,20.175627259042212,1.2503551611613624,12.526667159627952,20.175627259042212,1.2503551611613624,12.526667159627952,20.175627259042212,4.612193367835248,4.612193367835248
