role,group,n,component,mean,sum
H,all,841,absolute_change,-75.03774142870682,-63106.740541542444
H,all,841,participation_probability,0.6388584638793542,537.2799681225368
H,all,841,bridge_conditional_model_minus_production,-30.251057036227188,-25441.138967467065
H,all,841,bridge_participation_discount,-44.85875192225966,-37726.21036662037
H,all,841,bridge_replace_or_blend_incumbent,0.07206752978002666,60.608792545002906
H,latest_positive,651,absolute_change,-52.01776259725575,-33863.56345081349
H,latest_positive,651,participation_probability,0.777741512004626,506.3097243150116
H,latest_positive,651,bridge_conditional_model_minus_production,-18.700725754508895,-12174.172466185291
H,latest_positive,651,bridge_participation_discount,-35.23763912326315,-22939.703069244315
H,latest_positive,651,bridge_replace_or_blend_incumbent,1.9206022805163239,1250.3120846161273
H,latest_zero_or_missing,190,absolute_change,-153.9114583722576,-29243.177090728954
H,latest_zero_or_missing,190,participation_probability,0.1630012831975016,30.9702438075253
H,latest_zero_or_missing,190,bridge_conditional_model_minus_production,-69.82613948043038,-13266.966501281773
H,latest_zero_or_missing,190,bridge_participation_discount,-77.82372261776871,-14786.507297376054
H,latest_zero_or_missing,190,bridge_replace_or_blend_incumbent,-6.26159627405855,-1189.7032920711245
H,latest_high,85,absolute_change,33.67602546006498,2862.462164105523
H,latest_high,85,participation_probability,0.9905176899688938,84.19400364735596
H,latest_high,85,bridge_conditional_model_minus_production,13.718825671008437,1166.1001820357174
H,latest_high,85,bridge_participation_discount,-5.333495222145566,-453.34709388237314
H,latest_high,85,bridge_replace_or_blend_incumbent,25.290695011202164,2149.7090759521834
SP,all,273,absolute_change,-20.97860291640419,-5727.158596178344
SP,all,273,participation_probability,0.7399577316768274,202.00846074777388
SP,all,273,bridge_conditional_model_minus_production,-6.055030646879978,-1653.0233665982341
SP,all,273,bridge_participation_discount,-15.69873448786858,-4285.754515188122
SP,all,273,bridge_replace_or_blend_incumbent,0.7751622183443679,211.61928560801246
SP,latest_positive,233,absolute_change,-14.229548673071953,-3315.484840825765
SP,latest_positive,233,participation_probability,0.8138522176231119,189.62756670618506
SP,latest_positive,233,bridge_conditional_model_minus_production,-1.2487522867334007,-290.95928280888234
SP,latest_positive,233,bridge_participation_discount,-13.88727018660383,-3235.733953478692
SP,latest_positive,233,bridge_replace_or_blend_incumbent,0.9064738002652779,211.20839546180974
SP,latest_zero_or_missing,40,absolute_change,-60.29184388381448,-2411.673755352579
SP,latest_zero_or_missing,40,participation_probability,0.3095223510397208,12.38089404158883
SP,latest_zero_or_missing,40,bridge_conditional_model_minus_production,-34.0516020947338,-1362.0640837893518
SP,latest_zero_or_missing,40,bridge_participation_discount,-26.250514042735745,-1050.0205617094298
SP,latest_zero_or_missing,40,bridge_replace_or_blend_incumbent,0.010272253655068297,0.4108901462027328
SP,latest_high,65,absolute_change,-6.916651404438718,-449.5823412885166
SP,latest_high,65,participation_probability,0.9524101060512552,61.906656893331586
SP,latest_high,65,bridge_conditional_model_minus_production,-2.4618782105094703,-160.02208368311557
SP,latest_high,65,bridge_participation_discount,-6.01468980201516,-390.95483713098537
SP,latest_high,65,bridge_replace_or_blend_incumbent,1.5599166080859113,101.39457952558423
RP,all,786,absolute_change,-9.817370842891178,-7716.453482512466
RP,all,786,participation_probability,0.5024267517746899,394.9074268949063
RP,all,786,bridge_conditional_model_minus_production,3.236425255265091,2543.8302506383616
RP,all,786,bridge_participation_discount,-13.053796098156269,-10260.283733150827
RP,all,786,bridge_replace_or_blend_incumbent,0.0,0.0
RP,latest_positive,567,absolute_change,-6.10606358411886,-3462.1380521953934
RP,latest_positive,567,participation_probability,0.6385475535109054,362.0564628406834
RP,latest_positive,567,bridge_conditional_model_minus_production,5.1951774846108965,2945.6656337743784
RP,latest_positive,567,bridge_participation_discount,-11.301241068729755,-6407.803685969771
RP,latest_positive,567,bridge_replace_or_blend_incumbent,0.0,0.0
RP,latest_zero_or_missing,219,absolute_change,-19.426097855329097,-4254.315430317072
RP,latest_zero_or_missing,219,participation_probability,0.15000440207407717,32.8509640542229
RP,latest_zero_or_missing,219,bridge_conditional_model_minus_production,-1.834864763178159,-401.8353831360168
RP,latest_zero_or_missing,219,bridge_participation_discount,-17.591233092150937,-3852.4800471810554
RP,latest_zero_or_missing,219,bridge_replace_or_blend_incumbent,0.0,0.0
RP,latest_high,152,absolute_change,-1.9299024741275097,-293.34517606738154
RP,latest_high,152,participation_probability,0.8822777003446567,134.1062104523878
RP,latest_high,152,bridge_conditional_model_minus_production,4.160451736795175,632.3886639928667
RP,latest_high,152,bridge_participation_discount,-6.090354210922686,-925.7338400602482
RP,latest_high,152,bridge_replace_or_blend_incumbent,0.0,0.0
