anchor_role,future_state,n,predicted,observed,Brier
H,absent,1215,0.28381004377174546,0.29876543209876544,0.10782433515844674
H,part_time,1215,0.4064151304403034,0.39423868312757204,0.18957272428165806
H,regular,1215,0.3097748257879511,0.3069958847736626,0.1202855669409839
SP,absent,509,0.32125949996348857,0.2907662082514735,0.12887556924092414
SP,RP,509,0.21182899656793683,0.1650294695481336,0.12416175738360158
SP,SP,509,0.46691150346857463,0.5442043222003929,0.17970151895161743
RP,absent,1685,0.551971180227637,0.5258160237388724,0.1418053773520106
RP,RP,1685,0.42199721694398334,0.44451038575667656,0.14887289106153212
RP,SP,1685,0.026031602828379588,0.02967359050445104,0.02276628978475168
