role,probability_bin,n,predicted,observed
H,0.0–0.1,81,0.05456648678334957,0.024691358024691357
H,0.1–0.2,80,0.14804755013730664,0.15
H,0.2–0.3,64,0.24465777680734913,0.21875
H,0.3–0.4,39,0.3437122113193059,0.28205128205128205
H,0.4–0.5,40,0.45772335879415227,0.6
H,0.5–0.6,58,0.5504814318661398,0.5172413793103449
H,0.6–0.7,49,0.651162299229349,0.6326530612244898
H,0.7–0.8,85,0.755536671582616,0.7647058823529411
H,0.8–0.9,161,0.8544947577542763,0.7950310559006211
H,0.9–1.0,558,0.9693658607071128,0.9587813620071685
SP,0.0–0.1,27,0.05328825112667337,0.07407407407407407
SP,0.1–0.2,38,0.15340653164079937,0.15789473684210525
SP,0.2–0.3,23,0.24486546357533553,0.30434782608695654
SP,0.3–0.4,19,0.345198069168399,0.42105263157894735
SP,0.4–0.5,26,0.4500525234876831,0.5384615384615384
SP,0.5–0.6,32,0.5525957818919165,0.625
SP,0.6–0.7,34,0.655827269422267,0.6764705882352942
SP,0.7–0.8,53,0.7556535109353092,0.8490566037735849
SP,0.8–0.9,101,0.855157687015513,0.900990099009901
SP,0.9–1.0,156,0.9481852198696481,0.9294871794871795
RP,0.0–0.1,266,0.06583762338477414,0.015037593984962405
RP,0.1–0.2,271,0.1408969296399109,0.12177121771217712
RP,0.2–0.3,189,0.24389679030278866,0.3386243386243386
RP,0.3–0.4,126,0.3514999461327739,0.4365079365079365
RP,0.4–0.5,134,0.4476630560373814,0.5223880597014925
RP,0.5–0.6,125,0.5477470035195647,0.624
RP,0.6–0.7,93,0.6520264288830293,0.7096774193548387
RP,0.7–0.8,114,0.7500788987691562,0.7894736842105263
RP,0.8–0.9,150,0.8517568540144302,0.88
RP,0.9–1.0,217,0.9515253160681306,0.9539170506912442
