id,name,owner,age,role,baseline_workload,status
051wv,Pete Crow-Armstrong,EpSkenes Island,24.0,H,644.7171190413517,MLB projection
04qk8,CJ Abrams,Shea Stadiums,26.0,H,642.2176651533824,MLB projection
04ru7,Miguel Vargas,Ohtani and the Bums,26.0,H,561.1477022389777,MLB projection
03zbh,Fernando Tatis Jr.,Shea Stadiums,27.0,H,647.6362251192173,MLB projection
05udp,Elly De La Cruz,TheMissingSox,24.0,H,698.6601687160781,MLB projection
05gbf,Jordan Walker,Yoho and a Bottle of Rum,24.0,H,555.8228741503201,MLB projection
02yc4,Shohei Ohtani,Ohtani and the Bums,32.0,H+SP,584.1604852982048,MLB projection
040b5,Randy Arozarena,Sodo Mojo,31.0,H,583.3595835398023,MLB projection
041pz,Pete Alonso,EpSkenes Island,31.0,H,598.434236817559,MLB projection
05u9o,Sal Stewart,How Lowe Can You Go?,22.0,H,505.3301264284546,MLB projection
05xu5,Zach Neto,Miller & Miller LLP,25.0,H,642.2667695802659,MLB projection
05ua7,Jackson Merrill,EpSkenes Island,23.0,H,663.4961513294785,MLB projection
05xch,Junior Caminero,TheMissingSox,23.0,H,631.1151077131029,MLB projection
04355,Yordan Alvarez,EpSkenes Island,29.0,H,532.5116637404435,MLB projection
05rat,James Wood,TheMissingSox,24.0,H,642.092272495361,MLB projection
04b00,Brice Turang,TheMissingSox,26.0,H,651.6296853829427,MLB projection
05yo5,Ben Rice,Yoho and a Bottle of Rum,27.0,H,543.2140252309298,MLB projection
02mwm,Matt Olson,Shea Stadiums,32.0,H,600.5484155182885,MLB projection
05m1e,Jackson Chourio,TheMissingSox,22.0,H,665.8000669922803,MLB projection
04lgp,Bobby Witt Jr.,EpSkenes Island,26.0,H,679.97249866402,MLB projection
03cag,Kyle Schwarber,Young Guns,33.0,H,574.1463901620002,MLB projection
04tjl,Otto Lopez,Miller & Miller LLP,28.0,H,565.1106092605982,MLB projection
05u2v,Hunter Goodman,Yoho and a Bottle of Rum,26.0,H,513.1626769962612,MLB projection
03qjy,Brandon Lowe,How Lowe Can You Go?,32.0,H,495.4239967793182,MLB projection
03qyv,Jake McCarthy,Young Guns,29.0,H,458.0407428419518,MLB projection
05jr0,Alec Burleson,Cafécitos de Spokane,27.0,H,590.4507866399666,MLB projection
01fh9,Bryce Harper,Flying Squirrels,33.0,H,523.7552428059303,MLB projection
04y4e,Corbin Carroll,Yoho and a Bottle of Rum,26.0,H,668.7101001662662,MLB projection
0512v,Michael Harris II,Cafécitos de Spokane,25.0,H,628.4054240455614,MLB projection
02w7p,Alex Bregman,Sodo Mojo,32.0,H,539.1235826095867,MLB projection
02c68,Trea Turner,Young Guns,33.0,H,539.3921329711718,MLB projection
030uc,Rafael Devers,EpSkenes Island,29.0,H,623.5362787205637,MLB projection
06aly,Carson Benge,Cafécitos de Spokane,23.0,H,700.7681475458309,MLB projection
05t2b,Daylen Lile,How Lowe Can You Go?,23.0,H,572.6484332141969,MLB projection
0316v,Jake Bauers,Shea Stadiums,31.0,H,380.32475442329553,MLB projection
05yby,Kevin McGonigle,Young Guns,22.0,H,789.4940822844261,MLB projection
01svq,Manny Machado,Cafécitos de Spokane,34.0,H,480.88031201347695,MLB projection
04hyc,Ivan Herrera,Cafécitos de Spokane,26.0,H,516.3411327631926,MLB projection
06fzu,Kazuma Okamoto,Cafécitos de Spokane,30.0,H,552.0267484827879,MLB projection
0630d,Drake Baldwin,Flying Squirrels,25.0,H,569.281562598536,MLB projection
04fhb,Julio Rodriguez,Flying Squirrels,25.0,H,701.7322413778411,MLB projection
04b02,Seiya Suzuki,Young Guns,32.0,H,539.6109920409356,MLB projection
03m6o,Yandy Diaz,Young Guns,35.0,H,557.1468867917006,MLB projection
01sy3,Nolan Arenado,EpSkenes Island,35.0,H,417.05047284049135,MLB projection
05vy5,Carter Jensen,The Sandlot Sluggers,23.0,H,434.6875820796277,MLB projection
05gx4,Dillon Dingler,Miller & Miller LLP,28.0,H,440.50142627459127,MLB projection
03e5m,Bryan Reynolds,Flying Squirrels,31.0,H,569.7535507144266,MLB projection
04ru5,Andy Pages,Flying Squirrels,25.0,H,600.4687918703669,MLB projection
04ppi,Kody Clemens,How Lowe Can You Go?,30.0,H,392.81830585457857,MLB projection
0414g,Luis Garcia Jr.,Yoho and a Bottle of Rum,26.0,H,547.6793485375605,MLB projection
04yig,Brooks Lee,Cafécitos de Spokane,25.0,H,562.6547065905677,MLB projection
060x1,Wilyer Abreu,Cafécitos de Spokane,27.0,H,518.3130160577323,MLB projection
03yrz,William Contreras,Sodo Mojo,28.0,H,603.372635362808,MLB projection
045qo,Jazz Chisholm Jr.,Sodo Mojo,28.0,H,541.7346200467346,MLB projection
050w9,Gunnar Henderson,TheMissingSox,25.0,H,710.189774045953,MLB projection
04azv,Jake Burger,Sodo Mojo,30.0,H,498.108949416485,MLB projection
026lz,Josh Bell,Flying Squirrels,34.0,H,417.03076207199297,MLB projection
04p10,Bryson Stott,Ohtani and the Bums,29.0,H,548.8199501332954,MLB projection
04aee,Jo Adell,EpSkenes Island,27.0,H,554.183483658896,MLB projection
05t9v,Jonathan Aranda,Miller & Miller LLP,28.0,H,448.8718254502825,MLB projection
04071,Isaac Paredes,Young Guns,27.0,H,591.8397104696414,MLB projection
04s1g,Gabriel Moreno,How Lowe Can You Go?,26.0,H,461.28981314128265,MLB projection
02mw3,Christian Walker,Sodo Mojo,35.0,H,450.2872592198476,MLB projection
02mzg,Max Muncy,Miller & Miller LLP,36.0,H,412.2666696300188,MLB projection
03zlh,Oneil Cruz,Ohtani and the Bums,28.0,H,492.4473156769994,MLB projection
04nqx,Ezequiel Duran,Shea Stadiums,27.0,H,418.34685911299243,MLB projection
04si3,Brayan Rocchio,The Sandlot Sluggers,25.0,H,514.1967359930882,MLB projection
05y3u,Munetaka Murakami,Shea Stadiums,26.0,H,548.5515475673726,MLB projection
05rch,Colson Montgomery,Ohtani and the Bums,24.0,H,563.448888292159,MLB projection
03fi0,Ozzie Albies,Miller & Miller LLP,29.0,H,546.2049131904027,MLB projection
05gsi,Ceddanne Rafaela,Cafécitos de Spokane,26.0,H,546.5302637943121,MLB projection
05u9q,Jac Caglianone,TheMissingSox,23.0,H,475.36607098329324,MLB projection
04pkr,Nico Hoerner,Young Guns,29.0,H,608.0458166796396,MLB projection
04pst,Jarren Duran,EpSkenes Island,30.0,H,582.6954087170735,MLB projection
03pjd,Josh Naylor,Shea Stadiums,29.0,H,568.6848252418282,MLB projection
03pir,Kyle Tucker,Young Guns,29.0,H,559.4248732278336,MLB projection
04t9b,Michael Busch,Young Guns,28.0,H,560.4987216860334,MLB projection
03oh0,Willson Contreras,Yoho and a Bottle of Rum,34.0,H,438.1586157112885,MLB projection
01ub6,Jose Ramirez,Miller & Miller LLP,34.0,H,529.7791098709511,MLB projection
04pbq,Geraldo Perdomo,Flying Squirrels,26.0,H,629.290123000312,MLB projection
01cgo,Freddie Freeman,Ohtani and the Bums,37.0,H,542.9999444093711,MLB projection
0326s,Ketel Marte,Flying Squirrels,32.0,H,524.5144609303608,MLB projection
05ynb,Liam Hicks,Sodo Mojo,27.0,H,489.1024813541392,MLB projection
041qb,Bo Bichette,Young Guns,28.0,H,569.4562345149891,MLB projection
05zh9,Luke Keaschall,Young Guns,24.0,H,500.3860626059501,MLB projection
03nmw,Ian Happ,How Lowe Can You Go?,32.0,H,544.1668044987575,MLB projection
05y4b,Caleb Durbin,The Sandlot Sluggers,26.0,H,548.3491300221448,MLB projection
04ppj,Jeremy Pena,Flying Squirrels,29.0,H,548.2703830187522,MLB projection
04nb2,Riley Greene,Sodo Mojo,26.0,H,610.334224224512,MLB projection
01s8u,Mike Trout,How Lowe Can You Go?,35.0,H,377.8495612505296,MLB projection
03120,Cody Bellinger,Young Guns,31.0,H,520.5052979348237,MLB projection
03ae8,Dansby Swanson,Ohtani and the Bums,32.0,H,493.7345856070505,MLB projection
06aw3,JJ Wetherholt,Miller & Miller LLP,24.0,H,687.515507518797,MLB projection
04yk2,Spencer Torkelson,Flying Squirrels,27.0,H,553.7792167755098,MLB projection
0648n,Chase Meidroth,EpSkenes Island,25.0,H,613.4275764930569,MLB projection
0622w,Chandler Simpson,Ohtani and the Bums,25.0,H,566.1223218168197,MLB projection
03ynj,Juan Soto,TheMissingSox,27.0,H,640.1656812624801,MLB projection
041q8,Brandon Marsh,Sodo Mojo,28.0,H,479.96253816023983,MLB projection
03aqw,Mauricio Dubon,EpSkenes Island,32.0,H,404.7398658147786,MLB projection
03pom,Austin Riley,Yoho and a Bottle of Rum,29.0,H,506.180877213314,MLB projection
065ji,Jakob Marsee,Yoho and a Bottle of Rum,25.0,H,488.3798710101767,MLB projection
03wha,Ronald Acuna Jr.,Cafécitos de Spokane,28.0,H,484.9899322332308,MLB projection
05yb0,T.J. Rumfield,Cafécitos de Spokane,26.0,H,607.7586795465079,MLB projection
05ub0,Zack Gelof,How Lowe Can You Go?,26.0,H,410.0892715938961,MLB projection
05uei,Chase DeLauter,Flying Squirrels,24.0,H,608.8817759488593,MLB projection
06plc,Sam Antonacci,Cafécitos de Spokane,23.0,H,604.4104812567534,MLB projection
02btf,Mookie Betts,Cafécitos de Spokane,33.0,H,502.26624469236805,MLB projection
05y7x,Cole Young,Sodo Mojo,23.0,H,499.8616692441071,MLB projection
04up9,Heriberto Hernandez,Ohtani and the Bums,26.0,H,435.0357882036152,MLB projection
04en7,Garrett Mitchell,Sodo Mojo,28.0,H,325.41286908682906,MLB projection
04o4s,Shea Langeliers,Shea Stadiums,28.0,H,482.91851739379524,MLB projection
05161,Dominic Canzone,Sodo Mojo,29.0,H,360.68082425671827,MLB projection
02bq2,Brandon Nimmo,Flying Squirrels,33.0,H,505.9305388198757,MLB projection
04mn5,Alec Bohm,EpSkenes Island,30.0,H,522.2853338353721,MLB projection
03mew,Luis Arraez,EpSkenes Island,29.0,H,600.6786575897519,MLB projection
060jo,Cam Smith,The Sandlot Sluggers,23.0,H,556.8516237874315,MLB projection
04eig,Jose Caballero,Miller & Miller LLP,30.0,H,405.8484732565578,MLB projection
05zde,Travis Bazzana,The Sandlot Sluggers,24.0,H,573.7861200615965,MLB projection
04n8z,Xavier Edwards,Sodo Mojo,27.0,H,527.8111846072468,MLB projection
03whq,Ty France,How Lowe Can You Go?,32.0,H,422.49422568958886,MLB projection
05m49,Jung Hoo Lee,How Lowe Can You Go?,28.0,H,482.53338783946793,MLB projection
04prt,Lawrence Butler,Yoho and a Bottle of Rum,26.0,H,534.0121844615807,MLB projection
0597k,Nick Gonzales,The Sandlot Sluggers,27.0,H,444.11764728409634,MLB projection
062k5,Nick Kurtz,Miller & Miller LLP,23.0,H,531.8010644589001,MLB projection
062ho,Javier Sanoja,The Sandlot Sluggers,24.0,H,431.21646563420956,MLB projection
03ojr,Vladimir Guerrero Jr.,TheMissingSox,27.0,H,647.2931413836097,MLB projection
06dn7,A.J. Ewing,Shea Stadiums,22.0,H,595.8729100131504,MLB projection
05js5,Coby Mayo,Cafécitos de Spokane,24.0,H,417.468559792338,MLB projection
04my4,Cal Raleigh,EpSkenes Island,29.0,H,568.3561489385797,MLB projection
04aeb,Royce Lewis,Cafécitos de Spokane,27.0,H,407.968288907777,MLB projection
02xic,Teoscar Hernandez,Shea Stadiums,33.0,H,457.02716149068317,MLB projection
03dgq,Ryan O'Hearn,Shea Stadiums,33.0,H,389.8552422360249,MLB projection
03atq,Willy Adames,Sodo Mojo,31.0,H,532.0406008511117,MLB projection
060pm,Wyatt Langford,TheMissingSox,24.0,H,592.5203090948914,MLB projection
05y7t,Henry Bolte,Shea Stadiums,23.0,H,534.5428476435874,MLB projection
02i2k,Byron Buxton,Yoho and a Bottle of Rum,32.0,H,403.2815375096215,MLB projection
04y97,Kyle Stowers,Sodo Mojo,28.0,H,408.0418533372058,MLB projection
03pit,Trent Grisham,Miller & Miller LLP,29.0,H,465.65682891621714,MLB projection
025dn,Christian Yelich,Flying Squirrels,34.0,H,465.42289614879667,MLB projection
05184,Vinnie Pasquantino,Shea Stadiums,28.0,H,524.3347994374944,MLB projection
04ydd,Angel Martinez,The Sandlot Sluggers,24.0,H,489.57578718621954,MLB projection
05ydz,Tristan Peters,Miller & Miller LLP,26.0,H,326.05418185296094,MLB projection
05yaf,Jacob Young,The Sandlot Sluggers,27.0,H,417.82793060273156,MLB projection
04ya4,Nasim Nunez,EpSkenes Island,26.0,H,307.4824690946174,MLB projection
03pzn,Andres Gimenez,Yoho and a Bottle of Rum,28.0,H,491.41542738052044,MLB projection
04pks,Matt McLain,Ohtani and the Bums,27.0,H,483.61531425536083,MLB projection
05jp4,Casey Schmitt,How Lowe Can You Go?,27.0,H,363.35742706011257,MLB projection
04alp,Ernie Clement,Young Guns,30.0,H,483.9508220922318,MLB projection
04pr1,Steven Kwan,Young Guns,29.0,H,561.6259830883068,MLB projection
02611,Francisco Lindor,Cafécitos de Spokane,32.0,H,549.4664062977141,MLB projection
05135,Jake Mangum,Sodo Mojo,30.0,H,426.30990800497835,MLB projection
041e2,Mickey Moniak,Yoho and a Bottle of Rum,28.0,H,422.96018379415756,MLB projection
03pdw,Andrew Benintendi,Miller & Miller LLP,32.0,H,404.6257114585488,MLB projection
0317o,Jeff McNeil,Miller & Miller LLP,34.0,H,372.09527129060575,MLB projection
05gtn,Tyler Soderstrom,Miller & Miller LLP,24.0,H,519.2660929975469,MLB projection
06dsa,Kyle Karros,The Sandlot Sluggers,24.0,H,426.5269495166488,MLB projection
02mxf,Carson Kelly,Young Guns,32.0,H,317.9758401179466,MLB projection
04mra,Ezequiel Tovar,Yoho and a Bottle of Rum,25.0,H,598.8778448368963,MLB projection
04efa,Daulton Varsho,Ohtani and the Bums,30.0,H,435.6680670132666,MLB projection
02mw6,Corey Seager,Shea Stadiums,32.0,H,432.6212190326746,MLB projection
05gwy,Masyn Winn,Yoho and a Bottle of Rum,24.0,H,553.8500292579657,MLB projection
066eo,Cole Carrigg,Shea Stadiums,24.0,H,443.7132578748794,MLB projection
04pmu,Ryan Jeffers,Shea Stadiums,29.0,H,411.6416842506422,MLB projection
0596e,Dylan Crews,TheMissingSox,24.0,H,435.90971414150465,MLB projection
04q2n,Adley Rutschman,Cafécitos de Spokane,28.0,H,482.5823679763606,MLB projection
05u96,Bryce Eldridge,Yoho and a Bottle of Rum,21.0,H,344.3452712293009,MLB projection
04yib,Brett Baty,Flying Squirrels,26.0,H,415.7066283240771,MLB projection
05rbv,Samuel Basallo,TheMissingSox,22.0,H,419.0656656624054,MLB projection
04y44,Josh Jung,Miller & Miller LLP,28.0,H,433.8150607041558,MLB projection
05y30,Justin Crawford,EpSkenes Island,22.0,H,623.6720136796678,MLB projection
05mdt,Evan Carter,Ohtani and the Bums,24.0,H,386.17100966702475,MLB projection
05u3u,Konnor Griffin,How Lowe Can You Go?,20.0,H,458.086680443359,MLB projection
04nky,Trevor Larnach,Sodo Mojo,29.0,H,437.68727715928765,MLB projection
05ahe,Curtis Mead,How Lowe Can You Go?,25.0,H,317.12118304183167,MLB projection
0524l,Yainer Diaz,Ohtani and the Bums,28.0,H,485.2800435032473,MLB projection
04qnc,Francisco Alvarez,TheMissingSox,24.0,H,462.8147502685285,MLB projection
04ee8,Heliot Ramos,Yoho and a Bottle of Rum,27.0,H,489.5598177518545,MLB projection
04eej,Gavin Sheets,Flying Squirrels,30.0,H,435.79088483222733,MLB projection
0512e,Spencer Steer,Sodo Mojo,28.0,H,527.8200862473064,MLB projection
04mn2,Griffin Conine,How Lowe Can You Go?,29.0,H,239.9186110713482,MLB projection
05ras,Colton Cowser,The Sandlot Sluggers,26.0,H,417.5209385410443,MLB projection
05yj1,Nolan Schanuel,The Sandlot Sluggers,24.0,H,595.798066211447,MLB projection
05rcd,Joe Mack,EpSkenes Island,23.0,H,462.2447757901492,MLB projection
05jrh,Colt Keith,TheMissingSox,25.0,H,525.7793678371802,MLB projection
05jsg,Owen Caissie,Miller & Miller LLP,24.0,H,286.0240247421613,MLB projection
05y4m,Tim Tawa,Flying Squirrels,27.0,H,314.1087578467656,MLB projection
02z0s,Aaron Judge,Miller & Miller LLP,34.0,H,469.40924238138865,MLB projection
05u2k,Hao-Yu Lee,How Lowe Can You Go?,23.0,H,443.8812754550744,MLB projection
059bx,Brady House,Yoho and a Bottle of Rum,23.0,H,439.9065425958608,MLB projection
031t0,Gleyber Torres,Shea Stadiums,29.0,H,508.01725644956997,MLB projection
01s9c,Randal Grichuk,How Lowe Can You Go?,35.0,H,258.8187078911846,MLB projection
05tce,Connor Norby,The Sandlot Sluggers,26.0,H,357.4917535922931,MLB projection
041sq,Tommy Edman,Miller & Miller LLP,31.0,H,326.8397581384779,MLB projection
04yi8,Spencer Jones,Miller & Miller LLP,25.0,H,367.55639193904955,MLB projection
04t3y,Alejandro Kirk,Miller & Miller LLP,27.0,H,400.38394914242735,MLB projection
05rbw,Esmerlyn Valdez,How Lowe Can You Go?,22.0,H,401.86581290458275,MLB projection
067xj,Cooper Pratt,Cafécitos de Spokane,22.0,H,383.3858521651749,MLB projection
05ybv,Jackson Holliday,Young Guns,22.0,H,596.3451149321294,MLB projection
0622t,Jacob Wilson,Miller & Miller LLP,24.0,H,439.80984639672863,MLB projection
066cn,Wade Meckler,Yoho and a Bottle of Rum,26.0,H,311.78779326530463,MLB projection
04pvs,Blaze Alexander,Cafécitos de Spokane,27.0,H,306.80921083242725,MLB projection
05g3x,Maikel Garcia,Flying Squirrels,26.0,H,553.9040457990395,MLB projection
05xtz,Dalton Rushing,The Sandlot Sluggers,25.0,H,287.33507244258493,MLB projection
05rb1,Sal Frelick,The Sandlot Sluggers,26.0,H,481.9373508277211,MLB projection
02i11,Jorge Soler,Sodo Mojo,34.0,H,330.91046400351183,MLB projection
04si2,Andrew Vaughn,Yoho and a Bottle of Rum,28.0,H,461.8983528684931,MLB projection
05rfu,Kyle Manzardo,Ohtani and the Bums,26.0,H,403.2273606884618,MLB projection
042sz,Will Smith,Young Guns,31.0,H,395.5323304117465,MLB projection
05rcg,Braden Montgomery,Flying Squirrels,23.0,H,421.9529499976569,MLB projection
03d6s,Matt Chapman,Sodo Mojo,33.0,H,391.42482783282975,MLB projection
05vy9,Pedro Ramirez,How Lowe Can You Go?,22.0,H,392.34553823032127,MLB projection
05t9l,Max Muncy,The Sandlot Sluggers,24.0,H,318.13326306452035,MLB projection
03nru,Jesus Sanchez,The Sandlot Sluggers,28.0,H,422.20868273579623,MLB projection
05rbs,Moises Ballesteros,Shea Stadiums,22.0,H,309.6990873282736,MLB projection
0513l,Brenton Doyle,Yoho and a Bottle of Rum,28.0,H,444.612935259788,MLB projection
051em,Kerry Carpenter,Ohtani and the Bums,29.0,H,374.22068465151733,MLB projection
04y9p,Anthony Volpe,EpSkenes Island,25.0,H,566.9878525103591,MLB projection
06dlz,Ryan Waldschmidt,Yoho and a Bottle of Rum,24.0,H,395.48123657357684,MLB projection
02bqh,Trevor Story,Yoho and a Bottle of Rum,33.0,H,312.20547826086954,MLB projection
04z6k,Luisangel Acuna,EpSkenes Island,24.0,H,276.33749614611924,MLB projection
047l7,Luis Robert Jr.,Shea Stadiums,29.0,H,396.65083822442887,MLB projection
06ek4,Jonah Cox,How Lowe Can You Go?,25.0,H,271.3102613705121,MLB projection
04z6m,Agustin Ramirez,EpSkenes Island,25.0,H,459.7566705128715,MLB projection
041vt,Samad Taylor,Cafécitos de Spokane,28.0,H,152.450632576904,MLB projection
05tzp,Jacob Gonzalez,How Lowe Can You Go?,24.0,H,309.33666414464244,MLB projection
060ub,Colt Emerson,The Sandlot Sluggers,21.0,H,321.5245356702852,MLB projection
05u9y,Max Clark,Ohtani and the Bums,21.0,H,310.7202157598499,MLB projection
050c3,Jasson Dominguez,Miller & Miller LLP,23.0,H,329.30310922972797,MLB projection
06c36,Brice Matthews,Flying Squirrels,24.0,H,230.04249941297712,MLB projection
04e2u,Brent Rooker,EpSkenes Island,31.0,H,463.98297701635227,MLB projection
063vu,Matt Shaw,Young Guns,24.0,H,404.48925886143934,MLB projection
05u9z,Roman Anthony,TheMissingSox,22.0,H,381.0704820589894,MLB projection
06f0k,Rafael Flores,How Lowe Can You Go?,25.0,H,191.94136699979907,MLB projection
06rkk,Eduardo Valencia,How Lowe Can You Go?,26.0,H,239.48906231565212,MLB projection
060yn,Luis Lara,Shea Stadiums,21.0,H,352.58131484476706,MLB projection
06b72,George Lombard Jr.,Sodo Mojo,21.0,H,277.63554327432905,MLB projection
0518r,Dustin Harris,Cafécitos de Spokane,27.0,H,158.9052246490738,MLB projection
06fpn,Brett Bateman,Cafécitos de Spokane,24.0,H,293.020872963495,MLB projection
05r9j,Marcelo Mayer,EpSkenes Island,23.0,H,272.0702113501102,MLB projection
04nq4,Blaze Jordan,The Sandlot Sluggers,23.0,H,290.94760766671357,MLB projection
05mru,Thomas Saggese,The Sandlot Sluggers,24.0,H,265.1216429779985,MLB projection
05un2,Edgar Quero,Ohtani and the Bums,23.0,H,360.24890763390977,MLB projection
05wxy,Kyle Teel,How Lowe Can You Go?,24.0,H,303.13733504147416,MLB projection
05r1m,Jordan Lawlar,EpSkenes Island,24.0,H,188.7552074571563,MLB projection
05jn0,Adrian Del Castillo,Sodo Mojo,27.0,H,199.00267716018584,MLB projection
05tp7,Tommy White,Sodo Mojo,23.0,H,287.79085242982336,MLB projection
02i2q,Carlos Correa,Flying Squirrels,32.0,H,374.7992109240899,MLB projection
05rcw,Leo Bernal,How Lowe Can You Go?,22.0,H,239.06615877170435,MLB projection
05xse,Hector Rodriguez,TheMissingSox,22.0,H,316.0942716391173,MLB projection
05rcf,Joshua Baez,Yoho and a Bottle of Rum,23.0,H,236.23628769958606,MLB projection
04pse,Brendan Donovan,Sodo Mojo,29.0,H,398.7376396035137,MLB projection
05jse,Tommy Troy,EpSkenes Island,24.0,H,272.5653195488722,MLB projection
06in4,Hyeseong Kim,EpSkenes Island,27.0,H,222.0667781010315,MLB projection
05raw,Harry Ford,The Sandlot Sluggers,23.0,H,193.16219316540995,MLB projection
06hx4,Kaelen Culpepper,Shea Stadiums,23.0,H,275.3733053906626,MLB projection
05uv5,Abimelec Ortiz,How Lowe Can You Go?,24.0,H,238.37119413498917,MLB projection
05145,Darell Hernaiz,Yoho and a Bottle of Rum,25.0,H,220.89822442550334,MLB projection
05r5e,Angel Genao,EpSkenes Island,22.0,H,255.6530406379095,MLB projection
05rcj,Edwin Arroyo,The Sandlot Sluggers,23.0,H,260.1692441070341,MLB projection
04o78,Matt Wallner,Ohtani and the Bums,28.0,H,281.4785837542665,MLB projection
01cdf,Giancarlo Stanton,How Lowe Can You Go?,36.0,H,282.8408525025171,MLB projection
05u3v,Walker Jenkins,TheMissingSox,21.0,H,217.25601598825352,MLB projection
05gbg,Zac Veen,Miller & Miller LLP,24.0,H,174.20933941997853,MLB projection
05js4,Yohandy Morales,The Sandlot Sluggers,24.0,H,177.48530314995173,MLB projection
06nue,Joshua Kuroda-Grauer,The Sandlot Sluggers,23.0,H,202.67158798104896,MLB projection
05ajg,Ha-seong Kim,Ohtani and the Bums,30.0,H,275.0425197435336,MLB projection
05rfc,Lazaro Montes,Young Guns,21.0,H,189.13404437556082,MLB projection
04fyo,Ronny Mauricio,The Sandlot Sluggers,25.0,H,203.07002413825114,MLB projection
06oo7,Sean Keys,How Lowe Can You Go?,23.0,H,218.9418217551741,MLB projection
05unf,Denzel Clarke,Yoho and a Bottle of Rum,26.0,H,185.97522696420887,MLB projection
05ybr,Ethan Salas,The Sandlot Sluggers,20.0,H,188.81816644749202,MLB projection
05yid,Michael Arroyo,Sodo Mojo,21.0,H,181.27191893530414,MLB projection
061zv,Josue De Paula,Ohtani and the Bums,21.0,H,182.13238690493375,MLB projection
054p6,Emmanuel Rodriguez,Shea Stadiums,23.0,H,201.36480226215306,MLB projection
05yj5,LuJames Groover,Miller & Miller LLP,24.0,H,174.42428709332358,MLB projection
057zc,Jonatan Clase,Sodo Mojo,24.0,H,167.2564807355691,MLB projection
05u2u,Tyler Black,Miller & Miller LLP,26.0,H,113.99575133906151,MLB projection
04qow,Kevin Alcantara,The Sandlot Sluggers,24.0,H,112.21944289877827,MLB projection
05t9n,Carson Williams,The Sandlot Sluggers,23.0,H,165.79278504147337,MLB projection
05j8u,Jhostynxon Garcia,Sodo Mojo,23.0,H,133.67806176484373,MLB projection
06hua,Bo Davidson,Young Guns,24.0,H,160.15874710457186,MLB projection
05nsq,Deyvison De Los Santos,Miller & Miller LLP,23.0,H,167.8341534279957,MLB projection
06f0p,Cooper Ingle,EpSkenes Island,24.0,H,151.0290772000313,MLB projection
04qii,Addison Barger,Yoho and a Bottle of Rum,26.0,H,303.5354421951365,MLB projection
066al,Otto Kemp,Sodo Mojo,27.0,H,178.97977377486208,MLB projection
05ucf,James Triantos,The Sandlot Sluggers,23.0,H,165.28565698700467,MLB projection
05tc7,Ryan Bliss,Sodo Mojo,26.0,H,115.59798321698047,MLB projection
050s0,Kyren Paris,Sodo Mojo,24.0,H,143.13709306269405,MLB projection
05gss,Jeferson Quero,Cafécitos de Spokane,23.0,H,142.78504488404954,MLB projection
06hth,Josh Adamczewski,Sodo Mojo,21.0,H,,Prospect/no MLB projection; no invented workload
06582,Luke Adams,Shea Stadiums,22.0,H,,Prospect/no MLB projection; no invented workload
06ahe,Kemp Alderman,How Lowe Can You Go?,24.0,H,,Prospect/no MLB projection; no invented workload
05t9f,Jay Allen,EpSkenes Island,23.0,H,,Prospect/no MLB projection; no invented workload
06c7b,Wehiwa Aloy,The Sandlot Sluggers,22.0,H,,Prospect/no MLB projection; no invented workload
06psn,Kevin Alvarez,Shea Stadiums,18.0,H,,Prospect/no MLB projection; no invented workload
06cgg,Billy Amick,Sodo Mojo,23.0,H,,Prospect/no MLB projection; no invented workload
06dmp,Max Anderson,Young Guns,24.0,H,,Prospect/no MLB projection; no invented workload
06r5o,Brailyn Antunez,Flying Squirrels,18.0,H,,Prospect/no MLB projection; no invented workload
06kkn,Cristian Arguelles,Shea Stadiums,19.0,H,,Prospect/no MLB projection; no invented workload
06c78,Franklin Arias,TheMissingSox,20.0,H,,Prospect/no MLB projection; no invented workload
06ibn,Robert Arias,Flying Squirrels,20.0,H,,Prospect/no MLB projection; no invented workload
06pg6,Aiva Arquette,Flying Squirrels,22.0,H,,Prospect/no MLB projection; no invented workload
071wa,Wandy Asigen,The Sandlot Sluggers,17.0,H,,Prospect/no MLB projection; no invented workload
06ool,Owen Ayers,Shea Stadiums,25.0,H,,Prospect/no MLB projection; no invented workload
06nln,Enddy Azocar,TheMissingSox,19.0,H,,Prospect/no MLB projection; no invented workload
061rf,Jesus Baez,TheMissingSox,21.0,H,,Prospect/no MLB projection; no invented workload
062z3,Brooks Baldwin,The Sandlot Sluggers,26.0,H,287.1179516688093,MLB projection
06ps3,Yorger Bautista,Sodo Mojo,19.0,H,,Prospect/no MLB projection; no invented workload
077c6,Carter Beck,Flying Squirrels,21.0,H,,Prospect/no MLB projection; no invented workload
06icc,Eduardo Beltre,Flying Squirrels,19.0,H,,Prospect/no MLB projection; no invented workload
05yed,Eric Bitonti,EpSkenes Island,20.0,H,,Prospect/no MLB projection; no invented workload
06c5r,Caden Bodine,How Lowe Can You Go?,22.0,H,,Prospect/no MLB projection; no invented workload
06hea,Caleb Bonemer,Sodo Mojo,21.0,H,,Prospect/no MLB projection; no invented workload
05jre,Enrique Bradfield Jr.,Miller & Miller LLP,24.0,H,,Prospect/no MLB projection; no invented workload
0637j,Josue Briceno,Ohtani and the Bums,22.0,H,,Prospect/no MLB projection; no invented workload
06kui,Roldy Brito,Ohtani and the Bums,19.0,H,,Prospect/no MLB projection; no invented workload
062jb,Blake Burke,The Sandlot Sluggers,23.0,H,,Prospect/no MLB projection; no invented workload
06c3v,Yeremy Cabrera,Flying Squirrels,21.0,H,,Prospect/no MLB projection; no invented workload
06mmx,Juneiker Caceres,TheMissingSox,19.0,H,,Prospect/no MLB projection; no invented workload
06f0q,Kristian Campbell,TheMissingSox,24.0,H,337.41091601659315,MLB projection
06c1j,Cam Cannarella,Yoho and a Bottle of Rum,23.0,H,,Prospect/no MLB projection; no invented workload
074bt,Ronald Cardozo,TheMissingSox,17.0,H,,Prospect/no MLB projection; no invented workload
06alq,Billy Carlson,Flying Squirrels,20.0,H,,Prospect/no MLB projection; no invented workload
04de1,Triston Casas,EpSkenes Island,26.0,H,300.53207230150855,MLB projection
06icj,Yolfran Castillo,Ohtani and the Bums,19.0,H,,Prospect/no MLB projection; no invented workload
05mx9,Felnin Celesten,Shea Stadiums,21.0,H,,Prospect/no MLB projection; no invented workload
05yix,Jaison Chourio,Cafécitos de Spokane,21.0,H,,Prospect/no MLB projection; no invented workload
05ge1,Ryan Clifford,Miller & Miller LLP,23.0,H,,Prospect/no MLB projection; no invented workload
05u1y,Cam Collier,Ohtani and the Bums,21.0,H,,Prospect/no MLB projection; no invented workload
071wb,Johenssy Colome,TheMissingSox,17.0,H,,Prospect/no MLB projection; no invented workload
06mhy,Brandon Compton,How Lowe Can You Go?,22.0,H,,Prospect/no MLB projection; no invented workload
06alk,Charlie Condon,Ohtani and the Bums,23.0,H,,Prospect/no MLB projection; no invented workload
06pll,Ethan Conrad,Miller & Miller LLP,22.0,H,,Prospect/no MLB projection; no invented workload
06qvl,Corey Cousin,Flying Squirrels,20.0,H,,Prospect/no MLB projection; no invented workload
064o4,Demetrio Crisantes,Sodo Mojo,22.0,H,,Prospect/no MLB projection; no invented workload
06o8q,Ronny Cruz,Ohtani and the Bums,20.0,H,,Prospect/no MLB projection; no invented workload
067z9,Kayson Cunningham,Sodo Mojo,21.0,H,,Prospect/no MLB projection; no invented workload
07249,Jeancer Custodio,Sodo Mojo,17.0,H,,Prospect/no MLB projection; no invented workload
06r8g,Wilder Dalis,Flying Squirrels,20.0,H,,Prospect/no MLB projection; no invented workload
06rvt,Charles Davalan,The Sandlot Sluggers,22.0,H,,Prospect/no MLB projection; no invented workload
06r9b,Johan De Los Santos,TheMissingSox,18.0,H,,Prospect/no MLB projection; no invented workload
06zql,Wilberson De Pena,Cafécitos de Spokane,19.0,H,,Prospect/no MLB projection; no invented workload
067yc,Leo De Vries,Shea Stadiums,19.0,H,,Prospect/no MLB projection; no invented workload
06mne,Luke Dickerson,Cafécitos de Spokane,21.0,H,,Prospect/no MLB projection; no invented workload
06o0e,Marco Dinges,EpSkenes Island,23.0,H,,Prospect/no MLB projection; no invented workload
06yd4,Sebastian Dos Santos,TheMissingSox,18.0,H,,Prospect/no MLB projection; no invented workload
06626,Alfredo Duno,Yoho and a Bottle of Rum,20.0,H,,Prospect/no MLB projection; no invented workload
06alr,Brady Ebel,TheMissingSox,19.0,H,,Prospect/no MLB projection; no invented workload
066da,Tim Elko,Sodo Mojo,27.0,H,163.10732282184654,MLB projection
06423,Aroon Escobar,Sodo Mojo,21.0,H,,Prospect/no MLB projection; no invented workload
06yk0,Conor Essenburg,Flying Squirrels,20.0,H,,Prospect/no MLB projection; no invented workload
0630n,Aron Estrada,EpSkenes Island,21.0,H,,Prospect/no MLB projection; no invented workload
066sx,Jonny Farmelo,Miller & Miller LLP,22.0,H,,Prospect/no MLB projection; no invented workload
072p5,Albert Fermin,Shea Stadiums,17.0,H,,Prospect/no MLB projection; no invented workload
06qyu,Gavin Fien,Flying Squirrels,19.0,H,,Prospect/no MLB projection; no invented workload
06k7t,Andrew Fischer,Yoho and a Bottle of Rum,22.0,H,,Prospect/no MLB projection; no invented workload
06p5z,Devin Fitz-Gerald,Flying Squirrels,21.0,H,,Prospect/no MLB projection; no invented workload
06yxh,Cooper Flemming,Flying Squirrels,20.0,H,,Prospect/no MLB projection; no invented workload
06o01,Nathan Flewelling,Flying Squirrels,19.0,H,,Prospect/no MLB projection; no invented workload
06mh4,Edward Florentino,Flying Squirrels,19.0,H,,Prospect/no MLB projection; no invented workload
066mk,Welbyn Francisca,Flying Squirrels,20.0,H,,Prospect/no MLB projection; no invented workload
06yjs,Ethan Frey,Miller & Miller LLP,22.0,H,,Prospect/no MLB projection; no invented workload
06rq4,Alexander Frias,Cafécitos de Spokane,18.0,H,,Prospect/no MLB projection; no invented workload
072pa,Diego Frontado,Shea Stadiums,18.0,H,,Prospect/no MLB projection; no invented workload
062cy,Sean Gamble,Miller & Miller LLP,20.0,H,,Prospect/no MLB projection; no invented workload
06cql,Kendall George,Miller & Miller LLP,21.0,H,,Prospect/no MLB projection; no invented workload
06qr6,Nate George,Cafécitos de Spokane,20.0,H,,Prospect/no MLB projection; no invented workload
06hsz,John Gil,Flying Squirrels,20.0,H,,Prospect/no MLB projection; no invented workload
05u2m,Theo Gillen,Miller & Miller LLP,21.0,H,,Prospect/no MLB projection; no invented workload
06am1,Henry Godbout,Young Guns,22.0,H,,Prospect/no MLB projection; no invented workload
0724b,Angeibel Gomez,Cafécitos de Spokane,17.0,H,,Prospect/no MLB projection; no invented workload
0737o,Jarvis Gomez,TheMissingSox,17.0,H,,Prospect/no MLB projection; no invented workload
06mff,Justin Gonzales,TheMissingSox,19.0,H,,Prospect/no MLB projection; no invented workload
06akw,Asbel Gonzalez,Sodo Mojo,20.0,H,,Prospect/no MLB projection; no invented workload
06ps2,Josuar Gonzalez,The Sandlot Sluggers,18.0,H,,Prospect/no MLB projection; no invented workload
06mvg,Murf Gray,How Lowe Can You Go?,22.0,H,,Prospect/no MLB projection; no invented workload
06y9r,Taitn Gray,Shea Stadiums,19.0,H,,Prospect/no MLB projection; no invented workload
066me,Luis Guanipa,Flying Squirrels,20.0,H,,Prospect/no MLB projection; no invented workload
06ro7,Breyson Guedez,Flying Squirrels,19.0,H,,Prospect/no MLB projection; no invented workload
06rw2,Steele Hall,Miller & Miller LLP,19.0,H,,Prospect/no MLB projection; no invented workload
06cqi,Josh Hammond,Young Guns,20.0,H,,Prospect/no MLB projection; no invented workload
06qlr,Parks Harber,Young Guns,25.0,H,,Prospect/no MLB projection; no invented workload
06kjz,Chase Harlan,TheMissingSox,20.0,H,,Prospect/no MLB projection; no invented workload
06pi0,Eric Hartman,Flying Squirrels,20.0,H,,Prospect/no MLB projection; no invented workload
06ifw,Josiah Hartshorn,Ohtani and the Bums,19.0,H,,Prospect/no MLB projection; no invented workload
072hf,Joniel Hernandez,TheMissingSox,17.0,H,,Prospect/no MLB projection; no invented workload
071w9,Luis Hernandez,Cafécitos de Spokane,17.0,H,,Prospect/no MLB projection; no invented workload
062cx,Ethan Holliday,Shea Stadiums,19.0,H,,Prospect/no MLB projection; no invented workload
062e5,Vance Honeycutt,Sodo Mojo,23.0,H,,Prospect/no MLB projection; no invented workload
06eyu,Zyhir Hope,Young Guns,21.0,H,,Prospect/no MLB projection; no invented workload
06mps,Marek Houston,Yoho and a Bottle of Rum,22.0,H,,Prospect/no MLB projection; no invented workload
070bu,CJ Hughes,Miller & Miller LLP,19.0,H,,Prospect/no MLB projection; no invented workload
06c10,Ike Irish,The Sandlot Sluggers,22.0,H,,Prospect/no MLB projection; no invented workload
062pp,Xavier Isaac,Cafécitos de Spokane,22.0,H,,Prospect/no MLB projection; no invented workload
06alw,Coy James,TheMissingSox,19.0,H,,Prospect/no MLB projection; no invented workload
05tdk,Druw Jones,The Sandlot Sluggers,22.0,H,,Prospect/no MLB projection; no invented workload
06qwv,Kane Kepley,Young Guns,22.0,H,,Prospect/no MLB projection; no invented workload
06utg,Dax Kilby,The Sandlot Sluggers,19.0,H,,Prospect/no MLB projection; no invented workload
05yd3,Gavin Kilen,Cafécitos de Spokane,22.0,H,,Prospect/no MLB projection; no invented workload
06cq7,Seaver King,Flying Squirrels,23.0,H,,Prospect/no MLB projection; no invented workload
067zb,Jace LaViolette,The Sandlot Sluggers,22.0,H,,Prospect/no MLB projection; no invented workload
06ich,Jhonny Level,TheMissingSox,19.0,H,,Prospect/no MLB projection; no invented workload
06mnk,Tyson Lewis,Cafécitos de Spokane,20.0,H,,Prospect/no MLB projection; no invented workload
05r64,Thayron Liranzo,The Sandlot Sluggers,23.0,H,,Prospect/no MLB projection; no invented workload
06se7,Alex Lodise,Flying Squirrels,22.0,H,,Prospect/no MLB projection; no invented workload
06fwm,Jonathon Long,Young Guns,24.0,H,,Prospect/no MLB projection; no invented workload
07261,Emanuel Luna,Cafécitos de Spokane,17.0,H,,Prospect/no MLB projection; no invented workload
06ibv,Jesus Made,Miller & Miller LLP,19.0,H,,Prospect/no MLB projection; no invented workload
06qxu,Juan Martinez,Cafécitos de Spokane,19.0,H,,Prospect/no MLB projection; no invented workload
06r2s,Michael Martinez,Flying Squirrels,19.0,H,,Prospect/no MLB projection; no invented workload
0769m,Leanders Matos,Shea Stadiums,17.0,H,,Prospect/no MLB projection; no invented workload
061gx,Jacob Melton,How Lowe Can You Go?,26.0,H,175.0704358838526,MLB projection
05rhb,Hendry Mendez,How Lowe Can You Go?,22.0,H,,Prospect/no MLB projection; no invented workload
05u36,Aidan Miller,Ohtani and the Bums,22.0,H,,Prospect/no MLB projection; no invented workload
06y9v,Ryan Mitchell,Young Guns,19.0,H,,Prospect/no MLB projection; no invented workload
072hk,Ricki Moneys,Flying Squirrels,17.0,H,,Prospect/no MLB projection; no invented workload
06ibo,Emil Morales,Shea Stadiums,20.0,H,,Prospect/no MLB projection; no invented workload
06r9r,Darell Morel,How Lowe Can You Go?,19.0,H,,Prospect/no MLB projection; no invented workload
06r8u,Shotaro Morii,Ohtani and the Bums,19.0,H,,Prospect/no MLB projection; no invented workload
05yak,Xavier Neyens,Shea Stadiums,19.0,H,,Prospect/no MLB projection; no invented workload
05y3p,Arjun Nimmala,Cafécitos de Spokane,20.0,H,,Prospect/no MLB projection; no invented workload
0724a,Angel Nunez Jr.,Sodo Mojo,17.0,H,,Prospect/no MLB projection; no invented workload
066s4,Hector Osorio,Flying Squirrels,21.0,H,,Prospect/no MLB projection; no invented workload
06vxu,Josh Owens,How Lowe Can You Go?,19.0,H,,Prospect/no MLB projection; no invented workload
06k81,Yairo Padilla,Yoho and a Bottle of Rum,19.0,H,,Prospect/no MLB projection; no invented workload
06se6,JoJo Parker,Ohtani and the Bums,20.0,H,,Prospect/no MLB projection; no invented workload
06kkf,Braylon Payne,Miller & Miller LLP,20.0,H,,Prospect/no MLB projection; no invented workload
06m0g,Elian Pena,Shea Stadiums,18.0,H,,Prospect/no MLB projection; no invented workload
06j3f,Luis Pena,Yoho and a Bottle of Rum,19.0,H,,Prospect/no MLB projection; no invented workload
05rbd,Manuel Pena,Ohtani and the Bums,22.0,H,,Prospect/no MLB projection; no invented workload
076rp,Yostin Pena,Shea Stadiums,18.0,H,,Prospect/no MLB projection; no invented workload
061mj,Jeral Perez,EpSkenes Island,21.0,H,,Prospect/no MLB projection; no invented workload
05yff,Ethan Petry,Flying Squirrels,22.0,H,,Prospect/no MLB projection; no invented workload
06se8,Daniel Pierce,Flying Squirrels,20.0,H,,Prospect/no MLB projection; no invented workload
0622o,Axiel Plaz,How Lowe Can You Go?,21.0,H,,Prospect/no MLB projection; no invented workload
06yyn,Franklin Primera,Shea Stadiums,19.0,H,,Prospect/no MLB projection; no invented workload
06c79,Eduardo Quintero,Yoho and a Bottle of Rum,21.0,H,,Prospect/no MLB projection; no invented workload
05yib,Nelson Rada,EpSkenes Island,21.0,H,,Prospect/no MLB projection; no invented workload
06zi7,Josiah Ragsdale,Shea Stadiums,22.0,H,,Prospect/no MLB projection; no invented workload
05yai,Bryce Rainer,The Sandlot Sluggers,21.0,H,,Prospect/no MLB projection; no invented workload
068nf,Lucas Ramirez,Miller & Miller LLP,20.0,H,,Prospect/no MLB projection; no invented workload
0724c,Francisco Renteria,Ohtani and the Bums,17.0,H,,Prospect/no MLB projection; no invented workload
06rvw,Jhomnardo Reyes,Flying Squirrels,19.0,H,,Prospect/no MLB projection; no invented workload
07262,Juan Rijo,Sodo Mojo,18.0,H,,Prospect/no MLB projection; no invented workload
066lf,Bryan Rincon,Shea Stadiums,22.0,H,,Prospect/no MLB projection; no invented workload
06ps4,Cris Rodriguez,EpSkenes Island,18.0,H,,Prospect/no MLB projection; no invented workload
06mnp,Rainiel Rodriguez,Cafécitos de Spokane,19.0,H,,Prospect/no MLB projection; no invented workload
06hoc,Raudi Rodriguez,Yoho and a Bottle of Rum,23.0,H,,Prospect/no MLB projection; no invented workload
061wh,Jefferson Rojas,Yoho and a Bottle of Rum,21.0,H,,Prospect/no MLB projection; no invented workload
06rgw,Juan Sanchez,Young Guns,19.0,H,,Prospect/no MLB projection; no invented workload
06mnl,Wyatt Sanford,TheMissingSox,20.0,H,,Prospect/no MLB projection; no invented workload
02w16,Anthony Santander,Young Guns,31.0,H,439.1191556520023,MLB projection
072jh,Samil Serrano,Shea Stadiums,17.0,H,,Prospect/no MLB projection; no invented workload
06fus,Easton Shelton,Young Guns,21.0,H,,Prospect/no MLB projection; no invented workload
066ip,Mike Sirota,Young Guns,23.0,H,,Prospect/no MLB projection; no invented workload
072ds,Santiago Solarte,TheMissingSox,17.0,H,,Prospect/no MLB projection; no invented workload
06qhh,Dorian Soto,The Sandlot Sluggers,18.0,H,,Prospect/no MLB projection; no invented workload
06rry,Tate Southisene,Flying Squirrels,20.0,H,,Prospect/no MLB projection; no invented workload
06mpr,Brendan Summerhill,Yoho and a Bottle of Rum,22.0,H,,Prospect/no MLB projection; no invented workload
05wy1,Brayden Taylor,Yoho and a Bottle of Rum,24.0,H,,Prospect/no MLB projection; no invented workload
06c0z,Devin Taylor,Sodo Mojo,22.0,H,,Prospect/no MLB projection; no invented workload
066ir,James Tibbs III,The Sandlot Sluggers,24.0,H,,Prospect/no MLB projection; no invented workload
06qhe,Diego Tornes,Flying Squirrels,18.0,H,,Prospect/no MLB projection; no invented workload
07248,Victor Valdez,Ohtani and the Bums,18.0,H,,Prospect/no MLB projection; no invented workload
06625,Joendry Vargas,Miller & Miller LLP,20.0,H,,Prospect/no MLB projection; no invented workload
067yp,Ralphy Velazquez,Young Guns,21.0,H,,Prospect/no MLB projection; no invented workload
06cmf,Mitch Voit,The Sandlot Sluggers,22.0,H,,Prospect/no MLB projection; no invented workload
0662o,Sebastian Walcott,Ohtani and the Bums,20.0,H,,Prospect/no MLB projection; no invented workload
06z9d,Aidan West,TheMissingSox,19.0,H,,Prospect/no MLB projection; no invented workload
05gsc,Jordan Westburg,Cafécitos de Spokane,27.0,H,399.0220482896941,MLB projection
05ubi,Brock Wilken,The Sandlot Sluggers,24.0,H,,Prospect/no MLB projection; no invented workload
060la,Jett Williams,Miller & Miller LLP,22.0,H,,Prospect/no MLB projection; no invented workload
06n8y,Eli Willits,Shea Stadiums,18.0,H,,Prospect/no MLB projection; no invented workload
05yat,Quentin Young,Ohtani and the Bums,19.0,H,,Prospect/no MLB projection; no invented workload
05ucd,Mason Miller,Ohtani and the Bums,28.0,RP,54.27416531746378,MLB projection
05jp7,Gavin Williams,TheMissingSox,27.0,SP,141.73822819499082,MLB projection
04n0m,Logan Gilbert,Sodo Mojo,29.0,SP,165.12949634806634,MLB projection
0596g,Reid Detmers,How Lowe Can You Go?,27.0,SP,142.34205941110218,MLB projection
05jpd,Ian Seymour,Yoho and a Bottle of Rum,27.0,RP,70.56076326774001,MLB projection
02hjp,Jacob deGrom,Sodo Mojo,38.0,SP,105.17415459388727,MLB projection
05wru,Paul Skenes,EpSkenes Island,24.0,SP,165.31663391067949,MLB projection
04eor,Cade Smith,The Sandlot Sluggers,27.0,RP,61.02604008066736,MLB projection
05y62,Bryan Woo,Miller & Miller LLP,26.0,SP,149.9027025173924,MLB projection
03btv,Sandy Alcantara,Miller & Miller LLP,31.0,SP,156.51670678129202,MLB projection
05ge9,Shota Imanaga,Sodo Mojo,33.0,SP,144.5048769905574,MLB projection
041r1,Jesus Luzardo,TheMissingSox,29.0,SP,151.92750226023708,MLB projection
04pr8,Taj Bradley,TheMissingSox,25.0,SP,139.60650681548793,MLB projection
05r8n,Yoshinobu Yamamoto,Sodo Mojo,28.0,SP,151.1933195841589,MLB projection
052c8,Cristopher Sanchez,TheMissingSox,29.0,SP,174.5931039912232,MLB projection
04pmq,Braxton Ashcraft,How Lowe Can You Go?,27.0,SP,149.44982643547814,MLB projection
02iug,Michael Wacha,Miller & Miller LLP,35.0,SP,151.0892327917025,MLB projection
05u6q,Cam Schlittler,Yoho and a Bottle of Rum,25.0,SP,134.0777527597879,MLB projection
01sb3,Zack Wheeler,Sodo Mojo,36.0,SP,142.42533592391857,MLB projection
05y23,Tanner Bibee,EpSkenes Island,27.0,SP,156.99902366247244,MLB projection
061yu,Jacob Misiorowski,Shea Stadiums,24.0,SP,129.0654038970866,MLB projection
05tzn,Parker Messick,Young Guns,25.0,SP,120.0650508606685,MLB projection
04eee,Drew Rasmussen,Shea Stadiums,31.0,SP,137.78378802096617,MLB projection
04ptt,Tarik Skubal,Cafécitos de Spokane,29.0,SP,160.4238350890381,MLB projection
05y7s,Nolan McLean,TheMissingSox,25.0,SP,120.12640244516551,MLB projection
043ia,Adrian Morejon,How Lowe Can You Go?,27.0,RP,65.0728012948292,MLB projection
051bm,Louis Varland,Yoho and a Bottle of Rum,28.0,RP,57.77368398022141,MLB projection
05y2k,Mason Montgomery,TheMissingSox,26.0,RP,50.58727458762651,MLB projection
05ycf,Noah Cameron,Cafécitos de Spokane,27.0,SP,141.84020974801717,MLB projection
05gef,Cade Cavalli,How Lowe Can You Go?,28.0,SP,114.59625743026977,MLB projection
04ak5,Trevor Rogers,Ohtani and the Bums,28.0,SP,111.24692033775749,MLB projection
03df2,Dylan Cease,Cafécitos de Spokane,30.0,SP,160.97537312998475,MLB projection
05xod,Sean Burke,EpSkenes Island,26.0,SP,123.03485035904608,MLB projection
01uca,Chris Sale,Miller & Miller LLP,37.0,SP,125.90660675096666,MLB projection
05aoc,Eury Perez,Shea Stadiums,23.0,SP,118.08879151291512,MLB projection
041wv,Michael King,Miller & Miller LLP,31.0,SP,129.2198938550802,MLB projection
03caf,Foster Griffin,How Lowe Can You Go?,31.0,SP,153.1315116978244,MLB projection
03div,Jake Latz,Ohtani and the Bums,30.0,RP,60.34363541215534,MLB projection
04c0o,Jose Soriano,Shea Stadiums,27.0,SP,135.39289375396015,MLB projection
04ps7,Joe Ryan,Yoho and a Bottle of Rum,30.0,SP,145.33444412278726,MLB projection
06gwk,Payton Tolle,TheMissingSox,23.0,SP,157.43548522498318,MLB projection
03dbm,Logan Webb,EpSkenes Island,29.0,SP,175.8191901748255,MLB projection
03dfa,Tanner Scott,How Lowe Can You Go?,32.0,RP,56.639577994464794,MLB projection
03dc4,Freddy Peralta,Miller & Miller LLP,30.0,SP,141.82055560028988,MLB projection
05rb3,Chase Burns,How Lowe Can You Go?,23.0,SP,120.1374792925901,MLB projection
01ut7,Nathan Eovaldi,Young Guns,36.0,SP,123.354907058905,MLB projection
04aqc,David Bednar,Shea Stadiums,31.0,RP,54.43280675804489,MLB projection
04cwf,Shane Baz,Flying Squirrels,27.0,SP,131.85444139103112,MLB projection
066er,Grant Taylor,How Lowe Can You Go?,24.0,RP,68.48557895213513,MLB projection
04apj,Jhoan Duran,Young Guns,28.0,RP,52.036811672115576,MLB projection
03poo,Peter Lambert,Flying Squirrels,29.0,SP,127.11677243659882,MLB projection
03dau,Trevor Megill,Yoho and a Bottle of Rum,32.0,RP,45.28934956309805,MLB projection
0403o,Andres Munoz,Sodo Mojo,27.0,RP,50.248008312523325,MLB projection
0260v,Sonny Gray,Shea Stadiums,36.0,SP,141.7993564880636,MLB projection
04yie,George Kirby,Yoho and a Bottle of Rum,28.0,SP,156.38798182441698,MLB projection
05y72,Landen Roupp,Ohtani and the Bums,28.0,SP,116.98296521905817,MLB projection
0312g,Tyler Mahle,The Sandlot Sluggers,32.0,SP,92.83361239269637,MLB projection
029si,Eduardo Rodriguez,Cafécitos de Spokane,33.0,SP,105.46861450784178,MLB projection
05yaz,Will Warren,Flying Squirrels,27.0,SP,125.39341973696988,MLB projection
04aok,Gregory Soto,EpSkenes Island,31.0,RP,53.90284306014368,MLB projection
041vm,Dylan Lee,Flying Squirrels,32.0,RP,53.402588611864495,MLB projection
04mnw,Ryan Weathers,How Lowe Can You Go?,26.0,SP,93.92439206257374,MLB projection
01spo,Gerrit Cole,Miller & Miller LLP,36.0,SP,118.1026085082473,MLB projection
03et8,Ranger Suarez,Sodo Mojo,31.0,SP,125.5090094116054,MLB projection
05a1v,Keider Montero,The Sandlot Sluggers,26.0,SP,114.80831270092654,MLB projection
041w4,Bryan Baker,Flying Squirrels,31.0,RP,48.70794107841342,MLB projection
0510l,Emerson Hancock,Cafécitos de Spokane,27.0,SP,97.44094254966706,MLB projection
04auj,Framber Valdez,Flying Squirrels,32.0,SP,156.43831818732582,MLB projection
02c4q,Nick Martinez,Shea Stadiums,36.0,SP,139.8858477626129,MLB projection
04rzp,Rico Garcia,The Sandlot Sluggers,32.0,RP,42.81080163043478,MLB projection
051eh,Kevin Kelly,The Sandlot Sluggers,28.0,RP,56.797908322207384,MLB projection
0629b,Walbert Urena,Cafécitos de Spokane,22.0,SP,146.36153292761176,MLB projection
0516x,Brent Headrick,Miller & Miller LLP,28.0,RP,41.11339563862928,MLB projection
05y9r,Justin Wrobleski,Shea Stadiums,26.0,SP,100.47619329464636,MLB projection
03ann,Jeff Hoffman,Cafécitos de Spokane,33.0,RP,55.67653807057456,MLB projection
04ew7,Aaron Ashby,Yoho and a Bottle of Rum,28.0,RP,61.031498788508124,MLB projection
04eos,Joey Cantillo,Flying Squirrels,26.0,SP,111.36223159640095,MLB projection
05rik,Bubba Chandler,TheMissingSox,24.0,SP,105.38955790305066,MLB projection
02hi7,Kevin Gausman,Flying Squirrels,35.0,SP,155.0225785058699,MLB projection
01gya,Aroldis Chapman,Young Guns,38.0,RP,46.92539803745253,MLB projection
05vy6,Bryce Miller,Miller & Miller LLP,28.0,SP,111.30421567589318,MLB projection
04eud,Shane Drohan,Cafécitos de Spokane,27.0,SP,119.27498711015062,MLB projection
03aqv,Raisel Iglesias,Shea Stadiums,36.0,RP,52.202317453989764,MLB projection
025j1,Robbie Ray,Cafécitos de Spokane,35.0,SP,86.85503466291571,MLB projection
05jp9,Bryce Elder,EpSkenes Island,27.0,SP,120.6879793314576,MLB projection
041mb,Anthony Kay,How Lowe Can You Go?,31.0,SP,131.16019818331955,MLB projection
05sr2,Michael McGreevy,Miller & Miller LLP,26.0,SP,113.46931175646641,MLB projection
05h2u,Jared Jones,TheMissingSox,25.0,SP,111.96664170706183,MLB projection
05yb8,Chad Patrick,The Sandlot Sluggers,28.0,RP,64.36610916506324,MLB projection
064zm,Didier Fuentes,Flying Squirrels,21.0,RP,85.34573716439002,MLB projection
05xz4,Michael Petersen,The Sandlot Sluggers,32.0,RP,36.96557971014493,MLB projection
04ej3,Riley O'Brien,EpSkenes Island,31.0,RP,44.26209660974487,MLB projection
03pjf,Michael Soroka,Flying Squirrels,29.0,SP,100.66157400823279,MLB projection
04pkt,J.T. Ginn,Sodo Mojo,27.0,SP,94.14128994733754,MLB projection
02i3o,Aaron Nola,Miller & Miller LLP,33.0,SP,141.86617966992895,MLB projection
04mlf,Casey Mize,The Sandlot Sluggers,29.0,SP,111.43933234362574,MLB projection
02nb6,Drew Anderson,Yoho and a Bottle of Rum,32.0,RP,59.53079897912558,MLB projection
05133,Andre Pallante,The Sandlot Sluggers,28.0,SP,131.6401979762984,MLB projection
05js3,Kyle Harrison,TheMissingSox,25.0,SP,94.65868339730204,MLB projection
04pq4,Kyle Bradish,Shea Stadiums,30.0,SP,101.75144805003086,MLB projection
04pxf,Davis Martin,Young Guns,29.0,SP,111.08022478254647,MLB projection
0317q,Griffin Jax,How Lowe Can You Go?,31.0,SP,112.9039302503553,MLB projection
05gdz,Roki Sasaki,TheMissingSox,24.0,SP,94.09737637805641,MLB projection
04cd5,MacKenzie Gore,Ohtani and the Bums,27.0,SP,145.71870509121624,MLB projection
05xpq,Christian Scott,TheMissingSox,27.0,SP,90.15195029820346,MLB projection
05uo2,Logan Henderson,Yoho and a Bottle of Rum,24.0,SP,82.89493946273173,MLB projection
04q05,Alex Vesia,Yoho and a Bottle of Rum,30.0,RP,54.19818670213864,MLB projection
05y5d,Bradgley Rodriguez,Flying Squirrels,22.0,RP,51.95816148168275,MLB projection
04mlt,Shane McClanahan,Young Guns,29.0,SP,101.93569693875071,MLB projection
03d6p,Grant Holmes,Miller & Miller LLP,30.0,SP,111.39351476601959,MLB projection
05a2d,Max Meyer,How Lowe Can You Go?,27.0,SP,86.84013417632339,MLB projection
02i2j,Max Fried,Shea Stadiums,32.0,SP,141.6715049409959,MLB projection
04pxo,Erik Sabrowski,How Lowe Can You Go?,28.0,RP,34.65220087688935,MLB projection
05ydo,Juan Morillo,Sodo Mojo,27.0,RP,47.858604651162786,MLB projection
04pps,Hogan Harris,Ohtani and the Bums,29.0,RP,52.77101553933722,MLB projection
05nso,Abner Uribe,Flying Squirrels,26.0,RP,52.29687384495672,MLB projection
02c5l,Luke Weaver,Ohtani and the Bums,33.0,RP,57.907207512464296,MLB projection
02n96,Josh Hader,Cafécitos de Spokane,32.0,RP,48.36754324013682,MLB projection
04eqa,Garrett Whitlock,The Sandlot Sluggers,30.0,RP,52.09231814328231,MLB projection
02n4s,Matthew Boyd,Yoho and a Bottle of Rum,35.0,SP,113.97083197200661,MLB projection
05u6r,Robert Gasser,Young Guns,27.0,SP,68.93335023538958,MLB projection
064no,Spencer Miles,Yoho and a Bottle of Rum,26.0,RP,74.90390443232252,MLB projection
04tlv,Bryan Abreu,How Lowe Can You Go?,29.0,RP,61.007294586738496,MLB projection
05144,Hunter Brown,EpSkenes Island,28.0,SP,144.15903806584362,MLB projection
02btx,Tyler Glasnow,Young Guns,33.0,SP,98.53256276043007,MLB projection
06guh,Brandyn Garcia,Cafécitos de Spokane,26.0,RP,36.00103880945434,MLB projection
0648r,Andrew Morris,How Lowe Can You Go?,25.0,RP,71.69234245337277,MLB projection
060i2,Jake Bennett,Cafécitos de Spokane,25.0,SP,117.56497379241492,MLB projection
01svz,Kenley Jansen,Cafécitos de Spokane,39.0,RP,43.020139615396715,MLB projection
041r5,Dustin May,Ohtani and the Bums,29.0,SP,112.32111861417616,MLB projection
06apx,Trey Yesavage,Miller & Miller LLP,23.0,SP,72.3538007380074,MLB projection
0657l,Jack Perkins,How Lowe Can You Go?,26.0,RP,71.74307454271847,MLB projection
05itb,Randy Vasquez,Miller & Miller LLP,27.0,SP,113.01177169847773,MLB projection
04mlx,Matthew Liberatore,Yoho and a Bottle of Rum,26.0,SP,133.91907658920775,MLB projection
031cy,Emilio Pagan,EpSkenes Island,35.0,RP,47.41163629962151,MLB projection
04xne,Yoendrys Gomez,Shea Stadiums,26.0,RP,50.16400542591298,MLB projection
05w7z,Edgardo Henriquez,TheMissingSox,24.0,RP,43.436306376113016,MLB projection
05y2l,Emmet Sheehan,The Sandlot Sluggers,26.0,SP,94.9618725749468,MLB projection
04auk,Seranthony Dominguez,Young Guns,31.0,RP,52.96956186281339,MLB projection
05uc4,Troy Melton,EpSkenes Island,25.0,SP,114.24937030817858,MLB projection
03yxh,Cal Quantrill,Shea Stadiums,31.0,RP,67.32001468197788,MLB projection
03sef,Seth Lugo,Flying Squirrels,36.0,SP,140.86978824122843,MLB projection
05143,Hunter Gaddis,How Lowe Can You Go?,28.0,RP,58.06103611399562,MLB projection
02c2r,Carlos Rodon,Shea Stadiums,33.0,SP,131.19462446627912,MLB projection
05joq,Connor Prielipp,EpSkenes Island,25.0,SP,121.80672165152114,MLB projection
066cf,Zebby Matthews,TheMissingSox,26.0,SP,97.327049111485,MLB projection
04t40,Brayan Bello,EpSkenes Island,27.0,RP,67.11852948162766,MLB projection
05jq2,Andrew Abbott,EpSkenes Island,27.0,SP,131.11745795803768,MLB projection
06f1r,Connelly Early,TheMissingSox,24.0,SP,78.70575593189581,MLB projection
04mjn,Eduard Bazardo,Sodo Mojo,31.0,RP,53.97309003198574,MLB projection
02mwd,Paul Blackburn,Miller & Miller LLP,32.0,RP,48.742782885864905,MLB projection
04g1x,David Peterson,Young Guns,31.0,SP,123.9012147232868,MLB projection
0374m,Tyler Rogers,How Lowe Can You Go?,35.0,RP,45.02298608754666,MLB projection
03d6w,Jack Flaherty,Young Guns,30.0,SP,118.50774834259333,MLB projection
061cq,Ryan Watson,Cafécitos de Spokane,28.0,RP,57.22986662719753,MLB projection
041rj,JoJo Romero,EpSkenes Island,30.0,RP,51.853246870424236,MLB projection
04mlr,Jeffrey Springs,Ohtani and the Bums,34.0,SP,91.05983745829623,MLB projection
02bx4,Clay Holmes,EpSkenes Island,33.0,SP,92.92218836710121,MLB projection
05r3i,Andrew Painter,TheMissingSox,23.0,SP,140.41624807447593,MLB projection
03nuc,Luis Castillo,Sodo Mojo,33.0,SP,142.00722111572094,MLB projection
04o2w,Ben Brown,Young Guns,27.0,RP,59.97664877757901,MLB projection
066b2,Drew Sommers,Yoho and a Bottle of Rum,26.0,RP,29.179955813635207,MLB projection
06ekq,Zac Thornton,The Sandlot Sluggers,24.0,SP,100.74235383329119,MLB projection
061bo,Rhett Lowder,Flying Squirrels,24.0,SP,90.66230055625968,MLB projection
05jnq,Clayton Beeter,Miller & Miller LLP,27.0,RP,31.916427948348865,MLB projection
05y0j,Spencer Arrighetti,The Sandlot Sluggers,26.0,SP,102.70228177264094,MLB projection
041yb,Dean Kremer,How Lowe Can You Go?,30.0,SP,120.94208336688406,MLB projection
062ob,Jose Ferrer,Sodo Mojo,26.0,RP,59.95289901097397,MLB projection
0515o,Brandon Sproat,TheMissingSox,26.0,SP,61.76610619046863,MLB projection
05t9g,Gage Jump,TheMissingSox,23.0,SP,93.48166638461105,MLB projection
03qo0,Pete Fairbanks,Sodo Mojo,32.0,RP,43.283637651313285,MLB projection
04pmb,Kris Bubic,The Sandlot Sluggers,29.0,SP,73.77787073171719,MLB projection
02bu3,Brandon Woodruff,Shea Stadiums,33.0,SP,66.5107275349598,MLB projection
05r01,Robert Suarez,EpSkenes Island,35.0,RP,46.093944195053254,MLB projection
0311c,Devin Williams,Yoho and a Bottle of Rum,32.0,RP,43.3080677598612,MLB projection
04esc,Keaton Winn,Yoho and a Bottle of Rum,28.0,RP,28.421834986103576,MLB projection
02bqr,Blake Snell,Ohtani and the Bums,33.0,SP,90.88081459951646,MLB projection
05rb0,Jackson Jobe,TheMissingSox,24.0,SP,67.08300365287789,MLB projection
0514f,Hayden Wesneski,Cafécitos de Spokane,28.0,SP,58.20289629174697,MLB projection
06ktn,Tatsuya Imai,Young Guns,28.0,SP,83.29220357393879,MLB projection
05zq4,Ryan Johnson,Ohtani and the Bums,24.0,SP,97.59799786121673,MLB projection
04pko,Grayson Rodriguez,Young Guns,26.0,SP,108.08441637609421,MLB projection
0316j,Nick Pivetta,Ohtani and the Bums,33.0,SP,114.23203246909134,MLB projection
04a2t,Kodai Senga,Miller & Miller LLP,33.0,RP,22.82418945892,MLB projection
041ps,Nick Lodolo,Young Guns,28.0,SP,103.94061881869588,MLB projection
04yid,Ryne Nelson,Cafécitos de Spokane,28.0,SP,111.49672801202907,MLB projection
031bl,Kyle Finnegan,EpSkenes Island,35.0,RP,38.98324397692569,MLB projection
05zd4,Hagen Smith,Young Guns,23.0,RP,43.60127713920817,MLB projection
03qx9,Tayler Saucedo,Young Guns,33.0,RP,27.049396890860997,MLB projection
04y9o,Jack Leiter,The Sandlot Sluggers,26.0,SP,100.46329169138903,MLB projection
05uc7,Noah Schultz,TheMissingSox,23.0,SP,100.40653673565065,MLB projection
04pvl,Mike Burrows,Yoho and a Bottle of Rum,26.0,SP,98.76381263563435,MLB projection
05jrv,Will Klein,Yoho and a Bottle of Rum,26.0,RP,29.29364466785516,MLB projection
05yj0,Chase Dollander,How Lowe Can You Go?,24.0,RP,46.77142454756707,MLB projection
05u4l,Daniel Palencia,Flying Squirrels,26.0,RP,37.85019906208714,MLB projection
041qo,Zac Gallen,Miller & Miller LLP,31.0,SP,135.27947085273144,MLB projection
04ali,Edward Cabrera,Miller & Miller LLP,28.0,SP,96.7625736253906,MLB projection
06hu8,Trent Harris,Cafécitos de Spokane,27.0,RP,29.144663088849132,MLB projection
060eu,Ben Joyce,TheMissingSox,26.0,RP,23.197878775183014,MLB projection
060gd,Quinn Mathews,Young Guns,26.0,SP,71.33571480822218,MLB projection
041rf,Shane Bieber,Young Guns,31.0,SP,63.587182883065886,MLB projection
05tzo,J.R. Ritchie,Ohtani and the Bums,23.0,SP,78.26837592373215,MLB projection
05138,Matt Brash,Cafécitos de Spokane,28.0,RP,39.56483644859813,MLB projection
05ydp,Kade Anderson,Sodo Mojo,22.0,SP,66.05276973031829,MLB projection
0658b,Jonah Tong,TheMissingSox,23.0,SP,55.46654164713237,MLB projection
06f14,Ethan Pecko,Young Guns,24.0,SP,63.751189653470234,MLB projection
051jg,Alex McFarlane,Cafécitos de Spokane,25.0,RP,29.34824583025224,MLB projection
04ml0,Yusei Kikuchi,Sodo Mojo,35.0,SP,125.61266507496157,MLB projection
05acp,Justin Martinez,TheMissingSox,25.0,RP,35.82674507318333,MLB projection
06fzq,Craig Yoho,Yoho and a Bottle of Rum,26.0,RP,29.30860558275578,MLB projection
045kb,Cristian Javier,Ohtani and the Bums,29.0,SP,72.35644540359915,MLB projection
06ckl,Luis De Leon,Ohtani and the Bums,23.0,RP,26.2434227330779,MLB projection
062pn,David Sandlin,How Lowe Can You Go?,25.0,SP,64.90431153694192,MLB projection
05gww,Cade Horton,Young Guns,25.0,SP,73.53600917812838,MLB projection
03ql5,Ryan Helsley,Yoho and a Bottle of Rum,32.0,RP,40.86766304347826,MLB projection
041am,Lucas Erceg,EpSkenes Island,31.0,RP,46.371914879501084,MLB projection
03poq,Tony Santillan,Sodo Mojo,29.0,RP,43.89101279885556,MLB projection
05rgq,Kendry Rojas,How Lowe Can You Go?,23.0,RP,25.21098198914051,MLB projection
05mre,Spencer Strider,Cafécitos de Spokane,27.0,SP,95.19488355255217,MLB projection
05yfp,Erik Tolman,Cafécitos de Spokane,27.0,RP,23.622516398330347,MLB projection
041ma,Cole Ragans,How Lowe Can You Go?,28.0,SP,95.03843973860691,MLB projection
04aea,Hunter Greene,TheMissingSox,27.0,SP,97.63500505173546,MLB projection
067xm,George Klassen,Ohtani and the Bums,24.0,SP,52.21803707224335,MLB projection
05g4k,Mick Abel,Ohtani and the Bums,25.0,SP,52.34456876174313,MLB projection
05ajh,Garrett Crochet,EpSkenes Island,27.0,SP,124.62035890841109,MLB projection
06htl,Ty Johnson,EpSkenes Island,25.0,RP,19.13704213267057,MLB projection
03pj4,Cody Ponce,Yoho and a Bottle of Rum,32.0,SP,33.55741243814884,MLB projection
06mc1,Trey Gibson,Young Guns,24.0,SP,60.09218551964512,MLB projection
05xq2,Mitch Bratt,EpSkenes Island,23.0,SP,60.65298696903029,MLB projection
02my5,Edwin Diaz,Cafécitos de Spokane,32.0,RP,42.01639363180221,MLB projection
05uy5,AJ Smith-Shawver,Ohtani and the Bums,23.0,SP,41.39387633069813,MLB projection
06fwg,Khristian Curtis,How Lowe Can You Go?,24.0,RP,21.249874770412422,MLB projection
05198,Gavin Collyer,Yoho and a Bottle of Rum,25.0,RP,27.998000760446942,MLB projection
05js6,Ricky Tiedemann,Miller & Miller LLP,24.0,RP,18.51024575734103,MLB projection
05xoo,Elmer Rodriguez,Miller & Miller LLP,23.0,SP,50.243893495797366,MLB projection
05y40,Eduardo Rivera,EpSkenes Island,23.0,SP,51.22262407072533,MLB projection
0569p,Coleman Crow,Yoho and a Bottle of Rum,25.0,SP,51.94487544699679,MLB projection
0662m,Luis Morales,Yoho and a Bottle of Rum,24.0,RP,18.586241442644848,MLB projection
041rd,Corbin Burnes,Young Guns,31.0,SP,109.6273032532134,MLB projection
06f1b,Brody Hopkins,How Lowe Can You Go?,24.0,RP,18.014435603126536,MLB projection
062pm,Owen Murphy,Young Guns,23.0,RP,24.11903582631665,MLB projection
05gd5,Luis Perales,EpSkenes Island,23.0,RP,15.518888226724936,MLB projection
061lj,Winston Santos,Ohtani and the Bums,24.0,RP,15.53538483205408,MLB projection
0603p,Hurston Waldrep,Yoho and a Bottle of Rum,24.0,SP,47.931162753565424,MLB projection
06dqb,Shane Smith,How Lowe Can You Go?,26.0,SP,80.99324376386824,MLB projection
0516h,DJ Herz,How Lowe Can You Go?,25.0,SP,57.65320580359103,MLB projection
05ynx,River Ryan,Cafécitos de Spokane,28.0,SP,35.371837873527724,MLB projection
061mh,Robby Snelling,Ohtani and the Bums,22.0,SP,35.98338963963964,MLB projection
05t64,Felix Bautista,Young Guns,31.0,RP,28.605169882435437,MLB projection
04ee7,Clarke Schmidt,Miller & Miller LLP,30.0,RP,13.27161830518262,MLB projection
05xpj,Tanner McDougal,How Lowe Can You Go?,23.0,RP,15.00932805018986,MLB projection
06ktt,Jamie Arnold,Young Guns,22.0,SP,,Prospect/no MLB projection; no invented workload
05u9j,Jackson Baumeister,EpSkenes Island,24.0,SP,,Prospect/no MLB projection; no invented workload
06dqi,Jake Bloss,Ohtani and the Bums,25.0,SP,47.13940238802352,MLB projection
05ybz,Brody Brecht,Ohtani and the Bums,24.0,SP,,Prospect/no MLB projection; no invented workload
06icx,Tyler Bremner,EpSkenes Island,22.0,SP,,Prospect/no MLB projection; no invented workload
06ht3,Jacob Bresnahan,Shea Stadiums,21.0,SP,,Prospect/no MLB projection; no invented workload
062e0,Cam Caminiti,Ohtani and the Bums,20.0,SP,,Prospect/no MLB projection; no invented workload
06rm6,Kendry Chourio,TheMissingSox,19.0,SP,,Prospect/no MLB projection; no invented workload
060m8,Jurrangelo Cijntje,Miller & Miller LLP,23.0,SP,,Prospect/no MLB projection; no invented workload
06qif,Brandon Clarke,How Lowe Can You Go?,23.0,SP,,Prospect/no MLB projection; no invented workload
06zrf,Aidan Cremarosa,Yoho and a Bottle of Rum,22.0,SP,,Prospect/no MLB projection; no invented workload
06l3m,Bryce Cunningham,The Sandlot Sluggers,23.0,SP,,Prospect/no MLB projection; no invented workload
05uec,Yoniel Curet,EpSkenes Island,23.0,RP,,Prospect/no MLB projection; no invented workload
06mio,David Davalillo,Young Guns,25.0,SP,,Prospect/no MLB projection; no invented workload
06rgh,Kevin Defrank,TheMissingSox,18.0,SP,,Prospect/no MLB projection; no invented workload
06r9y,Sadbiel Delzine,Cafécitos de Spokane,18.0,SP,,Prospect/no MLB projection; no invented workload
06krw,Eliazar Dishmey,Yoho and a Bottle of Rum,21.0,SP,,Prospect/no MLB projection; no invented workload
06kk6,Braylon Doughty,Young Guns,20.0,SP,,Prospect/no MLB projection; no invented workload
06roc,Liam Doyle,The Sandlot Sluggers,22.0,SP,,Prospect/no MLB projection; no invented workload
06rre,Joseph Dzierwa,Young Guns,22.0,SP,,Prospect/no MLB projection; no invented workload
06o03,Daniel Eagen,EpSkenes Island,23.0,SP,,Prospect/no MLB projection; no invented workload
06hv8,Logan Evans,Sodo Mojo,25.0,SP,80.03416942655883,MLB projection
06mph,Anthony Eyanson,Young Guns,21.0,SP,,Prospect/no MLB projection; no invented workload
06mcc,Yhoiker Fajardo,TheMissingSox,20.0,SP,,Prospect/no MLB projection; no invented workload
05u6g,Jackson Ferris,EpSkenes Island,22.0,SP,,Prospect/no MLB projection; no invented workload
05yav,David Festa,Ohtani and the Bums,26.0,SP,70.82904179947055,MLB projection
06roe,Patrick Forbes,Miller & Miller LLP,22.0,SP,,Prospect/no MLB projection; no invented workload
06hwt,Michael Forret,TheMissingSox,22.0,SP,,Prospect/no MLB projection; no invented workload
06iby,Branneli Franco,EpSkenes Island,19.0,RP,,Prospect/no MLB projection; no invented workload
06yjx,Tanner Franklin,Cafécitos de Spokane,22.0,SP,,Prospect/no MLB projection; no invented workload
06o09,Davian Garcia,How Lowe Can You Go?,22.0,SP,,Prospect/no MLB projection; no invented workload
064o6,Gary Gill Hill,Sodo Mojo,22.0,SP,,Prospect/no MLB projection; no invented workload
06onz,David Hagaman,EpSkenes Island,23.0,SP,,Prospect/no MLB projection; no invented workload
06f1o,Trevor Harrison,Sodo Mojo,21.0,SP,,Prospect/no MLB projection; no invented workload
05jpx,Tink Hence,Ohtani and the Bums,24.0,RP,,Prospect/no MLB projection; no invented workload
067yn,Seth Hernandez,Yoho and a Bottle of Rum,20.0,SP,,Prospect/no MLB projection; no invented workload
066iq,Ben Hess,Miller & Miller LLP,24.0,SP,,Prospect/no MLB projection; no invented workload
06mnh,Dasan Hill,Yoho and a Bottle of Rum,20.0,SP,,Prospect/no MLB projection; no invented workload
06z0x,Caden Hunter,Ohtani and the Bums,22.0,SP,,Prospect/no MLB projection; no invented workload
06qwt,Ben Jacobs,Flying Squirrels,22.0,SP,,Prospect/no MLB projection; no invented workload
06n3o,Johnny King,Flying Squirrels,20.0,SP,,Prospect/no MLB projection; no invented workload
062h4,Carlos Lagrange,Yoho and a Bottle of Rum,23.0,SP,,Prospect/no MLB projection; no invented workload
06kza,Justin Lamkin,Cafécitos de Spokane,22.0,SP,,Prospect/no MLB projection; no invented workload
06gjw,Bishop Letson,The Sandlot Sluggers,22.0,SP,,Prospect/no MLB projection; no invented workload
06op3,Wei-En Lin,Shea Stadiums,20.0,SP,,Prospect/no MLB projection; no invented workload
043f9,Pablo Lopez,Ohtani and the Bums,30.0,SP,140.09677701493405,MLB projection
06y0k,Ramon Marquez,Shea Stadiums,20.0,SP,,Prospect/no MLB projection; no invented workload
06qra,Bryce Mayer,Ohtani and the Bums,24.0,SP,,Prospect/no MLB projection; no invented workload
06lp4,Kash Mayfield,The Sandlot Sluggers,21.0,SP,,Prospect/no MLB projection; no invented workload
06rw3,Briggs McKenzie,Flying Squirrels,19.0,SP,,Prospect/no MLB projection; no invented workload
06jfn,Esteban Mejia,Ohtani and the Bums,19.0,SP,,Prospect/no MLB projection; no invented workload
062yr,Noble Meyer,The Sandlot Sluggers,21.0,SP,,Prospect/no MLB projection; no invented workload
062z7,Karson Milbrandt,EpSkenes Island,22.0,SP,,Prospect/no MLB projection; no invented workload
06gx3,Mason Molina,The Sandlot Sluggers,23.0,SP,,Prospect/no MLB projection; no invented workload
02bqy,Joe Musgrove,Ohtani and the Bums,33.0,SP,97.52649501860522,MLB projection
04px8,Reese Olson,TheMissingSox,27.0,SP,94.06228935913984,MLB projection
06f1q,Christian Oppor,Ohtani and the Bums,22.0,SP,,Prospect/no MLB projection; no invented workload
06qp2,Nate Payne,Shea Stadiums,21.0,SP,,Prospect/no MLB projection; no invented workload
0512m,Ryan Pepiot,Sodo Mojo,29.0,SP,142.16743795776148,MLB projection
067xg,Nolan Perry,How Lowe Can You Go?,23.0,SP,,Prospect/no MLB projection; no invented workload
050vn,Quinn Priester,Shea Stadiums,26.0,SP,102.70918371493825,MLB projection
06rrl,Riley Quick,Ohtani and the Bums,22.0,SP,,Prospect/no MLB projection; no invented workload
05jqh,Tekoah Roby,Miller & Miller LLP,25.0,SP,,Prospect/no MLB projection; no invented workload
05w9g,Randy Rodriguez,TheMissingSox,27.0,RP,48.26356207513416,MLB projection
06kxc,Zach Root,Miller & Miller LLP,22.0,SP,,Prospect/no MLB projection; no invented workload
05jri,Alejandro Rosario,How Lowe Can You Go?,24.0,SP,,Prospect/no MLB projection; no invented workload
06cmi,AJ Russell,Cafécitos de Spokane,22.0,SP,,Prospect/no MLB projection; no invented workload
06r2u,Junior Sanchez,Ohtani and the Bums,21.0,SP,,Prospect/no MLB projection; no invented workload
060ue,Jonathan Santucci,TheMissingSox,23.0,SP,,Prospect/no MLB projection; no invented workload
06f1j,Caden Scarborough,Cafécitos de Spokane,21.0,SP,,Prospect/no MLB projection; no invented workload
064wj,Kruz Schoolcraft,The Sandlot Sluggers,19.0,SP,,Prospect/no MLB projection; no invented workload
05tq1,Spencer Schwellenbach,Ohtani and the Bums,26.0,SP,115.13953720330453,MLB projection
066az,Adam Serwinowski,EpSkenes Island,22.0,SP,,Prospect/no MLB projection; no invented workload
06kke,David Shields,Young Guns,20.0,SP,,Prospect/no MLB projection; no invented workload
06ybd,Miguel Sime,How Lowe Can You Go?,19.0,SP,,Prospect/no MLB projection; no invented workload
06c8x,Luke Sinnard,Ohtani and the Bums,23.0,SP,,Prospect/no MLB projection; no invented workload
06y9s,Johnny Slawinski,Shea Stadiums,19.0,SP,,Prospect/no MLB projection; no invented workload
06ier,Ryan Sloan,Yoho and a Bottle of Rum,20.0,SP,,Prospect/no MLB projection; no invented workload
06ftt,Brady Smith,Flying Squirrels,21.0,SP,,Prospect/no MLB projection; no invented workload
05zq5,Charlee Soto,Young Guns,21.0,SP,,Prospect/no MLB projection; no invented workload
03deg,Justin Steele,Cafécitos de Spokane,31.0,SP,103.701058128753,MLB projection
06z3m,Jackson Steensma,Young Guns,22.0,SP,,Prospect/no MLB projection; no invented workload
06nub,Khal Stephen,Young Guns,23.0,SP,,Prospect/no MLB projection; no invented workload
05mrx,Gavin Stone,Yoho and a Bottle of Rum,27.0,SP,98.86717055921834,MLB projection
0620x,Santiago Suarez,Young Guns,21.0,SP,,Prospect/no MLB projection; no invented workload
05y7n,Jarlin Susana,Yoho and a Bottle of Rum,22.0,SP,,Prospect/no MLB projection; no invented workload
05ycl,Travis Sykora,The Sandlot Sluggers,22.0,SP,,Prospect/no MLB projection; no invented workload
05yb1,Drew Thorpe,TheMissingSox,26.0,SP,55.67153783770892,MLB projection
06mlb,Juan Valera,EpSkenes Island,20.0,SP,,Prospect/no MLB projection; no invented workload
04ok0,Mike Vasil,EpSkenes Island,26.0,RP,71.74307454271847,MLB projection
06f1c,Jack Wenninger,Shea Stadiums,24.0,SP,,Prospect/no MLB projection; no invented workload
05tp6,Thomas White,Ohtani and the Bums,22.0,SP,,Prospect/no MLB projection; no invented workload
05u2p,Jaxon Wiggins,Cafécitos de Spokane,25.0,SP,,Prospect/no MLB projection; no invented workload
06ms5,Kyson Witherspoon,Young Guns,22.0,SP,,Prospect/no MLB projection; no invented workload
06ujt,Gage Wood,Miller & Miller LLP,22.0,SP,,Prospect/no MLB projection; no invented workload
06207,Christian Zazueta,TheMissingSox,21.0,SP,,Prospect/no MLB projection; no invented workload
