name,role,neutral_UNCHANGED,category,live_baseline,latest_only_DIAGNOSTIC_NOT_CANDIDATE
Jacob Misiorowski,SP,93.40712846448892,IP,129.0654038970866,166.3419587116912
Jacob Misiorowski,SP,93.40712846448892,K,166.21059057244688,222.6891014042375
Jacob Misiorowski,SP,93.40712846448892,ER,39.751853774032746,40.656818255070924
Jacob Misiorowski,SP,93.40712846448892,SV,0.005265829035681654,0.005242402881815297
Jacob Misiorowski,SP,93.40712846448892,HLD,0.03540172909553595,0.0352442370183516
Jacob Misiorowski,SP,93.40712846448892,QA3,16.010747162511446,23.128003113545578
Jacob Misiorowski,SP,93.40712846448892,H,88.01663966385692,103.52731768110647
Jacob Misiorowski,SP,93.40712846448892,BB,39.61637813057445,44.033268668439426
Cade Smith,RP,39.23292976251089,IP,61.02604008066736,59.55639140044203
Cade Smith,RP,39.23292976251089,K,76.8329784819344,76.18669492055153
Cade Smith,RP,39.23292976251089,ER,20.042276725630675,17.861939290447097
Cade Smith,RP,39.23292976251089,SV,15.808142383702176,25.317352759004997
Cade Smith,RP,39.23292976251089,HLD,9.168349764121258,3.0280276616272417
Cade Smith,RP,39.23292976251089,QA3,0.029438867731469146,0.02878106872172156
Cade Smith,RP,39.23292976251089,H,48.071255704583805,45.18073720937159
Cade Smith,RP,39.23292976251089,BB,19.799096062920693,20.98285862181954
Paul Skenes,SP,94.90674535679459,IP,165.31663391067949,166.10261776390462
Paul Skenes,SP,94.90674535679459,K,182.9642190295954,180.6480307267317
Paul Skenes,SP,94.90674535679459,ER,56.86804887888769,73.48566030866493
Paul Skenes,SP,94.90674535679459,SV,0.005342540626964054,0.005243399594839878
Paul Skenes,SP,94.90674535679459,HLD,0.03591745472101012,0.03525093783682542
Paul Skenes,SP,94.90674535679459,QA3,19.409455184247133,16.741422679615056
Paul Skenes,SP,94.90674535679459,H,135.00909256016635,144.7828654502103
Paul Skenes,SP,94.90674535679459,BB,43.94086358210871,48.1644660803515
Tarik Skubal,SP,94.82778322180556,IP,160.4238350890381,147.999582237076
Tarik Skubal,SP,94.82778322180556,K,181.423708769202,163.22382313125217
Tarik Skubal,SP,94.82778322180556,ER,51.33334644934409,51.246790767982695
Tarik Skubal,SP,94.82778322180556,SV,0.007009253989277155,0.006803442634688802
Tarik Skubal,SP,94.82778322180556,HLD,0.03504626994638577,0.034017213173444014
Tarik Skubal,SP,94.82778322180556,QA3,18.24381821586366,16.718265759579456
Tarik Skubal,SP,94.82778322180556,H,129.74571916980318,125.21157784191028
Tarik Skubal,SP,94.82778322180556,BB,32.83750162166161,30.135296812871868
Zack Wheeler,SP,53.01369209090248,IP,142.42533592391857,132.78964139746458
Zack Wheeler,SP,53.01369209090248,K,162.15387634936357,150.55851618629197
Zack Wheeler,SP,53.01369209090248,ER,50.30739667851799,48.44556423037062
Zack Wheeler,SP,53.01369209090248,SV,0.004006675638048774,0.0038698549351869767
Zack Wheeler,SP,53.01369209090248,HLD,0.020033378190243867,0.019349274675934884
Zack Wheeler,SP,53.01369209090248,QA3,17.28719626568439,15.67278680436214
Zack Wheeler,SP,53.01369209090248,H,113.09374027080392,107.19407826072255
Zack Wheeler,SP,53.01369209090248,BB,39.81231394904846,41.387453657571875
Garrett Crochet,SP,59.38290891546941,IP,124.62035890841109,53.45224823485693
Garrett Crochet,SP,59.38290891546941,K,148.80740240249648,54.720262476980366
Garrett Crochet,SP,59.38290891546941,ER,51.19211291932754,31.44153947980547
Garrett Crochet,SP,59.38290891546941,SV,0.0074941128545731785,0.007726416943972198
Garrett Crochet,SP,59.38290891546941,HLD,0.032788952020160196,0.03863208471986099
Garrett Crochet,SP,59.38290891546941,QA3,13.916253918228646,4.982203400119076
Garrett Crochet,SP,59.38290891546941,H,112.56405672730034,56.319707878448696
Garrett Crochet,SP,59.38290891546941,BB,33.131315098899776,17.885358194294383
Josh Hader,RP,19.85534140783531,IP,48.36754324013682,40.75756442745765
Josh Hader,RP,19.85534140783531,K,57.61210440561231,43.99087772001885
Josh Hader,RP,19.85534140783531,ER,16.1397992211357,10.498853168080306
Josh Hader,RP,19.85534140783531,SV,17.570748312048888,15.062455992673772
Josh Hader,RP,19.85534140783531,HLD,2.8707676333111793,2.705278295117866
Josh Hader,RP,19.85534140783531,QA3,0.0291124954363615,0.027434265701911546
Josh Hader,RP,19.85534140783531,H,34.119303487479414,26.805644406988538
Josh Hader,RP,19.85534140783531,BB,18.842243378807396,15.522497145843197
Edwin Diaz,RP,10.785123039576074,IP,42.01639363180221,21.871097885809178
Edwin Diaz,RP,10.785123039576074,K,51.79748605682024,24.65424589512981
Edwin Diaz,RP,10.785123039576074,ER,19.075125667843736,13.753838351292838
Edwin Diaz,RP,10.785123039576074,SV,11.029021884469232,4.274483268538153
Edwin Diaz,RP,10.785123039576074,HLD,3.1285976408273313,2.301816554472651
Edwin Diaz,RP,10.785123039576074,QA3,0.02919390391859931,0.10116890555270001
Edwin Diaz,RP,10.785123039576074,H,36.583705068602136,24.1382338330744
Edwin Diaz,RP,10.785123039576074,BB,17.352084581568178,10.016429066308014
Tyler Holton,RP,15.226094561833623,IP,69.37436841345462,61.68286235022377
Tyler Holton,RP,15.226094561833623,K,57.01053282427189,49.19473932010828
Tyler Holton,RP,15.226094561833623,ER,24.92791208009079,21.897681894774653
Tyler Holton,RP,15.226094561833623,SV,3.60789623966468,3.1508326421474404
Tyler Holton,RP,15.226094561833623,HLD,12.182387825129583,11.37733064159298
Tyler Holton,RP,15.226094561833623,QA3,0.21334242693041092,0.20419489294706478
Tyler Holton,RP,15.226094561833623,H,59.880984011777976,61.13343569489009
Tyler Holton,RP,15.226094561833623,BB,19.279004162789324,19.144918331884668
Reid Detmers,SP,42.98283958855136,IP,142.34205941110218,162.66952622512315
Reid Detmers,SP,42.98283958855136,K,156.67342021178226,178.35672365876957
Reid Detmers,SP,42.98283958855136,ER,68.76457466777708,66.8359675659837
Reid Detmers,SP,42.98283958855136,SV,0.006786605284959023,0.0065619233956071416
Reid Detmers,SP,42.98283958855136,HLD,0.029693397922676577,0.028710348450014557
Reid Detmers,SP,42.98283958855136,QA3,13.613286469679178,16.827766424228535
Reid Detmers,SP,42.98283958855136,H,128.86307997233496,135.16645139893618
Reid Detmers,SP,42.98283958855136,BB,45.66892154840863,45.053828710811906
Mason Montgomery,RP,16.140753814593708,IP,50.58727458762651,60.49304542359693
Mason Montgomery,RP,16.140753814593708,K,64.03261014458161,80.96345031734286
Mason Montgomery,RP,16.140753814593708,ER,22.597380534832247,23.019158660327236
Mason Montgomery,RP,16.140753814593708,SV,7.486665290918339,13.004132209381394
Mason Montgomery,RP,16.140753814593708,HLD,7.995787820060024,7.685157792000554
Mason Montgomery,RP,16.140753814593708,QA3,0.1724850384613462,0.27117902317254927
Mason Montgomery,RP,16.140753814593708,H,44.69868993114119,46.50176723733552
Mason Montgomery,RP,16.140753814593708,BB,22.159141623606406,23.72328860133682
Andrew Morris,RP,8.876182925953565,IP,71.69234245337277,71.69234245337277
Andrew Morris,RP,8.876182925953565,K,67.04339897761987,67.04339897761987
Andrew Morris,RP,8.876182925953565,ER,36.654326062380996,36.654326062380996
Andrew Morris,RP,8.876182925953565,SV,5.677949922824356,5.677949922824356
Andrew Morris,RP,8.876182925953565,HLD,19.471795855899543,19.471795855899543
Andrew Morris,RP,8.876182925953565,QA3,0.1703939353938904,0.1703939353938904
Andrew Morris,RP,8.876182925953565,H,74.01230458458541,74.01230458458541
Andrew Morris,RP,8.876182925953565,BB,28.211760113486573,28.211760113486573
Fernando Tatis Jr.,H,61.883947996755516,AB,573.3662897866362,593.6742131378357
Fernando Tatis Jr.,H,61.883947996755516,PA,647.6362251192173,667.1634936699764
Fernando Tatis Jr.,H,61.883947996755516,H,154.2343702247811,165.7280229877248
Fernando Tatis Jr.,H,61.883947996755516,HR,22.654234289763448,22.115713574742642
Fernando Tatis Jr.,H,61.883947996755516,R,89.82869536793093,87.10637460066918
Fernando Tatis Jr.,H,61.883947996755516,RBI,70.54326507924992,75.60262397393251
Fernando Tatis Jr.,H,61.883947996755516,SB,24.088490904278967,28.66869457221738
Fernando Tatis Jr.,H,61.883947996755516,BB,64.17816384378449,60.850492855138704
Fernando Tatis Jr.,H,61.883947996755516,HBP,6.159756874750396,6.411951942336323
Fernando Tatis Jr.,H,61.883947996755516,SF,3.6910898547230215,5.572904546667904
Fernando Tatis Jr.,H,61.883947996755516,TB,254.107863223402,266.53159394205846
Roman Anthony,H,25.472100269504377,AB,331.9861040249788,300.5236969682539
Roman Anthony,H,25.472100269504377,PA,381.0704820589894,340.96274858295703
Roman Anthony,H,25.472100269504377,H,88.69660127198733,77.77196604174033
Roman Anthony,H,25.472100269504377,HR,9.785630422836368,8.631019537413332
Roman Anthony,H,25.472100269504377,R,47.912482856341164,37.398389903663805
Roman Anthony,H,25.472100269504377,RBI,35.72598790009097,28.121582317380213
Roman Anthony,H,25.472100269504377,SB,4.644769619901083,4.090305440714944
Roman Anthony,H,25.472100269504377,BB,43.924716538069454,37.10184109193196
Roman Anthony,H,25.472100269504377,HBP,3.8100943141454047,1.8114553594110412
Roman Anthony,H,25.472100269504377,SF,1.245929667898413,0.7310105895249494
Roman Anthony,H,25.472100269504377,TB,141.91658949214147,127.50907162196131
Aaron Judge,H,71.39504593539526,AB,384.5364530893556,245.37793615452702
Aaron Judge,H,71.39504593539526,PA,469.40924238138865,289.39806743299545
Aaron Judge,H,71.39504593539526,H,111.41691532655064,59.66715265741811
Aaron Judge,H,71.39504593539526,HR,30.2285381696642,14.772679588403753
Aaron Judge,H,71.39504593539526,R,78.07297232554089,41.65415666513419
Aaron Judge,H,71.39504593539526,RBI,73.14681371913568,37.77729828947973
Aaron Judge,H,71.39504593539526,SB,7.182962988654602,4.88061709525772
Aaron Judge,H,71.39504593539526,BB,76.81896290212342,38.96135531573862
Aaron Judge,H,71.39504593539526,HBP,4.554875632760198,2.2643953043654794
Aaron Judge,H,71.39504593539526,SF,2.986516895570044,1.2681417918116553
Aaron Judge,H,71.39504593539526,TB,224.93500147087892,115.8330248210579
Juan Soto,H,87.92913544913269,AB,528.1015367508638,418.491509422381
Juan Soto,H,87.92913544913269,PA,640.1656812624801,497.63625720137503
Juan Soto,H,87.92913544913269,H,140.52225139025805,111.60136040462453
Juan Soto,H,87.92913544913269,HR,32.525463954321886,24.42704965966784
Juan Soto,H,87.92913544913269,R,93.67359683242742,62.335459250188066
Juan Soto,H,87.92913544913269,RBI,88.11886762848529,65.54135698088022
Juan Soto,H,87.92913544913269,SB,14.973007731887956,8.03591285832187
Juan Soto,H,87.92913544913269,BB,104.91339353724887,74.80187577958552
Juan Soto,H,87.92913544913269,HBP,2.75551098835824,1.5586911324445287
Juan Soto,H,87.92913544913269,SF,4.101295375678649,2.324398262934755
Juan Soto,H,87.92913544913269,TB,263.3148819783182,201.87166237892487
Bobby Witt Jr.,H,97.34400939163052,AB,609.7217684313757,551.4947498431364
Bobby Witt Jr.,H,97.34400939163052,PA,679.97249866402,624.0207961745865
Bobby Witt Jr.,H,97.34400939163052,H,174.43302817064028,150.91719867195053
Bobby Witt Jr.,H,97.34400939163052,HR,22.45045830259333,17.13877216764017
Bobby Witt Jr.,H,97.34400939163052,R,97.60128838077198,87.58907807278518
Bobby Witt Jr.,H,97.34400939163052,RBI,78.07169389171314,54.30299231111778
Bobby Witt Jr.,H,97.34400939163052,SB,33.10908601767953,35.35120054404999
Bobby Witt Jr.,H,97.34400939163052,BB,58.542122878458756,65.2208467666107
Bobby Witt Jr.,H,97.34400939163052,HBP,5.62238190854515,3.239846245757759
Bobby Witt Jr.,H,97.34400939163052,SF,6.086225445640365,4.065353319081581
Bobby Witt Jr.,H,97.34400939163052,TB,289.26168550477666,235.6369077004679
Jackson Chourio,H,90.84854048054544,AB,609.8451684151382,592.5216557392272
Jackson Chourio,H,90.84854048054544,PA,665.8000669922803,653.5452782127084
Jackson Chourio,H,90.84854048054544,H,165.4699633443519,166.21610989763934
Jackson Chourio,H,90.84854048054544,HR,24.47448140086537,26.28088550968962
Jackson Chourio,H,90.84854048054544,R,98.92740768957188,103.71593322898656
Jackson Chourio,H,90.84854048054544,RBI,85.75580010529977,82.9179606968395
Jackson Chourio,H,90.84854048054544,SB,22.678675667011618,23.238529878948217
Jackson Chourio,H,90.84854048054544,BB,48.90630000368884,55.79868371493032
Jackson Chourio,H,90.84854048054544,HBP,3.3645022009229217,2.7822980207364467
Jackson Chourio,H,90.84854048054544,SF,3.684096372530405,2.4426407378143806
Jackson Chourio,H,90.84854048054544,TB,277.31099605816496,275.87573552937357
Jackson Holliday,H,13.43602793688419,AB,534.0512792266878,386.377816959374
Jackson Holliday,H,13.43602793688419,PA,596.3451149321294,433.72670285329997
Jackson Holliday,H,13.43602793688419,H,126.05619644000404,94.15771499724524
Jackson Holliday,H,13.43602793688419,HR,16.043155093146982,10.38769449865658
Jackson Holliday,H,13.43602793688419,R,72.47775975570887,56.730558957305604
Jackson Holliday,H,13.43602793688419,RBI,57.47461463920466,42.18069078506052
Jackson Holliday,H,13.43602793688419,SB,13.847612804196451,10.049047772577032
Jackson Holliday,H,13.43602793688419,BB,54.81442874532058,40.287738178751674
Jackson Holliday,H,13.43602793688419,HBP,3.852657531563523,0.7988286244505696
Jackson Holliday,H,13.43602793688419,SF,3.62674942855741,4.591175599596224
Jackson Holliday,H,13.43602793688419,TB,199.6287698783479,145.19592615131577
Henry Bolte,H,45.09684185682092,AB,469.9737435744937,469.9737435744937
Henry Bolte,H,45.09684185682092,PA,534.5428476435874,534.5428476435874
Henry Bolte,H,45.09684185682092,H,127.98730122512576,127.98730122512576
Henry Bolte,H,45.09684185682092,HR,13.323063848547521,13.323063848547521
Henry Bolte,H,45.09684185682092,R,63.926212158976185,63.926212158976185
Henry Bolte,H,45.09684185682092,RBI,47.251286344030206,47.251286344030206
Henry Bolte,H,45.09684185682092,SB,19.37387249574215,19.37387249574215
Henry Bolte,H,45.09684185682092,BB,45.84371747549831,45.84371747549831
Henry Bolte,H,45.09684185682092,HBP,15.933879266044642,15.933879266044642
Henry Bolte,H,45.09684185682092,SF,2.7915073275507245,2.7915073275507245
Henry Bolte,H,45.09684185682092,TB,190.49951920549046,190.49951920549046
Corey Seager,H,21.067140693747852,AB,380.5619283362543,313.6953253893022
Corey Seager,H,21.067140693747852,PA,432.6212190326746,355.8650139430665
Corey Seager,H,21.067140693747852,H,96.83245771806921,72.37850179142137
Corey Seager,H,21.067140693747852,HR,18.30786325223779,15.909566973928538
Corey Seager,H,21.067140693747852,R,54.14932573636327,45.59236099318369
Corey Seager,H,21.067140693747852,RBI,51.43138942808978,41.988369825100484
Corey Seager,H,21.067140693747852,SB,2.450142538268199,2.386774597761394
Corey Seager,H,21.067140693747852,BB,44.73243211856604,36.479859170496
Corey Seager,H,21.067140693747852,HBP,3.70818510450938,3.2054374902627805
Corey Seager,H,21.067140693747852,SF,2.843167070479749,2.4843918930056104
Corey Seager,H,21.067140693747852,TB,170.36780488047543,132.71705834903298
Ronald Acuna Jr.,H,50.56437958344444,AB,418.6605492611894,418.77057060029244
Ronald Acuna Jr.,H,50.56437958344444,PA,484.9899322332308,479.01545377310805
Ronald Acuna Jr.,H,50.56437958344444,H,112.77773700420566,104.9726018604777
Ronald Acuna Jr.,H,50.56437958344444,HR,19.491338254987987,18.55182896287976
Ronald Acuna Jr.,H,50.56437958344444,R,72.7210080367282,60.11957705364255
Ronald Acuna Jr.,H,50.56437958344444,RBI,52.87311587627482,54.08768706078059
Ronald Acuna Jr.,H,50.56437958344444,SB,18.66105428731937,16.699957732183965
Ronald Acuna Jr.,H,50.56437958344444,BB,59.42194448135945,52.11855274436192
Ronald Acuna Jr.,H,50.56437958344444,HBP,4.704224493250763,4.813992154092515
Ronald Acuna Jr.,H,50.56437958344444,SF,2.0428018621625954,3.1437268970309855
Ronald Acuna Jr.,H,50.56437958344444,TB,192.22417061539954,181.1087135844763
