id,name,owner,season,season_age,role,MLB_IP,verified_MiLB_IP,combined_IP,status,source
05ucd,Mason Miller,Ohtani and the Bums,2023,25.0,SP,33.333333333333336,,,MiLB coverage unverified; baseline retained,
05ucd,Mason Miller,Ohtani and the Bums,2024,26.0,RP,65.0,,,MiLB coverage unverified; baseline retained,
05jp7,Gavin Williams,TheMissingSox,2023,24.0,SP,82.0,,,MiLB coverage unverified; baseline retained,
05jp7,Gavin Williams,TheMissingSox,2024,25.0,SP,76.0,,,MiLB coverage unverified; baseline retained,
05jp7,Gavin Williams,TheMissingSox,2025,26.0,SP,167.66666666666666,,,MiLB coverage unverified; baseline retained,
04n0m,Logan Gilbert,Sodo Mojo,2023,26.0,SP,190.66666666666666,,,MiLB coverage unverified; baseline retained,
0596g,Reid Detmers,How Lowe Can You Go?,2023,24.0,SP,148.66666666666666,,,MiLB coverage unverified; baseline retained,
0596g,Reid Detmers,How Lowe Can You Go?,2024,25.0,SP,87.33333333333333,,,MiLB coverage unverified; baseline retained,
0596g,Reid Detmers,How Lowe Can You Go?,2025,26.0,RP,63.666666666666664,,,MiLB coverage unverified; baseline retained,
05jpd,Ian Seymour,Yoho and a Bottle of Rum,2025,26.0,RP,57.0,,,MiLB coverage unverified; baseline retained,
05wru,Paul Skenes,EpSkenes Island,2024,22.0,SP,133.0,,,MiLB coverage unverified; baseline retained,
05wru,Paul Skenes,EpSkenes Island,2025,23.0,SP,187.66666666666666,,,MiLB coverage unverified; baseline retained,
05wru,Paul Skenes,EpSkenes Island,2026,24.0,SP,174.33333333333334,,,MiLB coverage unverified; baseline retained,
04eor,Cade Smith,The Sandlot Sluggers,2024,25.0,RP,75.33333333333333,,,MiLB coverage unverified; baseline retained,
04eor,Cade Smith,The Sandlot Sluggers,2025,26.0,RP,73.66666666666667,,,MiLB coverage unverified; baseline retained,
05y62,Bryan Woo,Miller & Miller LLP,2023,23.0,SP,87.66666666666667,,,MiLB coverage unverified; baseline retained,
05y62,Bryan Woo,Miller & Miller LLP,2024,24.0,SP,121.33333333333333,,,MiLB coverage unverified; baseline retained,
05y62,Bryan Woo,Miller & Miller LLP,2025,25.0,SP,186.66666666666666,,,MiLB coverage unverified; baseline retained,
05y62,Bryan Woo,Miller & Miller LLP,2026,26.0,SP,173.0,,,MiLB coverage unverified; baseline retained,
041r1,Jesus Luzardo,TheMissingSox,2023,26.0,SP,178.66666666666666,,,MiLB coverage unverified; baseline retained,
04pr8,Taj Bradley,TheMissingSox,2023,22.0,SP,104.66666666666667,,,MiLB coverage unverified; baseline retained,
04pr8,Taj Bradley,TheMissingSox,2024,23.0,SP,138.0,,,MiLB coverage unverified; baseline retained,
04pr8,Taj Bradley,TheMissingSox,2025,24.0,SP,142.66666666666666,,,MiLB coverage unverified; baseline retained,
04pr8,Taj Bradley,TheMissingSox,2026,25.0,SP,178.33333333333334,,,MiLB coverage unverified; baseline retained,
05r8n,Yoshinobu Yamamoto,Sodo Mojo,2024,26.0,SP,90.0,,,MiLB coverage unverified; baseline retained,
052c8,Cristopher Sanchez,TheMissingSox,2023,26.0,SP,99.33333333333333,,,MiLB coverage unverified; baseline retained,
04pmq,Braxton Ashcraft,How Lowe Can You Go?,2025,26.0,RP,69.66666666666667,,,MiLB coverage unverified; baseline retained,
05u6q,Cam Schlittler,Yoho and a Bottle of Rum,2025,24.0,SP,73.0,,,MiLB coverage unverified; baseline retained,
05u6q,Cam Schlittler,Yoho and a Bottle of Rum,2026,25.0,SP,193.66666666666666,,,MiLB coverage unverified; baseline retained,
05y23,Tanner Bibee,EpSkenes Island,2023,24.0,SP,142.0,,,MiLB coverage unverified; baseline retained,
05y23,Tanner Bibee,EpSkenes Island,2024,25.0,SP,173.66666666666666,,,MiLB coverage unverified; baseline retained,
05y23,Tanner Bibee,EpSkenes Island,2025,26.0,SP,182.33333333333334,,,MiLB coverage unverified; baseline retained,
061yu,Jacob Misiorowski,Shea Stadiums,2025,23.0,SP,66.0,63.333333333333336,129.33333333333334,Verified combined workload,https://baseballsavant.mlb.com/savant-player/jacob-misiorowski-694819
061yu,Jacob Misiorowski,Shea Stadiums,2026,24.0,SP,174.66666666666666,,,MiLB coverage unverified; baseline retained,
05tzn,Parker Messick,Young Guns,2025,24.0,SP,39.666666666666664,,,MiLB coverage unverified; baseline retained,
05tzn,Parker Messick,Young Guns,2026,25.0,SP,186.33333333333334,,,MiLB coverage unverified; baseline retained,
04ptt,Tarik Skubal,Cafécitos de Spokane,2023,26.0,SP,80.33333333333333,,,MiLB coverage unverified; baseline retained,
05y7s,Nolan McLean,TheMissingSox,2025,24.0,SP,48.0,,,MiLB coverage unverified; baseline retained,
05y7s,Nolan McLean,TheMissingSox,2026,25.0,SP,179.66666666666666,,,MiLB coverage unverified; baseline retained,
043ia,Adrian Morejon,How Lowe Can You Go?,2023,24.0,RP,9.0,,,MiLB coverage unverified; baseline retained,
043ia,Adrian Morejon,How Lowe Can You Go?,2024,25.0,RP,63.666666666666664,,,MiLB coverage unverified; baseline retained,
043ia,Adrian Morejon,How Lowe Can You Go?,2025,26.0,RP,73.66666666666667,,,MiLB coverage unverified; baseline retained,
051bm,Louis Varland,Yoho and a Bottle of Rum,2023,25.0,SP,68.0,,,MiLB coverage unverified; baseline retained,
051bm,Louis Varland,Yoho and a Bottle of Rum,2024,26.0,RP,49.666666666666664,,,MiLB coverage unverified; baseline retained,
05y2k,Mason Montgomery,TheMissingSox,2024,24.0,RP,9.666666666666666,,,MiLB coverage unverified; baseline retained,
05y2k,Mason Montgomery,TheMissingSox,2025,25.0,RP,46.0,,,MiLB coverage unverified; baseline retained,
05y2k,Mason Montgomery,TheMissingSox,2026,26.0,RP,68.66666666666667,,,MiLB coverage unverified; baseline retained,
05ycf,Noah Cameron,Cafécitos de Spokane,2025,26.0,SP,138.33333333333334,,,MiLB coverage unverified; baseline retained,
04ak5,Trevor Rogers,Ohtani and the Bums,2023,25.0,SP,18.0,,,MiLB coverage unverified; baseline retained,
04ak5,Trevor Rogers,Ohtani and the Bums,2024,26.0,SP,124.33333333333333,,,MiLB coverage unverified; baseline retained,
05xod,Sean Burke,EpSkenes Island,2024,24.0,SP,19.0,,,MiLB coverage unverified; baseline retained,
05xod,Sean Burke,EpSkenes Island,2025,25.0,SP,134.33333333333334,,,MiLB coverage unverified; baseline retained,
05xod,Sean Burke,EpSkenes Island,2026,26.0,SP,172.33333333333334,,,MiLB coverage unverified; baseline retained,
05aoc,Eury Perez,Shea Stadiums,2023,20.0,SP,91.33333333333333,,,MiLB coverage unverified; baseline retained,
05aoc,Eury Perez,Shea Stadiums,2025,22.0,SP,95.33333333333333,,,MiLB coverage unverified; baseline retained,
05aoc,Eury Perez,Shea Stadiums,2026,23.0,SP,159.0,,,MiLB coverage unverified; baseline retained,
04c0o,Jose Soriano,Shea Stadiums,2023,24.0,RP,42.0,,,MiLB coverage unverified; baseline retained,
04c0o,Jose Soriano,Shea Stadiums,2024,25.0,SP,113.0,,,MiLB coverage unverified; baseline retained,
04c0o,Jose Soriano,Shea Stadiums,2025,26.0,SP,169.0,,,MiLB coverage unverified; baseline retained,
06gwk,Payton Tolle,TheMissingSox,2025,22.0,RP,16.333333333333332,,,MiLB coverage unverified; baseline retained,
06gwk,Payton Tolle,TheMissingSox,2026,23.0,SP,148.66666666666666,,,MiLB coverage unverified; baseline retained,
03dbm,Logan Webb,EpSkenes Island,2023,26.0,SP,216.0,,,MiLB coverage unverified; baseline retained,
05rb3,Chase Burns,How Lowe Can You Go?,2025,22.0,SP,43.333333333333336,,,MiLB coverage unverified; baseline retained,
05rb3,Chase Burns,How Lowe Can You Go?,2026,23.0,SP,154.33333333333334,,,MiLB coverage unverified; baseline retained,
04cwf,Shane Baz,Flying Squirrels,2024,25.0,SP,79.33333333333333,,,MiLB coverage unverified; baseline retained,
04cwf,Shane Baz,Flying Squirrels,2025,26.0,SP,166.33333333333334,,,MiLB coverage unverified; baseline retained,
066er,Grant Taylor,How Lowe Can You Go?,2025,23.0,RP,36.666666666666664,,,MiLB coverage unverified; baseline retained,
066er,Grant Taylor,How Lowe Can You Go?,2026,24.0,RP,84.0,,,MiLB coverage unverified; baseline retained,
04apj,Jhoan Duran,Young Guns,2023,25.0,RP,62.333333333333336,,,MiLB coverage unverified; baseline retained,
04apj,Jhoan Duran,Young Guns,2024,26.0,RP,54.333333333333336,,,MiLB coverage unverified; baseline retained,
03poo,Peter Lambert,Flying Squirrels,2023,26.0,RP,87.33333333333333,,,MiLB coverage unverified; baseline retained,
0403o,Andres Munoz,Sodo Mojo,2023,24.0,RP,49.0,,,MiLB coverage unverified; baseline retained,
0403o,Andres Munoz,Sodo Mojo,2024,25.0,RP,59.333333333333336,,,MiLB coverage unverified; baseline retained,
0403o,Andres Munoz,Sodo Mojo,2025,26.0,RP,62.333333333333336,,,MiLB coverage unverified; baseline retained,
04yie,George Kirby,Yoho and a Bottle of Rum,2023,25.0,SP,190.66666666666666,,,MiLB coverage unverified; baseline retained,
04yie,George Kirby,Yoho and a Bottle of Rum,2024,26.0,SP,191.0,,,MiLB coverage unverified; baseline retained,
05y72,Landen Roupp,Ohtani and the Bums,2024,26.0,RP,50.333333333333336,,,MiLB coverage unverified; baseline retained,
05yaz,Will Warren,Flying Squirrels,2024,25.0,SP,22.666666666666668,,,MiLB coverage unverified; baseline retained,
05yaz,Will Warren,Flying Squirrels,2025,26.0,SP,162.33333333333334,,,MiLB coverage unverified; baseline retained,
04mnw,Ryan Weathers,How Lowe Can You Go?,2023,23.0,SP,57.666666666666664,,,MiLB coverage unverified; baseline retained,
04mnw,Ryan Weathers,How Lowe Can You Go?,2024,24.0,SP,86.66666666666667,,,MiLB coverage unverified; baseline retained,
04mnw,Ryan Weathers,How Lowe Can You Go?,2025,25.0,SP,38.333333333333336,,,MiLB coverage unverified; baseline retained,
04mnw,Ryan Weathers,How Lowe Can You Go?,2026,26.0,SP,137.33333333333334,,,MiLB coverage unverified; baseline retained,
05a1v,Keider Montero,The Sandlot Sluggers,2024,24.0,SP,98.33333333333333,,,MiLB coverage unverified; baseline retained,
05a1v,Keider Montero,The Sandlot Sluggers,2025,25.0,SP,90.66666666666667,,,MiLB coverage unverified; baseline retained,
05a1v,Keider Montero,The Sandlot Sluggers,2026,26.0,SP,155.0,,,MiLB coverage unverified; baseline retained,
0510l,Emerson Hancock,Cafécitos de Spokane,2023,24.0,SP,12.0,,,MiLB coverage unverified; baseline retained,
0510l,Emerson Hancock,Cafécitos de Spokane,2024,25.0,SP,60.666666666666664,,,MiLB coverage unverified; baseline retained,
0510l,Emerson Hancock,Cafécitos de Spokane,2025,26.0,SP,90.0,,,MiLB coverage unverified; baseline retained,
051eh,Kevin Kelly,The Sandlot Sluggers,2023,25.0,RP,67.0,,,MiLB coverage unverified; baseline retained,
051eh,Kevin Kelly,The Sandlot Sluggers,2024,26.0,RP,70.66666666666667,,,MiLB coverage unverified; baseline retained,
0629b,Walbert Urena,Cafécitos de Spokane,2026,22.0,SP,148.33333333333334,,,MiLB coverage unverified; baseline retained,
0516x,Brent Headrick,Miller & Miller LLP,2023,25.0,RP,25.666666666666668,,,MiLB coverage unverified; baseline retained,
0516x,Brent Headrick,Miller & Miller LLP,2024,26.0,RP,3.0,,,MiLB coverage unverified; baseline retained,
05y9r,Justin Wrobleski,Shea Stadiums,2024,24.0,SP,36.333333333333336,,,MiLB coverage unverified; baseline retained,
05y9r,Justin Wrobleski,Shea Stadiums,2025,25.0,RP,66.66666666666667,,,MiLB coverage unverified; baseline retained,
05y9r,Justin Wrobleski,Shea Stadiums,2026,26.0,SP,140.0,,,MiLB coverage unverified; baseline retained,
04ew7,Aaron Ashby,Yoho and a Bottle of Rum,2024,26.0,RP,28.333333333333332,,,MiLB coverage unverified; baseline retained,
04eos,Joey Cantillo,Flying Squirrels,2024,24.0,SP,38.666666666666664,,,MiLB coverage unverified; baseline retained,
04eos,Joey Cantillo,Flying Squirrels,2025,25.0,RP,95.33333333333333,,,MiLB coverage unverified; baseline retained,
04eos,Joey Cantillo,Flying Squirrels,2026,26.0,SP,159.0,,,MiLB coverage unverified; baseline retained,
05rik,Bubba Chandler,TheMissingSox,2025,23.0,SP,31.333333333333332,,,MiLB coverage unverified; baseline retained,
05rik,Bubba Chandler,TheMissingSox,2026,24.0,SP,154.0,,,MiLB coverage unverified; baseline retained,
05vy6,Bryce Miller,Miller & Miller LLP,2023,25.0,SP,131.33333333333334,,,MiLB coverage unverified; baseline retained,
05vy6,Bryce Miller,Miller & Miller LLP,2024,26.0,SP,180.33333333333334,,,MiLB coverage unverified; baseline retained,
05jp9,Bryce Elder,EpSkenes Island,2023,24.0,SP,174.66666666666666,,,MiLB coverage unverified; baseline retained,
05jp9,Bryce Elder,EpSkenes Island,2024,25.0,SP,49.666666666666664,,,MiLB coverage unverified; baseline retained,
05jp9,Bryce Elder,EpSkenes Island,2025,26.0,SP,156.33333333333334,,,MiLB coverage unverified; baseline retained,
05sr2,Michael McGreevy,Miller & Miller LLP,2024,24.0,SP,23.0,,,MiLB coverage unverified; baseline retained,
05sr2,Michael McGreevy,Miller & Miller LLP,2025,25.0,SP,95.66666666666667,,,MiLB coverage unverified; baseline retained,
05sr2,Michael McGreevy,Miller & Miller LLP,2026,26.0,SP,168.66666666666666,,,MiLB coverage unverified; baseline retained,
05h2u,Jared Jones,TheMissingSox,2024,23.0,SP,121.66666666666667,,,MiLB coverage unverified; baseline retained,
05h2u,Jared Jones,TheMissingSox,2026,25.0,SP,101.66666666666667,,,MiLB coverage unverified; baseline retained,
064zm,Didier Fuentes,Flying Squirrels,2025,20.0,SP,13.0,,,MiLB coverage unverified; baseline retained,
064zm,Didier Fuentes,Flying Squirrels,2026,21.0,RP,73.33333333333333,,,MiLB coverage unverified; baseline retained,
03pjf,Michael Soroka,Flying Squirrels,2023,26.0,SP,32.333333333333336,,,MiLB coverage unverified; baseline retained,
04pkt,J.T. Ginn,Sodo Mojo,2024,25.0,SP,34.0,,,MiLB coverage unverified; baseline retained,
04pkt,J.T. Ginn,Sodo Mojo,2025,26.0,SP,90.33333333333333,,,MiLB coverage unverified; baseline retained,
05133,Andre Pallante,The Sandlot Sluggers,2023,25.0,RP,68.0,,,MiLB coverage unverified; baseline retained,
05133,Andre Pallante,The Sandlot Sluggers,2024,26.0,SP,121.33333333333333,,,MiLB coverage unverified; baseline retained,
05js3,Kyle Harrison,TheMissingSox,2023,22.0,SP,34.666666666666664,,,MiLB coverage unverified; baseline retained,
05js3,Kyle Harrison,TheMissingSox,2024,23.0,SP,124.33333333333333,,,MiLB coverage unverified; baseline retained,
05js3,Kyle Harrison,TheMissingSox,2025,24.0,SP,35.666666666666664,,,MiLB coverage unverified; baseline retained,
05js3,Kyle Harrison,TheMissingSox,2026,25.0,SP,115.66666666666667,,,MiLB coverage unverified; baseline retained,
05gdz,Roki Sasaki,TheMissingSox,2025,23.0,SP,36.333333333333336,,,MiLB coverage unverified; baseline retained,
05gdz,Roki Sasaki,TheMissingSox,2026,24.0,SP,122.33333333333333,,,MiLB coverage unverified; baseline retained,
04cd5,MacKenzie Gore,Ohtani and the Bums,2023,24.0,SP,136.33333333333334,,,MiLB coverage unverified; baseline retained,
04cd5,MacKenzie Gore,Ohtani and the Bums,2024,25.0,SP,166.33333333333334,,,MiLB coverage unverified; baseline retained,
04cd5,MacKenzie Gore,Ohtani and the Bums,2025,26.0,SP,159.66666666666666,,,MiLB coverage unverified; baseline retained,
05xpq,Christian Scott,TheMissingSox,2024,25.0,SP,47.333333333333336,,,MiLB coverage unverified; baseline retained,
05uo2,Logan Henderson,Yoho and a Bottle of Rum,2025,23.0,SP,25.333333333333332,,,MiLB coverage unverified; baseline retained,
05uo2,Logan Henderson,Yoho and a Bottle of Rum,2026,24.0,SP,98.33333333333333,,,MiLB coverage unverified; baseline retained,
05y5d,Bradgley Rodriguez,Flying Squirrels,2025,21.0,RP,7.666666666666667,,,MiLB coverage unverified; baseline retained,
05y5d,Bradgley Rodriguez,Flying Squirrels,2026,22.0,RP,74.0,,,MiLB coverage unverified; baseline retained,
04mlt,Shane McClanahan,Young Guns,2023,26.0,SP,115.0,,,MiLB coverage unverified; baseline retained,
05a2d,Max Meyer,How Lowe Can You Go?,2024,25.0,SP,57.0,,,MiLB coverage unverified; baseline retained,
05a2d,Max Meyer,How Lowe Can You Go?,2025,26.0,SP,64.66666666666667,,,MiLB coverage unverified; baseline retained,
04pxo,Erik Sabrowski,How Lowe Can You Go?,2024,26.0,RP,12.666666666666666,,,MiLB coverage unverified; baseline retained,
05ydo,Juan Morillo,Sodo Mojo,2025,26.0,RP,34.333333333333336,,,MiLB coverage unverified; baseline retained,
04pps,Hogan Harris,Ohtani and the Bums,2023,26.0,RP,63.0,,,MiLB coverage unverified; baseline retained,
05nso,Abner Uribe,Flying Squirrels,2023,23.0,RP,30.666666666666668,,,MiLB coverage unverified; baseline retained,
05nso,Abner Uribe,Flying Squirrels,2024,24.0,RP,14.333333333333334,,,MiLB coverage unverified; baseline retained,
05nso,Abner Uribe,Flying Squirrels,2025,25.0,RP,75.33333333333333,,,MiLB coverage unverified; baseline retained,
05nso,Abner Uribe,Flying Squirrels,2026,26.0,RP,59.333333333333336,,,MiLB coverage unverified; baseline retained,
05u6r,Robert Gasser,Young Guns,2024,25.0,SP,28.0,,,MiLB coverage unverified; baseline retained,
05u6r,Robert Gasser,Young Guns,2025,26.0,SP,5.666666666666667,,,MiLB coverage unverified; baseline retained,
064no,Spencer Miles,Yoho and a Bottle of Rum,2026,26.0,RP,95.66666666666667,,,MiLB coverage unverified; baseline retained,
04tlv,Bryan Abreu,How Lowe Can You Go?,2023,26.0,RP,72.0,,,MiLB coverage unverified; baseline retained,
05144,Hunter Brown,EpSkenes Island,2023,25.0,SP,155.66666666666666,,,MiLB coverage unverified; baseline retained,
05144,Hunter Brown,EpSkenes Island,2024,26.0,SP,170.0,,,MiLB coverage unverified; baseline retained,
06guh,Brandyn Garcia,Cafécitos de Spokane,2025,25.0,RP,14.333333333333334,,,MiLB coverage unverified; baseline retained,
06guh,Brandyn Garcia,Cafécitos de Spokane,2026,26.0,RP,51.333333333333336,,,MiLB coverage unverified; baseline retained,
0648r,Andrew Morris,How Lowe Can You Go?,2026,25.0,RP,73.66666666666667,,,MiLB coverage unverified; baseline retained,
060i2,Jake Bennett,Cafécitos de Spokane,2026,25.0,SP,113.33333333333333,,,MiLB coverage unverified; baseline retained,
041r5,Dustin May,Ohtani and the Bums,2023,26.0,SP,48.0,,,MiLB coverage unverified; baseline retained,
06apx,Trey Yesavage,Miller & Miller LLP,2025,22.0,SP,14.0,,,MiLB coverage unverified; baseline retained,
06apx,Trey Yesavage,Miller & Miller LLP,2026,23.0,SP,97.66666666666667,,,MiLB coverage unverified; baseline retained,
0657l,Jack Perkins,How Lowe Can You Go?,2025,25.0,RP,38.666666666666664,,,MiLB coverage unverified; baseline retained,
0657l,Jack Perkins,How Lowe Can You Go?,2026,26.0,RP,121.0,,,MiLB coverage unverified; baseline retained,
05itb,Randy Vasquez,Miller & Miller LLP,2023,24.0,RP,37.666666666666664,,,MiLB coverage unverified; baseline retained,
05itb,Randy Vasquez,Miller & Miller LLP,2024,25.0,SP,98.0,,,MiLB coverage unverified; baseline retained,
05itb,Randy Vasquez,Miller & Miller LLP,2025,26.0,SP,133.66666666666666,,,MiLB coverage unverified; baseline retained,
04mlx,Matthew Liberatore,Yoho and a Bottle of Rum,2023,23.0,SP,61.666666666666664,,,MiLB coverage unverified; baseline retained,
04mlx,Matthew Liberatore,Yoho and a Bottle of Rum,2024,24.0,RP,86.0,,,MiLB coverage unverified; baseline retained,
04mlx,Matthew Liberatore,Yoho and a Bottle of Rum,2025,25.0,SP,151.66666666666666,,,MiLB coverage unverified; baseline retained,
04mlx,Matthew Liberatore,Yoho and a Bottle of Rum,2026,26.0,SP,155.0,,,MiLB coverage unverified; baseline retained,
04xne,Yoendrys Gomez,Shea Stadiums,2023,23.0,RP,2.0,,,MiLB coverage unverified; baseline retained,
04xne,Yoendrys Gomez,Shea Stadiums,2024,24.0,RP,11.333333333333334,,,MiLB coverage unverified; baseline retained,
04xne,Yoendrys Gomez,Shea Stadiums,2025,25.0,RP,62.666666666666664,,,MiLB coverage unverified; baseline retained,
04xne,Yoendrys Gomez,Shea Stadiums,2026,26.0,RP,67.0,,,MiLB coverage unverified; baseline retained,
05w7z,Edgardo Henriquez,TheMissingSox,2024,22.0,RP,3.3333333333333335,,,MiLB coverage unverified; baseline retained,
05w7z,Edgardo Henriquez,TheMissingSox,2025,23.0,RP,19.0,,,MiLB coverage unverified; baseline retained,
05w7z,Edgardo Henriquez,TheMissingSox,2026,24.0,RP,60.0,,,MiLB coverage unverified; baseline retained,
05y2l,Emmet Sheehan,The Sandlot Sluggers,2023,23.0,SP,60.333333333333336,,,MiLB coverage unverified; baseline retained,
05y2l,Emmet Sheehan,The Sandlot Sluggers,2025,25.0,SP,73.33333333333333,,,MiLB coverage unverified; baseline retained,
05y2l,Emmet Sheehan,The Sandlot Sluggers,2026,26.0,SP,112.33333333333333,,,MiLB coverage unverified; baseline retained,
05uc4,Troy Melton,EpSkenes Island,2025,24.0,RP,45.666666666666664,,,MiLB coverage unverified; baseline retained,
05uc4,Troy Melton,EpSkenes Island,2026,25.0,SP,114.33333333333333,,,MiLB coverage unverified; baseline retained,
05143,Hunter Gaddis,How Lowe Can You Go?,2023,25.0,SP,42.0,,,MiLB coverage unverified; baseline retained,
05143,Hunter Gaddis,How Lowe Can You Go?,2024,26.0,RP,74.66666666666667,,,MiLB coverage unverified; baseline retained,
05joq,Connor Prielipp,EpSkenes Island,2026,25.0,SP,125.66666666666667,,,MiLB coverage unverified; baseline retained,
066cf,Zebby Matthews,TheMissingSox,2024,24.0,SP,37.666666666666664,,,MiLB coverage unverified; baseline retained,
066cf,Zebby Matthews,TheMissingSox,2025,25.0,SP,79.33333333333333,,,MiLB coverage unverified; baseline retained,
066cf,Zebby Matthews,TheMissingSox,2026,26.0,SP,130.33333333333334,,,MiLB coverage unverified; baseline retained,
04t40,Brayan Bello,EpSkenes Island,2023,24.0,SP,157.0,,,MiLB coverage unverified; baseline retained,
04t40,Brayan Bello,EpSkenes Island,2024,25.0,SP,162.33333333333334,,,MiLB coverage unverified; baseline retained,
04t40,Brayan Bello,EpSkenes Island,2025,26.0,SP,166.66666666666666,,,MiLB coverage unverified; baseline retained,
05jq2,Andrew Abbott,EpSkenes Island,2023,24.0,SP,109.33333333333333,,,MiLB coverage unverified; baseline retained,
05jq2,Andrew Abbott,EpSkenes Island,2024,25.0,SP,138.0,,,MiLB coverage unverified; baseline retained,
05jq2,Andrew Abbott,EpSkenes Island,2025,26.0,SP,166.33333333333334,,,MiLB coverage unverified; baseline retained,
06f1r,Connelly Early,TheMissingSox,2025,23.0,SP,19.333333333333332,,,MiLB coverage unverified; baseline retained,
06f1r,Connelly Early,TheMissingSox,2026,24.0,SP,94.66666666666667,,,MiLB coverage unverified; baseline retained,
05r3i,Andrew Painter,TheMissingSox,2026,23.0,SP,126.66666666666667,,,MiLB coverage unverified; baseline retained,
04o2w,Ben Brown,Young Guns,2024,25.0,SP,55.333333333333336,,,MiLB coverage unverified; baseline retained,
04o2w,Ben Brown,Young Guns,2025,26.0,SP,106.33333333333333,,,MiLB coverage unverified; baseline retained,
066b2,Drew Sommers,Yoho and a Bottle of Rum,2025,25.0,RP,3.0,,,MiLB coverage unverified; baseline retained,
066b2,Drew Sommers,Yoho and a Bottle of Rum,2026,26.0,RP,39.666666666666664,,,MiLB coverage unverified; baseline retained,
06ekq,Zac Thornton,The Sandlot Sluggers,2026,24.0,SP,84.33333333333333,,,MiLB coverage unverified; baseline retained,
061bo,Rhett Lowder,Flying Squirrels,2024,22.0,SP,30.666666666666668,,,MiLB coverage unverified; baseline retained,
061bo,Rhett Lowder,Flying Squirrels,2026,24.0,SP,133.33333333333334,,,MiLB coverage unverified; baseline retained,
05jnq,Clayton Beeter,Miller & Miller LLP,2024,25.0,RP,3.6666666666666665,,,MiLB coverage unverified; baseline retained,
05jnq,Clayton Beeter,Miller & Miller LLP,2025,26.0,RP,25.333333333333332,,,MiLB coverage unverified; baseline retained,
05y0j,Spencer Arrighetti,The Sandlot Sluggers,2024,24.0,SP,145.0,,,MiLB coverage unverified; baseline retained,
05y0j,Spencer Arrighetti,The Sandlot Sluggers,2025,25.0,SP,35.333333333333336,,,MiLB coverage unverified; baseline retained,
05y0j,Spencer Arrighetti,The Sandlot Sluggers,2026,26.0,SP,110.66666666666667,,,MiLB coverage unverified; baseline retained,
062ob,Jose Ferrer,Sodo Mojo,2023,23.0,RP,34.0,,,MiLB coverage unverified; baseline retained,
062ob,Jose Ferrer,Sodo Mojo,2024,24.0,RP,32.0,,,MiLB coverage unverified; baseline retained,
062ob,Jose Ferrer,Sodo Mojo,2025,25.0,RP,76.33333333333333,,,MiLB coverage unverified; baseline retained,
062ob,Jose Ferrer,Sodo Mojo,2026,26.0,RP,64.66666666666667,,,MiLB coverage unverified; baseline retained,
0515o,Brandon Sproat,TheMissingSox,2025,25.0,SP,20.666666666666668,,,MiLB coverage unverified; baseline retained,
0515o,Brandon Sproat,TheMissingSox,2026,26.0,SP,97.0,,,MiLB coverage unverified; baseline retained,
05t9g,Gage Jump,TheMissingSox,2026,23.0,SP,98.66666666666667,,,MiLB coverage unverified; baseline retained,
04pmb,Kris Bubic,The Sandlot Sluggers,2023,26.0,SP,16.0,,,MiLB coverage unverified; baseline retained,
04esc,Keaton Winn,Yoho and a Bottle of Rum,2023,25.0,SP,42.333333333333336,,,MiLB coverage unverified; baseline retained,
04esc,Keaton Winn,Yoho and a Bottle of Rum,2024,26.0,SP,55.333333333333336,,,MiLB coverage unverified; baseline retained,
05rb0,Jackson Jobe,TheMissingSox,2024,22.0,RP,4.0,,,MiLB coverage unverified; baseline retained,
05rb0,Jackson Jobe,TheMissingSox,2025,23.0,SP,49.0,,,MiLB coverage unverified; baseline retained,
05rb0,Jackson Jobe,TheMissingSox,2026,24.0,SP,46.0,,,MiLB coverage unverified; baseline retained,
0514f,Hayden Wesneski,Cafécitos de Spokane,2023,25.0,RP,89.33333333333333,,,MiLB coverage unverified; baseline retained,
0514f,Hayden Wesneski,Cafécitos de Spokane,2024,26.0,RP,67.66666666666667,,,MiLB coverage unverified; baseline retained,
05zq4,Ryan Johnson,Ohtani and the Bums,2025,23.0,RP,14.666666666666666,,,MiLB coverage unverified; baseline retained,
05zq4,Ryan Johnson,Ohtani and the Bums,2026,24.0,SP,100.0,,,MiLB coverage unverified; baseline retained,
04pko,Grayson Rodriguez,Young Guns,2023,23.0,SP,122.0,,,MiLB coverage unverified; baseline retained,
04pko,Grayson Rodriguez,Young Guns,2024,24.0,SP,116.66666666666667,,,MiLB coverage unverified; baseline retained,
04pko,Grayson Rodriguez,Young Guns,2026,26.0,SP,98.66666666666667,,,MiLB coverage unverified; baseline retained,
041ps,Nick Lodolo,Young Guns,2023,25.0,SP,34.333333333333336,,,MiLB coverage unverified; baseline retained,
041ps,Nick Lodolo,Young Guns,2024,26.0,SP,115.33333333333333,,,MiLB coverage unverified; baseline retained,
04yid,Ryne Nelson,Cafécitos de Spokane,2023,25.0,SP,144.0,,,MiLB coverage unverified; baseline retained,
04yid,Ryne Nelson,Cafécitos de Spokane,2024,26.0,SP,150.66666666666666,,,MiLB coverage unverified; baseline retained,
05zd4,Hagen Smith,Young Guns,2026,23.0,RP,28.0,,,MiLB coverage unverified; baseline retained,
04y9o,Jack Leiter,The Sandlot Sluggers,2024,24.0,SP,35.666666666666664,,,MiLB coverage unverified; baseline retained,
04y9o,Jack Leiter,The Sandlot Sluggers,2025,25.0,SP,151.66666666666666,,,MiLB coverage unverified; baseline retained,
04y9o,Jack Leiter,The Sandlot Sluggers,2026,26.0,SP,80.0,,,MiLB coverage unverified; baseline retained,
05uc7,Noah Schultz,TheMissingSox,2026,23.0,SP,74.33333333333333,,,MiLB coverage unverified; baseline retained,
04pvl,Mike Burrows,Yoho and a Bottle of Rum,2024,24.0,RP,3.3333333333333335,,,MiLB coverage unverified; baseline retained,
04pvl,Mike Burrows,Yoho and a Bottle of Rum,2025,25.0,SP,96.0,,,MiLB coverage unverified; baseline retained,
04pvl,Mike Burrows,Yoho and a Bottle of Rum,2026,26.0,SP,94.66666666666667,,,MiLB coverage unverified; baseline retained,
05jrv,Will Klein,Yoho and a Bottle of Rum,2024,24.0,RP,7.333333333333333,,,MiLB coverage unverified; baseline retained,
05jrv,Will Klein,Yoho and a Bottle of Rum,2025,25.0,RP,15.333333333333334,,,MiLB coverage unverified; baseline retained,
05jrv,Will Klein,Yoho and a Bottle of Rum,2026,26.0,RP,41.666666666666664,,,MiLB coverage unverified; baseline retained,
05yj0,Chase Dollander,How Lowe Can You Go?,2025,23.0,SP,98.0,,,MiLB coverage unverified; baseline retained,
05yj0,Chase Dollander,How Lowe Can You Go?,2026,24.0,RP,44.0,,,MiLB coverage unverified; baseline retained,
05u4l,Daniel Palencia,Flying Squirrels,2023,23.0,RP,28.333333333333332,,,MiLB coverage unverified; baseline retained,
05u4l,Daniel Palencia,Flying Squirrels,2024,24.0,RP,14.666666666666666,,,MiLB coverage unverified; baseline retained,
05u4l,Daniel Palencia,Flying Squirrels,2025,25.0,RP,52.666666666666664,,,MiLB coverage unverified; baseline retained,
05u4l,Daniel Palencia,Flying Squirrels,2026,26.0,RP,29.666666666666668,,,MiLB coverage unverified; baseline retained,
04ali,Edward Cabrera,Miller & Miller LLP,2023,25.0,SP,99.66666666666667,,,MiLB coverage unverified; baseline retained,
04ali,Edward Cabrera,Miller & Miller LLP,2024,26.0,SP,96.33333333333333,,,MiLB coverage unverified; baseline retained,
060eu,Ben Joyce,TheMissingSox,2023,23.0,RP,10.0,,,MiLB coverage unverified; baseline retained,
060eu,Ben Joyce,TheMissingSox,2024,24.0,RP,34.666666666666664,,,MiLB coverage unverified; baseline retained,
060eu,Ben Joyce,TheMissingSox,2025,25.0,RP,4.333333333333333,,,MiLB coverage unverified; baseline retained,
060eu,Ben Joyce,TheMissingSox,2026,26.0,RP,15.333333333333334,,,MiLB coverage unverified; baseline retained,
060gd,Quinn Mathews,Young Guns,2026,26.0,SP,49.333333333333336,,,MiLB coverage unverified; baseline retained,
05tzo,J.R. Ritchie,Ohtani and the Bums,2026,23.0,SP,73.33333333333333,,,MiLB coverage unverified; baseline retained,
05138,Matt Brash,Cafécitos de Spokane,2023,25.0,RP,70.66666666666667,,,MiLB coverage unverified; baseline retained,
05ydp,Kade Anderson,Sodo Mojo,2026,22.0,SP,35.666666666666664,,,MiLB coverage unverified; baseline retained,
0658b,Jonah Tong,TheMissingSox,2025,22.0,SP,18.666666666666668,,,MiLB coverage unverified; baseline retained,
0658b,Jonah Tong,TheMissingSox,2026,23.0,SP,30.666666666666668,,,MiLB coverage unverified; baseline retained,
06f14,Ethan Pecko,Young Guns,2026,24.0,SP,34.333333333333336,,,MiLB coverage unverified; baseline retained,
051jg,Alex McFarlane,Cafécitos de Spokane,2026,25.0,RP,19.0,,,MiLB coverage unverified; baseline retained,
05acp,Justin Martinez,TheMissingSox,2023,22.0,RP,10.0,,,MiLB coverage unverified; baseline retained,
05acp,Justin Martinez,TheMissingSox,2024,23.0,RP,72.66666666666667,,,MiLB coverage unverified; baseline retained,
05acp,Justin Martinez,TheMissingSox,2025,24.0,RP,15.333333333333334,,,MiLB coverage unverified; baseline retained,
05acp,Justin Martinez,TheMissingSox,2026,25.0,RP,13.333333333333334,,,MiLB coverage unverified; baseline retained,
06fzq,Craig Yoho,Yoho and a Bottle of Rum,2025,25.0,RP,8.666666666666666,,,MiLB coverage unverified; baseline retained,
06fzq,Craig Yoho,Yoho and a Bottle of Rum,2026,26.0,RP,38.333333333333336,,,MiLB coverage unverified; baseline retained,
045kb,Cristian Javier,Ohtani and the Bums,2023,26.0,SP,162.0,,,MiLB coverage unverified; baseline retained,
06ckl,Luis De Leon,Ohtani and the Bums,2026,23.0,RP,9.333333333333334,,,MiLB coverage unverified; baseline retained,
062pn,David Sandlin,How Lowe Can You Go?,2026,25.0,SP,40.333333333333336,,,MiLB coverage unverified; baseline retained,
05gww,Cade Horton,Young Guns,2025,24.0,SP,118.0,,,MiLB coverage unverified; baseline retained,
05gww,Cade Horton,Young Guns,2026,25.0,SP,7.333333333333333,,,MiLB coverage unverified; baseline retained,
03poq,Tony Santillan,Sodo Mojo,2023,26.0,RP,3.3333333333333335,,,MiLB coverage unverified; baseline retained,
05rgq,Kendry Rojas,How Lowe Can You Go?,2026,23.0,RP,29.666666666666668,,,MiLB coverage unverified; baseline retained,
05mre,Spencer Strider,Cafécitos de Spokane,2023,24.0,SP,186.66666666666666,,,MiLB coverage unverified; baseline retained,
05mre,Spencer Strider,Cafécitos de Spokane,2024,25.0,SP,9.0,,,MiLB coverage unverified; baseline retained,
05mre,Spencer Strider,Cafécitos de Spokane,2025,26.0,SP,125.33333333333333,,,MiLB coverage unverified; baseline retained,
041ma,Cole Ragans,How Lowe Can You Go?,2023,25.0,RP,96.0,,,MiLB coverage unverified; baseline retained,
041ma,Cole Ragans,How Lowe Can You Go?,2024,26.0,SP,186.33333333333334,,,MiLB coverage unverified; baseline retained,
04aea,Hunter Greene,TheMissingSox,2023,24.0,SP,112.0,,,MiLB coverage unverified; baseline retained,
04aea,Hunter Greene,TheMissingSox,2024,25.0,SP,150.33333333333334,,,MiLB coverage unverified; baseline retained,
04aea,Hunter Greene,TheMissingSox,2025,26.0,SP,107.66666666666667,,,MiLB coverage unverified; baseline retained,
067xm,George Klassen,Ohtani and the Bums,2026,24.0,SP,27.0,,,MiLB coverage unverified; baseline retained,
05g4k,Mick Abel,Ohtani and the Bums,2025,24.0,SP,39.0,,,MiLB coverage unverified; baseline retained,
05g4k,Mick Abel,Ohtani and the Bums,2026,25.0,SP,20.333333333333332,,,MiLB coverage unverified; baseline retained,
05ajh,Garrett Crochet,EpSkenes Island,2023,24.0,RP,12.666666666666666,,,MiLB coverage unverified; baseline retained,
05ajh,Garrett Crochet,EpSkenes Island,2024,25.0,SP,146.0,,,MiLB coverage unverified; baseline retained,
05ajh,Garrett Crochet,EpSkenes Island,2025,26.0,SP,205.33333333333334,,,MiLB coverage unverified; baseline retained,
06htl,Ty Johnson,EpSkenes Island,2026,25.0,RP,7.666666666666667,,,MiLB coverage unverified; baseline retained,
06mc1,Trey Gibson,Young Guns,2026,24.0,SP,39.666666666666664,,,MiLB coverage unverified; baseline retained,
05xq2,Mitch Bratt,EpSkenes Island,2026,23.0,SP,44.0,,,MiLB coverage unverified; baseline retained,
05uy5,AJ Smith-Shawver,Ohtani and the Bums,2023,20.0,SP,25.333333333333332,,,MiLB coverage unverified; baseline retained,
05uy5,AJ Smith-Shawver,Ohtani and the Bums,2024,21.0,SP,4.333333333333333,,,MiLB coverage unverified; baseline retained,
05uy5,AJ Smith-Shawver,Ohtani and the Bums,2025,22.0,SP,44.333333333333336,,,MiLB coverage unverified; baseline retained,
05uy5,AJ Smith-Shawver,Ohtani and the Bums,2026,23.0,SP,31.333333333333332,,,MiLB coverage unverified; baseline retained,
06fwg,Khristian Curtis,How Lowe Can You Go?,2026,24.0,RP,21.0,,,MiLB coverage unverified; baseline retained,
05198,Gavin Collyer,Yoho and a Bottle of Rum,2026,25.0,RP,25.0,,,MiLB coverage unverified; baseline retained,
05js6,Ricky Tiedemann,Miller & Miller LLP,2026,24.0,RP,6.0,,,MiLB coverage unverified; baseline retained,
05xoo,Elmer Rodriguez,Miller & Miller LLP,2026,23.0,SP,26.666666666666668,,,MiLB coverage unverified; baseline retained,
05y40,Eduardo Rivera,EpSkenes Island,2026,23.0,SP,10.0,,,MiLB coverage unverified; baseline retained,
0569p,Coleman Crow,Yoho and a Bottle of Rum,2026,25.0,SP,18.666666666666668,,,MiLB coverage unverified; baseline retained,
0662m,Luis Morales,Yoho and a Bottle of Rum,2025,23.0,SP,48.666666666666664,,,MiLB coverage unverified; baseline retained,
0662m,Luis Morales,Yoho and a Bottle of Rum,2026,24.0,RP,16.0,,,MiLB coverage unverified; baseline retained,
06f1b,Brody Hopkins,How Lowe Can You Go?,2026,24.0,RP,5.333333333333333,,,MiLB coverage unverified; baseline retained,
062pm,Owen Murphy,Young Guns,2026,23.0,RP,12.0,,,MiLB coverage unverified; baseline retained,
05gd5,Luis Perales,EpSkenes Island,2026,23.0,RP,11.0,,,MiLB coverage unverified; baseline retained,
061lj,Winston Santos,Ohtani and the Bums,2026,24.0,RP,2.0,,,MiLB coverage unverified; baseline retained,
0603p,Hurston Waldrep,Yoho and a Bottle of Rum,2024,22.0,SP,7.0,,,MiLB coverage unverified; baseline retained,
0603p,Hurston Waldrep,Yoho and a Bottle of Rum,2025,23.0,SP,56.333333333333336,,,MiLB coverage unverified; baseline retained,
0603p,Hurston Waldrep,Yoho and a Bottle of Rum,2026,24.0,SP,10.666666666666666,,,MiLB coverage unverified; baseline retained,
06dqb,Shane Smith,How Lowe Can You Go?,2025,25.0,SP,146.33333333333334,,,MiLB coverage unverified; baseline retained,
06dqb,Shane Smith,How Lowe Can You Go?,2026,26.0,SP,8.333333333333334,,,MiLB coverage unverified; baseline retained,
0516h,DJ Herz,How Lowe Can You Go?,2024,23.0,SP,88.66666666666667,,,MiLB coverage unverified; baseline retained,
0516h,DJ Herz,How Lowe Can You Go?,2026,25.0,SP,7.0,,,MiLB coverage unverified; baseline retained,
05ynx,River Ryan,Cafécitos de Spokane,2024,26.0,SP,20.333333333333332,,,MiLB coverage unverified; baseline retained,
061mh,Robby Snelling,Ohtani and the Bums,2026,22.0,SP,5.0,,,MiLB coverage unverified; baseline retained,
05xpj,Tanner McDougal,How Lowe Can You Go?,2026,23.0,RP,0.3333333333333333,,,MiLB coverage unverified; baseline retained,
06dqi,Jake Bloss,Ohtani and the Bums,2024,23.0,SP,11.666666666666666,,,MiLB coverage unverified; baseline retained,
06hv8,Logan Evans,Sodo Mojo,2025,24.0,SP,81.33333333333333,,,MiLB coverage unverified; baseline retained,
05yav,David Festa,Ohtani and the Bums,2024,24.0,SP,64.33333333333333,,,MiLB coverage unverified; baseline retained,
05yav,David Festa,Ohtani and the Bums,2025,25.0,SP,53.333333333333336,,,MiLB coverage unverified; baseline retained,
04px8,Reese Olson,TheMissingSox,2023,24.0,SP,103.66666666666667,,,MiLB coverage unverified; baseline retained,
04px8,Reese Olson,TheMissingSox,2024,25.0,SP,112.33333333333333,,,MiLB coverage unverified; baseline retained,
04px8,Reese Olson,TheMissingSox,2025,26.0,SP,68.66666666666667,,,MiLB coverage unverified; baseline retained,
0512m,Ryan Pepiot,Sodo Mojo,2023,26.0,RP,42.0,,,MiLB coverage unverified; baseline retained,
050vn,Quinn Priester,Shea Stadiums,2023,23.0,SP,50.0,,,MiLB coverage unverified; baseline retained,
050vn,Quinn Priester,Shea Stadiums,2024,24.0,SP,49.666666666666664,,,MiLB coverage unverified; baseline retained,
050vn,Quinn Priester,Shea Stadiums,2025,25.0,SP,157.33333333333334,,,MiLB coverage unverified; baseline retained,
05w9g,Randy Rodriguez,TheMissingSox,2024,25.0,RP,52.333333333333336,,,MiLB coverage unverified; baseline retained,
05w9g,Randy Rodriguez,TheMissingSox,2025,26.0,RP,50.666666666666664,,,MiLB coverage unverified; baseline retained,
05tq1,Spencer Schwellenbach,Ohtani and the Bums,2024,24.0,SP,123.66666666666667,,,MiLB coverage unverified; baseline retained,
05tq1,Spencer Schwellenbach,Ohtani and the Bums,2025,25.0,SP,110.66666666666667,,,MiLB coverage unverified; baseline retained,
05mrx,Gavin Stone,Yoho and a Bottle of Rum,2023,24.0,SP,31.0,,,MiLB coverage unverified; baseline retained,
05mrx,Gavin Stone,Yoho and a Bottle of Rum,2024,25.0,SP,140.33333333333334,,,MiLB coverage unverified; baseline retained,
05yb1,Drew Thorpe,TheMissingSox,2024,24.0,SP,44.333333333333336,,,MiLB coverage unverified; baseline retained,
04ok0,Mike Vasil,EpSkenes Island,2025,25.0,RP,101.0,,,MiLB coverage unverified; baseline retained,
