id,mlbam_id,name,prior_role,forecast_role,candidate,role_evidence,latest_verified_workload,latest_GP,latest_GS,observation_status,complete,source_date,statistical_cutoff,full_role_GP,full_role_GS,full_role_RA,work_per_game_or_start,work_per_relief,full_role_PA_IP,full_role_basis,conditional_given_MLB_participation,participation_probability,role_retention_given_active,expected_before_allocation,team_allocation_adjustment,medical_envelope_adjustment,final_expected,expected_without_allocator,production,previous_frozen_benchmark,previous_targeted_repair,delta_vs_production,delta_vs_previous_repair,fallback,uncertainty,team_id,allocator_executed,arrival_label,absence_adjustment,retained_reduced_adjustment,changed_role_adjustment,high_usage_adjustment,unknown_role_adjustment,reconciliation_error,probability_absent,probability_retained_high_usage,probability_retained_reduced,probability_changed,probability_unknown_role,raw_expected_before_count_adapter,count_feasibility_adjustment,conditional_given_MLB_after_count_adapter,expected_GP_equivalent,expected_GS,expected_RA,count_composition_basis,prior_probability_SP,prior_probability_RP,final_reconciliation_error
02mwm,621566,Matt Olson,H,everyday,structural,latest positive verified MLB usage; prior role scenario if latest zero,698.0,162.0,,observed_positive,True,2026-10-10,2026 regular-season end,155,,,4.34375,0.0,673.28125,structural role scheduling scenario,618.0021234594527,0.9930742540608244,0.768918862071246,613.7219977625015,0.0,0.0,613.7219977625015,613.7219977625015,600.5484155182885,646.9516526239263,632.0076391043395,13.17358224421298,-18.285641341838073,,joint state uncertainty; medical cause and daily role retention unidentifiable,144,True,MLB participant/return scenario; not guaranteed full-season retention,-4.66297488311056,-31.16819552290187,-14.943572420581242,-7.414894245215083,-1.3696151656897477,-1.1368683772161603e-13,0.006925745939175582,0.5683219628431933,0.19527156254150738,0.12080737628889993,0.10867335238722386,613.7219977625015,0.0,618.0021234594527,141.28851747050393,,,H appearance equivalents; P preserved independent role composition scaled to compatible unconditional workload,,,0.0
01ub6,608070,Jose Ramirez,H,everyday,structural,latest positive verified MLB usage; prior role scenario if latest zero,544.0,125.0,,observed_positive,True,2026-10-10,2026 regular-season end,155,,,4.306098964326813,0.0,667.445339470656,structural role scheduling scenario,526.7723440256976,0.9498371799938083,0.491317705435978,500.34795774809686,0.0,0.0,500.34795774809686,500.34795774809686,529.7791098709511,558.2332654833274,494.33726618516755,-29.4311521228542,6.01069156292931,,joint state uncertainty; medical cause and daily role retention unidentifiable,114,True,MLB participant/return scenario; not guaranteed full-season retention,-33.480940427838,-42.43748455349046,-26.155451332148036,-7.708374355034836,-57.31513105404784,0.0,0.05016282000619165,0.25446155565053,0.21221026816180794,0.10808804452179381,0.37507731165967656,500.34795774809686,0.0,526.7723440256976,116.19518313284237,,,H appearance equivalents; P preserved independent role composition scaled to compatible unconditional workload,,,0.0
03ynj,665742,Juan Soto,H,everyday,structural,latest positive verified MLB usage; prior role scenario if latest zero,482.0,111.0,,observed_positive,True,2026-10-10,2026 regular-season end,155,,,4.4228915662650605,0.0,685.5481927710844,structural role scheduling scenario,559.9889280010485,0.9845320822487587,0.5940671933314124,551.3270653211225,0.0,0.0,551.3270653211225,551.3270653211225,640.1656812624801,597.983666478066,595.1382853887503,-88.8386159413576,-43.8112200676278,,joint state uncertainty; medical cause and daily role retention unidentifiable,121,True,MLB participant/return scenario; not guaranteed full-season retention,-10.604003060295309,-45.5875673539831,-39.29254280171083,-7.086898559349993,-31.65011567462255,1.1368683772161603e-13,0.015467917751241388,0.4002280820771216,0.18465012876912976,0.10457812782899815,0.2950757435735091,551.3270653211225,0.0,559.9889280010485,124.65308205299146,,,H appearance equivalents; P preserved independent role composition scaled to compatible unconditional workload,,,0.0
02z0s,592450,Aaron Judge,H,everyday,structural,latest positive verified MLB usage; prior role scenario if latest zero,285.0,66.0,,observed_positive,True,2026-10-10,2026 regular-season end,155,,,4.410294117647059,0.0,683.5955882352941,structural role scheduling scenario,467.49200453510457,0.9041535259613973,0.6816051526657434,422.68454425917633,-12.604161244934971,0.0,410.08038301424136,422.68454425917633,469.40924238138865,353.5992168470886,364.715356465262,-59.32885936714729,45.36502654897936,,joint state uncertainty; medical cause and daily role retention unidentifiable,147,True,MLB participant/return scenario; not guaranteed full-season retention,-65.52022680069749,-63.22300751190083,-78.69564783313095,-11.753204703192779,-41.71895712719577,0.0,0.09584647403860273,0.32620717392347914,0.29006852817270923,0.15584256054574686,0.13203526331946205,422.68454425917633,0.0,467.49200453510457,92.9825476657833,,,H appearance equivalents; P preserved independent role composition scaled to compatible unconditional workload,,,0.0
041ai,666158,Gavin Lux,H,platoon,structural,latest positive verified MLB usage; prior role scenario if latest zero,0.0,0.0,,verified_zero,True,2026-10-10,2026 regular-season end,115,,,3.5876993166287017,0.0,412.5854214123007,structural role scheduling scenario,235.40561065499327,0.3983528985365413,0.5971492744722032,93.77450733618109,0.0,-1.4210854715202004e-14,93.77450733618107,93.77450733618109,458.4460265881399,75.23173657155107,146.42812515981853,-364.6715192519588,-52.65361782363746,,joint state uncertainty; medical cause and daily role retention unidentifiable,139,True,MLB participant/return scenario; not guaranteed full-season retention,-248.23082289879034,-69.5829786942655,1.7923370219452757,-2.30956879475491,-0.47988071025409795,5.684341886080802e-14,0.6016471014634587,0.06922506002873506,0.16865108431625978,0.15671585017710055,0.0037609040144458363,93.77450733618109,0.0,235.40561065499327,26.137783314656186,,,H appearance equivalents; P preserved independent role composition scaled to compatible unconditional workload,,,2.842170943040401e-14
02w16,623993,Anthony Santander,H,everyday,structural,latest positive verified MLB usage; prior role scenario if latest zero,0.0,0.0,,verified_zero,True,2026-10-10,2026 regular-season end,155,,,4.201413427561837,0.0,651.2190812720847,structural role scheduling scenario,457.8708895375864,0.26404651976339477,0.5049226478216404,120.89921488336944,0.0,-1.4210854715202004e-14,120.89921488336942,120.89921488336944,439.1191556520023,56.623202079562745,125.81951751811206,-318.21994076863285,-4.92030263474264,,joint state uncertainty; medical cause and daily role retention unidentifiable,141,True,MLB participant/return scenario; not guaranteed full-season retention,-479.2669492586754,11.308907650557229,-23.626038429641262,-0.670491523843689,-38.065294827112105,5.684341886080802e-14,0.7359534802366052,0.015586694149843374,0.11773637375717902,0.03627970848687419,0.09444374336949814,120.89921488336944,0.0,457.8708895375864,28.77584340790038,,,H appearance equivalents; P preserved independent role composition scaled to compatible unconditional workload,,,7.105427357601002e-14
05wru,694973,Paul Skenes,SP,starter,structural,latest positive verified MLB usage; prior role scenario if latest zero,174.33333333333334,32.0,32.0,observed_positive,True,2026-10-10,2026 regular-season end,,32,0,5.63209219858156,1.0,180.22695035460993,structural role scheduling scenario,138.28685506297808,0.961600507548559,0.9752469380105835,132.97671001585374,0.0,0.0,132.97671001585374,132.97671001585374,165.31663391067949,127.92157759991477,138.21802115928034,-32.339923894825745,-5.2413111434266,,joint state uncertainty; medical cause and daily role retention unidentifiable,134,True,MLB participant/return scenario; not guaranteed full-season retention,-6.920623419688085,-42.26135262571327,-1.7405198872415568,3.6722555938867205,-0.0,-2.842170943040401e-14,0.03839949245144105,0.4082827313379867,0.5295152192381684,0.02380255697240394,0.0,132.97671001585374,0.0,138.28685506297808,,22.384552399644924,3.5540367513775375,H appearance equivalents; P preserved independent role composition scaled to compatible unconditional workload,0.8818317827236085,0.07976872482495057,0.0
01sb3,554430,Zack Wheeler,SP,starter,structural,latest positive verified MLB usage; prior role scenario if latest zero,162.0,28.0,28.0,observed_positive,True,2026-10-10,2026 regular-season end,,32,0,5.9930966469428,1.0,191.7790927021696,structural role scheduling scenario,151.97241612767772,0.9678464459160951,0.9720336700474578,147.0859628264547,0.0,0.0,147.0859628264547,147.0859628264547,142.42533592391857,116.27490213608338,121.05559519462385,4.660626902536137,26.030367631830856,,joint state uncertainty; medical cause and daily role retention unidentifiable,143,True,MLB participant/return scenario; not guaranteed full-season retention,-6.16637942936141,-30.065267930452773,-1.4576632301697856,-7.0038192857308985,-0.0,2.842170943040401e-14,0.032153554083904835,0.3859733989086849,0.5548059339575254,0.027067113049884895,0.0,147.08596282645473,-2.842170943040401e-14,151.9724161276777,,25.711166721154655,1.2973743515373646,H appearance equivalents; P preserved independent role composition scaled to compatible unconditional workload,0.9570823518826087,0.010764094033486549,0.0
061yu,694819,Jacob Misiorowski,SP,starter,structural,latest positive verified MLB usage; prior role scenario if latest zero,174.66666666666666,30.0,30.0,observed_positive,True,2026-10-10,2026 regular-season end,,32,0,5.556910569105691,1.0,177.8211382113821,structural role scheduling scenario,146.35189424836565,0.9696692001424527,0.975825118587048,141.91292423514554,-16.37654294392854,0.0,125.536381291217,141.91292423514554,129.0654038970866,127.87628933701288,108.93531252692286,-3.5290226058696135,16.60106876429414,,joint state uncertainty; medical cause and daily role retention unidentifiable,158,True,MLB participant/return scenario; not guaranteed full-season retention,-5.3934573535306765,-30.87776382228061,-2.3525382169836537,2.715545416558378,-0.0,2.842170943040401e-14,0.03033079985754724,0.28875611438830723,0.6574714478309097,0.02344163792323579,0.0,141.91292423514554,0.0,146.35189424836565,,20.90277738113993,2.4512415844875344,H appearance equivalents; P preserved independent role composition scaled to compatible unconditional workload,0.9199147192926633,0.04975448084978952,0.0
05y7s,690997,Nolan McLean,SP,starter,structural,latest positive verified MLB usage; prior role scenario if latest zero,179.66666666666666,31.0,31.0,observed_positive,True,2026-10-10,2026 regular-season end,,32,0,5.81140350877193,1.0,185.96491228070175,structural role scheduling scenario,145.80847060562994,0.9785422653278572,0.9784047249445086,142.6797511304234,0.0,0.0,142.6797511304234,142.6797511304234,120.12640244516551,119.312713273576,120.0387182274223,22.553348685257887,22.641032903001104,,joint state uncertainty; medical cause and daily role retention unidentifiable,121,True,MLB participant/return scenario; not guaranteed full-season retention,-3.990385746047626,-36.61519497584771,-2.381921312315549,-0.2976591160674862,-0.0,0.0,0.021457734672142896,0.3341399278581195,0.6232704480965588,0.021131889373178715,0.0,142.6797511304234,0.0,145.80847060562994,,23.943526783156553,2.4697658962477895,H appearance equivalents; P preserved independent role composition scaled to compatible unconditional workload,0.91950180987233,0.05904045545552711,-2.842170943040401e-14
02mwk,621244,Jose Berrios,SP,starter,structural,latest positive verified MLB usage; prior role scenario if latest zero,0.0,0.0,0.0,verified_zero,True,2026-10-10,2026 regular-season end,,32,0,5.689003436426117,1.0,182.04810996563575,structural role scheduling scenario,58.290760338109145,0.6965066465533626,0.7931525846942203,40.59990200814214,0.0,0.0,40.59990200814214,40.59990200814214,153.52373927395132,58.72189317054096,57.029983151522984,-112.92383726580918,-16.430081143380846,,joint state uncertainty; medical cause and daily role retention unidentifiable,141,True,MLB participant/return scenario; not guaranteed full-season retention,-55.25039138209301,-65.97341177232938,-19.59915681625862,-0.6252479868125662,-0.0,2.1316282072803006e-14,0.3034933534466374,0.03021967932946658,0.5222163676410367,0.14407059958285914,0.0,40.59990200814215,-1.4210854715202004e-14,58.29076033810912,,7.716023384272409,1.1391401134589003,H appearance equivalents; P preserved independent role composition scaled to compatible unconditional workload,0.5938884190559668,0.10261822749739569,1.4210854715202004e-14
0512m,686752,Ryan Pepiot,SP,starter,structural,latest positive verified MLB usage; prior role scenario if latest zero,0.0,0.0,0.0,verified_zero,True,2026-10-10,2026 regular-season end,,32,0,5.299283154121864,1.0,169.57706093189964,structural role scheduling scenario,59.44722736882541,0.5145741746592104,0.7915376104858911,30.590007959091764,0.0,0.0,30.590007959091764,30.590007959091764,142.16743795776148,34.100976801465826,38.522014143382336,-111.57742999866971,-7.932006184290572,,joint state uncertainty; medical cause and daily role retention unidentifiable,139,True,MLB participant/return scenario; not guaranteed full-season retention,-82.31708476173274,-39.57171472036094,-16.605496573026777,-0.49275691768742524,-0.0,-7.105427357601002e-15,0.4854258253407896,0.02516155859481769,0.3821432540326833,0.10726936203170945,0.0,30.59000795909176,3.552713678800501e-15,59.447227368825416,,6.025182213896304,0.9809337400429028,H appearance equivalents; P preserved independent role composition scaled to compatible unconditional workload,0.4635085226554811,0.05106565200372939,0.0
02mwm,621566,Matt Olson,H,everyday,fitted,latest positive verified MLB usage; prior role scenario if latest zero,698.0,162.0,,observed_positive,True,2026-10-10,2026 regular-season end,158.29267673263953,,,4.34375,0.0,687.583814557403,high-usage proxy fit or disclosed structural fallback; not medical full availability,626.28896277841,0.9930742540608244,0.768918862071246,621.951444537697,0.0,0.0,621.951444537697,621.951444537697,600.5484155182885,646.9516526239263,632.0076391043395,21.40302901940845,-10.056194566642603,fitted high-usage proxy; full medical availability unverified,joint state uncertainty; medical cause and daily role retention unidentifiable,144,True,MLB participant/return scenario; not guaranteed full-season retention,-4.76203081151379,-32.454168654581885,-14.322535938423862,-12.01740752947997,-2.0762270857066554,-1.1368683772161603e-13,0.006925745939175582,0.5683219628431933,0.19527156254150738,0.12080737628889993,0.10867335238722386,621.951444537697,0.0,626.28896277841,143.18306636839066,,,H appearance equivalents; P preserved independent role composition scaled to compatible unconditional workload,,,-1.1368683772161603e-13
01ub6,608070,Jose Ramirez,H,everyday,fitted,latest positive verified MLB usage; prior role scenario if latest zero,544.0,125.0,,observed_positive,True,2026-10-10,2026 regular-season end,153.18342529304346,,,4.306098964326813,0.0,659.6229890064081,high-usage proxy fit or disclosed structural fallback; not medical full availability,526.1017503590406,0.9498371799938083,0.491317705435978,499.71100295083767,0.0,-5.684341886080802e-14,499.7110029508376,499.71100295083767,529.7791098709511,558.2332654833274,494.33726618516755,-30.06810692011345,5.37373676567006,fitted high-usage proxy; full medical availability unverified,joint state uncertainty; medical cause and daily role retention unidentifiable,114,True,MLB participant/return scenario; not guaranteed full-season retention,-33.08854926947458,-40.65474356718988,-25.44948331873384,-5.742827996766212,-54.97638190340592,5.684341886080802e-14,0.05016282000619165,0.25446155565053,0.21221026816180794,0.10808804452179381,0.37507731165967656,499.71100295083767,0.0,526.1017503590406,116.04726391348954,,,H appearance equivalents; P preserved independent role composition scaled to compatible unconditional workload,,,0.0
03ynj,665742,Juan Soto,H,everyday,fitted,latest positive verified MLB usage; prior role scenario if latest zero,482.0,111.0,,observed_positive,True,2026-10-10,2026 regular-season end,155.9899229578904,,,4.4228915662650605,0.0,689.92651467279,high-usage proxy fit or disclosed structural fallback; not medical full availability,570.2445075614362,0.9845320822487587,0.5940671933314124,561.4240124203787,0.0,0.0,561.4240124203787,561.4240124203787,640.1656812624801,597.983666478066,595.1382853887503,-78.74166884210138,-33.714272968371574,fitted high-usage proxy; full medical availability unverified,joint state uncertainty; medical cause and daily role retention unidentifiable,121,True,MLB participant/return scenario; not guaranteed full-season retention,-10.67172658335935,-44.6244642250363,-38.76477222720774,-4.730445567302253,-29.711093649505596,0.0,0.015467917751241388,0.4002280820771216,0.18465012876912976,0.10457812782899815,0.2950757435735091,561.4240124203787,0.0,570.2445075614362,126.93596576107718,,,H appearance equivalents; P preserved independent role composition scaled to compatible unconditional workload,,,0.0
02z0s,592450,Aaron Judge,H,everyday,fitted,latest positive verified MLB usage; prior role scenario if latest zero,285.0,66.0,,observed_positive,True,2026-10-10,2026 regular-season end,153.332929355019,,,4.410294117647059,0.0,676.2433163760322,high-usage proxy fit or disclosed structural fallback; not medical full availability,471.0643682163079,0.9041535259613973,0.6816051526657434,425.91450947755277,-12.45652390384754,0.0,413.45798557370523,425.91450947755277,469.40924238138865,353.5992168470886,364.715356465262,-55.95125680768342,48.742629108443225,fitted high-usage proxy; full medical availability unverified,joint state uncertainty; medical cause and daily role retention unidentifiable,147,True,MLB participant/return scenario; not guaranteed full-season retention,-64.81553746681399,-60.03375165564731,-77.25961037947843,-7.471498841375948,-40.748408555163756,5.684341886080802e-14,0.09584647403860273,0.32620717392347914,0.29006852817270923,0.15584256054574686,0.13203526331946205,425.91450947755277,0.0,471.0643682163079,93.74839286099352,,,H appearance equivalents; P preserved independent role composition scaled to compatible unconditional workload,,,0.0
041ai,666158,Gavin Lux,H,platoon,fitted,latest positive verified MLB usage; prior role scenario if latest zero,0.0,0.0,,verified_zero,True,2026-10-10,2026 regular-season end,124.03126333806601,,,3.5876993166287017,0.0,444.98687871857396,high-usage proxy fit or disclosed structural fallback; not medical full availability,235.01398034413307,0.3983528985365413,0.5971492744722032,93.61850026669516,0.0,-1.4210854715202004e-14,93.61850026669515,93.61850026669516,458.4460265881399,75.23173657155107,146.42812515981853,-364.82752632144474,-52.809624893123384,fitted high-usage proxy; full medical availability unverified,joint state uncertainty; medical cause and daily role retention unidentifiable,139,True,MLB participant/return scenario; not guaranteed full-season retention,-267.7250657703016,-75.04751960239548,-3.560200255011295,-4.523033026737155,-0.5125597974331593,8.526512829121202e-14,0.6016471014634587,0.06922506002873506,0.16865108431625978,0.15671585017710055,0.0037609040144458363,93.61850026669516,0.0,235.01398034413307,26.094299439415344,,,H appearance equivalents; P preserved independent role composition scaled to compatible unconditional workload,,,5.684341886080802e-14
02w16,623993,Anthony Santander,H,everyday,fitted,latest positive verified MLB usage; prior role scenario if latest zero,0.0,0.0,,verified_zero,True,2026-10-10,2026 regular-season end,154.52606634860592,,,4.201413427561837,0.0,649.2278900653442,high-usage proxy fit or disclosed structural fallback; not medical full availability,451.8913282923202,0.26404651976339477,0.5049226478216404,119.32033254684485,0.0,-2.842170943040401e-14,119.32033254684482,119.32033254684485,439.1191556520023,56.623202079562745,125.81951751811206,-319.79882310515745,-6.4991849712672405,fitted high-usage proxy; full medical availability unverified,joint state uncertainty; medical cause and daily role retention unidentifiable,141,True,MLB participant/return scenario; not guaranteed full-season retention,-477.8015251602582,10.263692256949724,-23.55379859311909,-0.6468222673770999,-38.169103754694646,4.263256414560601e-14,0.7359534802366052,0.015586694149843374,0.11773637375717902,0.03627970848687419,0.09444374336949814,119.32033254684485,0.0,451.8913282923202,28.400045509467695,,,H appearance equivalents; P preserved independent role composition scaled to compatible unconditional workload,,,1.4210854715202004e-14
05wru,694973,Paul Skenes,SP,starter,fitted,latest positive verified MLB usage; prior role scenario if latest zero,174.33333333333334,32.0,32.0,observed_positive,True,2026-10-10,2026 regular-season end,,32.42106674524193,0.0,5.63209219858156,1.0,182.59843708556912,high-usage proxy fit or disclosed structural fallback; not medical full availability,139.09479104674364,0.961600507548559,0.9752469380105835,133.75362166790947,0.0,0.0,133.75362166790947,133.75362166790947,165.31663391067949,127.92157759991477,138.21802115928034,-31.563012242770014,-4.4643994913708696,fitted high-usage proxy; full medical availability unverified,joint state uncertainty; medical cause and daily role retention unidentifiable,134,True,MLB participant/return scenario; not guaranteed full-season retention,-7.011687306512245,-43.11529802476923,-1.7736868653499958,3.0558567789718043,-0.0,2.842170943040401e-14,0.03839949245144105,0.4082827313379867,0.5295152192381684,0.02380255697240394,0.0,133.75362166790944,2.842170943040401e-14,139.09479104674367,,22.515333343039163,3.574801083444785,H appearance equivalents; P preserved independent role composition scaled to compatible unconditional workload,0.8818317827236085,0.07976872482495057,0.0
01sb3,554430,Zack Wheeler,SP,starter,fitted,latest positive verified MLB usage; prior role scenario if latest zero,162.0,28.0,28.0,observed_positive,True,2026-10-10,2026 regular-season end,,31.4195738827529,0.02329155467831686,5.9930966469428,1.0,188.32383443977628,high-usage proxy fit or disclosed structural fallback; not medical full availability,151.40770521395171,0.9678464459160951,0.9720336700474578,146.539409375635,0.0,0.0,146.539409375635,146.539409375635,142.42533592391857,116.27490213608338,121.05559519462385,4.114073451716422,25.48381418101114,fitted high-usage proxy; full medical availability unverified,joint state uncertainty; medical cause and daily role retention unidentifiable,143,True,MLB participant/return scenario; not guaranteed full-season retention,-6.0552805959476865,-28.95893433493604,-1.3768739282522064,-5.39333620500538,-0.0,0.0,0.032153554083904835,0.3859733989086849,0.5548059339575254,0.027067113049884895,0.0,146.539409375635,0.0,151.40770521395171,,25.61562716982011,1.2925534671020875,H appearance equivalents; P preserved independent role composition scaled to compatible unconditional workload,0.9570823518826087,0.010764094033486549,-2.842170943040401e-14
061yu,694819,Jacob Misiorowski,SP,starter,fitted,latest positive verified MLB usage; prior role scenario if latest zero,174.66666666666666,30.0,30.0,observed_positive,True,2026-10-10,2026 regular-season end,,31.371585793828842,0.0,5.556910569105691,1.0,174.32909666733343,high-usage proxy fit or disclosed structural fallback; not medical full availability,144.63350715923292,0.9696692001424527,0.975825118587048,140.2466572008911,-15.690604128562313,0.0,124.55605307232878,140.2466572008911,129.0654038970866,127.87628933701288,108.93531252692286,-4.509350824757831,15.620740545405923,fitted high-usage proxy; full medical availability unverified,joint state uncertainty; medical cause and daily role retention unidentifiable,158,True,MLB participant/return scenario; not guaranteed full-season retention,-5.287540940363896,-29.769080581471552,-2.2943859064673773,3.2685679618604904,-0.0,2.842170943040401e-14,0.03033079985754724,0.28875611438830723,0.6574714478309097,0.02344163792323579,0.0,140.2466572008911,0.0,144.63350715923292,,20.74172483920605,2.4224603930122783,H appearance equivalents; P preserved independent role composition scaled to compatible unconditional workload,0.9199147192926633,0.04975448084978952,0.0
05y7s,690997,Nolan McLean,SP,starter,fitted,latest positive verified MLB usage; prior role scenario if latest zero,179.66666666666666,31.0,31.0,observed_positive,True,2026-10-10,2026 regular-season end,,31.81771488561781,0.023071118969985455,5.81140350877193,1.0,184.9286510463542,high-usage proxy fit or disclosed structural fallback; not medical full availability,146.28540881424414,0.9785422653278572,0.9784047249445086,143.14645532550213,0.0,0.0,143.14645532550213,143.14645532550213,120.12640244516551,119.312713273576,120.0387182274223,23.02005288033662,23.107737098079838,fitted high-usage proxy; full medical availability unverified,joint state uncertainty; medical cause and daily role retention unidentifiable,121,True,MLB participant/return scenario; not guaranteed full-season retention,-3.9681499274299687,-35.9377085498989,-2.359551958044042,0.4832147145208636,-0.0,0.0,0.021457734672142896,0.3341399278581195,0.6232704480965588,0.021131889373178715,0.0,143.14645532550213,0.0,146.28540881424414,,24.021845845995855,2.4778444784958595,H appearance equivalents; P preserved independent role composition scaled to compatible unconditional workload,0.91950180987233,0.05904045545552711,0.0
02mwk,621244,Jose Berrios,SP,starter,fitted,latest positive verified MLB usage; prior role scenario if latest zero,0.0,0.0,0.0,verified_zero,True,2026-10-10,2026 regular-season end,,32.18017444191968,0.02415360040735376,5.689003436426117,1.0,183.09727658528033,high-usage proxy fit or disclosed structural fallback; not medical full availability,58.730657210212364,0.6965066465533626,0.7931525846942203,40.90629310336007,0.0,0.0,40.90629310336007,40.90629310336007,153.52373927395132,58.72189317054096,57.029983151522984,-112.61744617059125,-16.123690048162914,fitted high-usage proxy; full medical availability unverified,joint state uncertainty; medical cause and daily role retention unidentifiable,141,True,MLB participant/return scenario; not guaranteed full-season retention,-55.56880647781321,-66.28441560016435,-19.690256001562645,-0.647505402380019,-0.0,2.1316282072803006e-14,0.3034933534466374,0.03021967932946658,0.5222163676410367,0.14407059958285914,0.0,40.90629310336008,-7.105427357601002e-15,58.73065721021235,,7.7742531025352815,1.1477367447241518,H appearance equivalents; P preserved independent role composition scaled to compatible unconditional workload,0.5938884190559668,0.10261822749739569,2.842170943040401e-14
0512m,686752,Ryan Pepiot,SP,starter,fitted,latest positive verified MLB usage; prior role scenario if latest zero,0.0,0.0,0.0,verified_zero,True,2026-10-10,2026 regular-season end,,31.17696518602302,0.22574740270473803,5.299283154121864,1.0,165.44131380964035,high-usage proxy fit or disclosed structural fallback; not medical full availability,59.14422736379909,0.5145741746592104,0.7915376104858911,30.434091981583602,0.0,0.0,30.434091981583602,30.434091981583602,142.16743795776148,34.100976801465826,38.522014143382336,-111.73334597617787,-8.087922161798733,fitted high-usage proxy; full medical availability unverified,joint state uncertainty; medical cause and daily role retention unidentifiable,139,True,MLB participant/return scenario; not guaranteed full-season retention,-80.30948630150924,-38.1050189052198,-16.14680495362708,-0.44591166770063245,-0.0,-3.552713678800501e-15,0.4854258253407896,0.02516155859481769,0.3821432540326833,0.10726936203170945,0.0,30.434091981583602,0.0,59.14422736379909,,5.9944721148404065,0.9759339622346048,H appearance equivalents; P preserved independent role composition scaled to compatible unconditional workload,0.4635085226554811,0.05106565200372939,3.552713678800501e-15
