window,family,group,n,predicted_participation,observed_participation,Brier,prior_Brier,conditional_active_bias,prior_conditional_active_bias,joint_state_Brier,role_retention_Brier_known_active
all_exposed,H,H,1487,0.7245434567759941,0.7114996637525218,0.1122584578538404,0.1090722838929794,-2.686671818646979,39.408041636797556,0.5652856755140347,0.34821159831115595
all_exposed,H,aging33plus,286,0.4266912326450964,0.4125874125874126,0.1419890857487264,0.13771377316522354,-13.039968856417136,37.3363113502209,0.37615650049629434,0.4107885840847281
all_exposed,H,aging_33plus,255,0.40692042724645683,0.403921568627451,0.14706810892764322,0.14522249516132904,-24.006729299220392,31.1625286958062,0.35841456667780974,0.6045766525095414
all_exposed,H,all,1487,0.7245434567759941,0.7114996637525218,0.1122584578538404,0.1090722838929794,-2.686671818646979,39.408041636797556,0.5652856755140347,0.34821159831115595
all_exposed,H,all_everyday,358,0.9574191205776109,0.9636871508379888,0.03400968660751854,0.03304376847486592,-2.6836159321336077,22.93848042923598,0.6438350181159374,0.4669423456310315
all_exposed,H,anchor_2014,133,0.7241563777945962,0.6992481203007519,0.11535714995189517,0.11767122062710207,-14.514034176597884,15.645601795672736,0.3254154039498521,0.4262949616800436
all_exposed,H,anchor_2015,136,0.6964332452052787,0.6985294117647058,0.11537656875202652,0.11241923006747438,-22.678785597657978,10.366169793324655,0.3817097246663786,0.4955699023311988
all_exposed,H,anchor_2016,135,0.6850300237034715,0.6444444444444445,0.14487559587532894,0.13561271442919726,-20.848227481796197,1.3033802030653383,0.44194249725998597,0.544378543640341
all_exposed,H,anchor_2017,129,0.7020697760876822,0.6821705426356589,0.12432613705195693,0.11909344824256196,-31.78085833130564,19.07668257870554,0.4649639745350764,0.40286762657237685
all_exposed,H,anchor_2018,127,0.677343842241421,0.7165354330708661,0.07369314697075824,0.07506898404950958,-7.676300379498039,41.365047570349034,0.4737876703996994,0.4977494405871338
all_exposed,H,anchor_2020,108,0.7013226722395101,0.7314814814814815,0.12143275610314888,0.12352930974523905,-85.87553247081574,76.84942686204602,0.6824242864551896,0.4782543095541273
all_exposed,H,anchor_2021,111,0.7366422847693566,0.7477477477477478,0.09457096974947517,0.09297594786790725,66.24433186269061,82.42878423045707,0.6852387875171129,0.44483334691423854
all_exposed,H,anchor_2022,107,0.786339400286194,0.7476635514018691,0.11715553410720564,0.11252553076086441,20.372914425922627,76.03841741716562,0.6222579194255419,0.28354923088301415
all_exposed,H,anchor_2023,116,0.7021849990881628,0.6896551724137931,0.10001358877405506,0.09034645026403076,10.948287959703107,43.31269642612883,0.5906314658552955,0.2528405401864096
all_exposed,H,anchor_2024,113,0.7024282728277372,0.672566371681416,0.09261894213449884,0.09072452605376202,12.64894739220596,82.31033594901919,0.7729788988544272,0.38833804405322303
all_exposed,H,bench,162,0.6969355884756643,0.691358024691358,0.18140161270906802,0.17551648883057736,12.899220468296404,100.00795992582422,0.7062060921755166,0.2507014758639677
all_exposed,H,durable,33,0.9808394308684003,1.0,0.000678296641603787,0.0007248050670778214,20.489522983071822,13.459529793648295,0.7763390603161145,0.509652458824007
all_exposed,H,durable_four_years,24,0.9802750275838369,1.0,0.000753129299341035,0.000559933804102162,-6.618185552577472,20.12124418502218,0.8072568322476336,0.5726557762170911
all_exposed,H,established,1050,0.68671565408642,0.6723809523809524,0.11358228871281063,0.11074637398498317,-4.337399131236478,42.48990942945815,0.5282088603064248,0.39772969514940965
all_exposed,H,everyday,499,0.915801827583749,0.9318637274549099,0.04051141843697685,0.04044482205695902,-5.553045567414036,24.188260381802074,0.7335887482494152,0.4299962548224988
all_exposed,H,high_PA,132,0.9774120045010821,0.9848484848484849,0.015246798733894952,0.015326370828229643,13.610458838426593,27.15601483982412,0.7755135688059078,0.5057780086830195
all_exposed,H,high_RBI,64,0.967824413361255,1.0,0.0028721468127223477,0.001383741289246818,1.0762150836229116,13.682056768648067,0.7322086977962312,0.5287420718244772
all_exposed,H,high_RBI_comparable62,62,0.9699428214844368,1.0,0.0024251377671368752,0.0012200715603947585,6.55328540667039,18.69069389295599,0.754158611411877,0.5287420718244772
all_exposed,H,interrupted,222,0.662355722263039,0.6441441441441441,0.15327556241400528,0.15151065234980593,-18.67851257382963,82.98825121600397,0.5864316673791193,0.3639678622420303
all_exposed,H,ordinary_regular,336,0.9558268824226437,0.9613095238095238,0.0361911900875083,0.03517489172251347,-5.639022589944226,22.420964799393605,0.6283529316616858,0.45738992720458044
all_exposed,H,part_time,538,0.5311016838978014,0.5055762081784386,0.1483216200822288,0.14444338053322262,1.8416768299829702,60.32194634693298,0.43585290348302913,0.3214111324385878
all_exposed,H,part_time_opportunity_candidate,488,0.8329397235656575,0.8422131147540983,0.13843858598345607,0.12613814993671446,-12.700111506128893,50.223764007636156,0.5916103912808787,0.33384940729072726
all_exposed,H,part_time_or_returning,855,0.6057173350692029,0.5906432748538012,0.14272044481782506,0.13888351459646392,-9.211831776091413,57.401337689171996,0.48738062876424615,0.32726211665299204
all_exposed,H,platoon,260,0.8797633925299602,0.8615384615384616,0.09506180032678865,0.09181991759115402,16.726585155852614,66.26983317268117,0.7169948132107548,0.2756579723697599
all_exposed,H,repeated_shortfall_proxy_not_diagnosed_injury,726,0.6338530064396859,0.6170798898071626,0.13743482368545584,0.1327128860030963,-2.664807320408085,58.3419686920808,0.4847858386026569,0.3314599733858376
all_exposed,H,returning_after_missed_season,223,0.16646884973638085,0.11659192825112108,0.08430715151003368,0.09363399623200029,-10.62950605148755,57.615246993161136,0.19640199069787798,0.3868777369723042
all_exposed,H,role_demonstrated_everyday,165,0.96823412868591,0.9878787878787879,0.012765516869969988,0.011818048554623645,0.9638371169857414,55.54948838318512,1.114712977848992,0.45420111972845706
all_exposed,H,role_interrupted_everyday,55,0.8279574054956214,0.9090909090909091,0.0909304925878714,0.08933914080607555,8.98877541736691,142.4102130069933,1.0167089642225873,0.4080705252304695
all_exposed,H,role_other_hitter,995,0.6605793629193513,0.6422110552763819,0.12773548534266274,0.12433565452682668,-11.328262938461704,32.140030934065244,0.40941161027977296,0.3300431445057723
all_exposed,H,uncertain,586,0.5086019510263114,0.4709897610921502,0.15956071467012276,0.15456167970028034,-18.786826029722377,24.039894078271367,0.3189012984017544,
all_exposed,H,uncertain_role,823,0.5799153341721661,0.5552855407047388,0.15685342387643367,0.15361123895764126,-5.199078771203486,43.99902541747627,0.4438772341695594,0.2960679225329661
all_exposed,H,unstable,653,0.550938865395588,0.5252679938744257,0.14962857248113393,0.14695851968734544,7.329343456628449,49.97496993402622,0.4633609137474995,0.2960679225329661
all_exposed,H,young,318,0.8981706076278994,0.89937106918239,0.08258987511103451,0.07639237110522087,-9.32702455661132,33.84449141662849,0.6988402543892094,0.31915719510216234
all_exposed,H,young_entry,190,0.8914234020010675,0.9157894736842105,0.07208344630255238,0.06708045154916008,-25.680520132247807,24.695833799572004,0.6392830289560028,0.3268977942480495
all_exposed,H,young_first_full_opportunity,197,0.8930983476719474,0.9137055837563451,0.07462931027527892,0.06969338349444198,-26.269159086425887,25.66178670336874,0.6510767011829891,0.33296266678419795
all_exposed,P,RP,1909,0.463593720221232,0.4924044002095338,0.14513175792171715,0.14567395461059957,0.3974616855470794,-0.5544785625880582,0.4601432528848204,0.07077875249458923
all_exposed,P,SP,608,0.710578718864291,0.7302631578947368,0.12059600334182083,0.12485086100752692,3.210002283499407,0.009390716614836384,0.600247205917077,0.19355967864038862
all_exposed,P,aging33plus,437,0.33105817302761026,0.34782608695652173,0.09232612471247016,0.09382116132631435,1.673548650154312,-1.9526197379461399,0.32573964308564807,0.05141562045334691
all_exposed,P,all,2517,0.52325477670712,0.5498609455701232,0.13920496460245732,0.14064398205967857,1.2997507213063522,-0.3735840828437771,0.49398640085606077,0.11016800914829945
all_exposed,P,anchor_2014,179,0.47113612109012976,0.5027932960893855,0.1721043999683144,0.15375042710270695,7.415891772857148,0.26767150939932877,0.5052946670459937,0.0951125591032743
all_exposed,P,anchor_2015,186,0.46535577318144794,0.478494623655914,0.14097900376982708,0.13975446264498967,9.572538244160114,9.392239309390591,0.5127567778073068,0.1394160402935589
all_exposed,P,anchor_2016,190,0.4679897067331868,0.47368421052631576,0.12074826202152301,0.12616082301694512,-3.9664678493842755,-5.961045140172306,0.4433515308962068,0.10364768505435988
all_exposed,P,anchor_2017,196,0.502911927472419,0.5357142857142857,0.12249411914839323,0.12313043382650922,-4.692620890061733,-6.193770619371007,0.4657366721372334,0.10232809597659594
all_exposed,P,anchor_2018,202,0.5537149696663749,0.5693069306930693,0.1208862088540106,0.13564886708204726,3.4242506873718566,1.0666473684125641,0.4791416747367339,0.11144340087016184
all_exposed,P,anchor_2020,217,0.42443672998387805,0.6497695852534562,0.1800387049792206,0.20187325876155623,-5.8622027494548865,-11.13623973810298,0.5711591688563894,0.08731709585361395
all_exposed,P,anchor_2021,240,0.5289366617961659,0.5833333333333334,0.15248401670383221,0.15277935102500528,2.315233915227534,0.12239282466799,0.5181323363115834,0.10387502677176198
all_exposed,P,anchor_2022,251,0.5359558639888111,0.50199203187251,0.12422622133714921,0.12222984909869479,-2.4447359101955968,0.3803502626360457,0.4534880280327152,0.11222096399062459
all_exposed,P,anchor_2023,272,0.49660515408230205,0.4632352941176471,0.12930308466079224,0.1240869494832542,-1.5278403153609958,-1.0505806751637432,0.4389765257856992,0.10365119465632318
all_exposed,P,anchor_2024,261,0.5191143632503866,0.5287356321839081,0.13053245727390655,0.1325795426739967,8.611136756002175,5.23806213514076,0.4488978255727521,0.1149469201890239
all_exposed,P,established,1838,0.47400257204152,0.5,0.12291653413467435,0.12299123451065647,0.7691889441027928,-1.0681432333734542,0.45065322530240703,0.09331007983222207
all_exposed,P,established_SP,332,0.641199274516105,0.6566265060240963,0.11333519844001536,0.11579533381072954,-0.38338364134911757,-6.320403685189219,0.5553825598794405,0.16082739440853097
all_exposed,P,first_MLB_season,346,0.6426914523046079,0.6705202312138728,0.17688552937812207,0.1804460035729505,-0.06022514213325757,-3.5556064884655845,0.5699274456088823,0.1318038738444116
all_exposed,P,interrupted,167,0.582111517507775,0.592814371257485,0.15657020717401252,0.16034612390088457,3.0267127032990566,-4.0196737782897625,0.5735719937653596,0.2099610438151072
all_exposed,P,next_role_RP,562,0.7512822745161117,0.998220640569395,0.11821921029737659,0.12273402890573766,4.780398492333561,5.018856540915974,0.6417851699870523,0.07106880147269583
all_exposed,P,next_role_SP,219,0.8701446030990635,1.0,0.03234425094507228,0.0427203016068726,-10.983641097935752,-14.316107383073836,0.6528319104579968,0.19109914382417054
all_exposed,P,next_role_absent,303,0.48174614095308876,0.0,0.30309174279812845,0.2927372561547631,,,0.496891491762586,
all_exposed,P,observed_role_transition,107,0.7603015704101466,0.7009345794392523,0.1610357876797899,0.1683582725375293,3.365611559407306,6.328333620017292,0.654823130568245,0.25802533211397416
all_exposed,P,recent_debut_with_MiLB,940,0.5643297838250798,0.5904255319148937,0.1595773671973769,0.16372078039191904,2.3436538906462174,2.0079539132004096,0.5291651504705006,0.1237847807872077
all_exposed,P,relief_swing,1388,0.3971380861697018,0.4272334293948127,0.13148224309602594,0.13096731466254588,-0.26350765778147567,-0.85801312962628,0.4136714806088794,0.062462968931171974
all_exposed,P,reliever,1767,0.45217670704024254,0.4844368986983588,0.14422047959825696,0.14455805304593386,0.15225001281767153,-0.23098550155507358,0.4536026687513435,0.0525726695141641
all_exposed,P,returning_after_missed_season,725,0.1364745634178384,0.12137931034482759,0.0937883202868772,0.09476832846054092,8.054408849878477,0.4846298636682614,0.19845683929250782,0.1262744213801115
all_exposed,P,role_demonstrated_rotation,144,0.9094054181210013,0.9513888888888888,0.05634171544386357,0.06348428447763117,-7.77970632965443,-9.359096042714725,0.7122268216744877,0.1186858231656922
all_exposed,P,role_interrupted_rotation,99,0.5232793750472947,0.5252525252525253,0.1710057234020437,0.16795440628857927,11.182803398115245,0.6165924655728114,0.5428143108087244,0.21879638712995486
all_exposed,P,role_other_hitter,1685,0.44172125760186004,0.47418397626112757,0.14281398662438544,0.14374263151488983,0.33992986774265727,-0.832453898816993,0.4477923012293229,0.07070144808404019
all_exposed,P,role_other_rotation,266,0.6289749242205243,0.6466165413533834,0.14586175729192744,0.15245652701350967,8.497279924042187,4.630331127607708,0.54880353081886,0.23049909914724628
all_exposed,P,second_MLB_season,327,0.5388216178547631,0.5290519877675841,0.1598014715867852,0.16349325084122912,4.3725004996772485,6.650741967056775,0.5075223928778745,0.11194819564056699
all_exposed,P,stable_rotation,111,0.9207135346050457,0.9369369369369369,0.051203435548658464,0.05440842229951877,-4.690087725926004,-8.116465422150087,0.6930599434616737,0.10912393273088042
all_exposed,P,starter,481,0.7208816336620737,0.738045738045738,0.11636883938878476,0.11937503843584435,2.6273626328842092,-1.469397479269092,0.6190223304577344,0.1843983690197172
all_exposed,P,swingman,269,0.636773107212843,0.6431226765799256,0.14709255281880898,0.15296442239555638,4.253267356313121,1.1694758602074162,0.5356807223825679,0.24282600320879968
all_exposed,P,swingmen,309,0.772050348010175,0.8252427184466019,0.14482463549781713,0.15216431091598082,4.048859866249703,2.129488536096944,0.6379396414199685,0.20964006944476365
all_exposed,P,uncertain_role,1362,0.30771657409087755,0.3355359765051395,0.1522772727195706,0.1517328948172532,1.2329962031025614,-1.2415788726658645,0.3857633694988431,0.08936093809130922
all_exposed,P,unstable,1362,0.30771657409087755,0.3355359765051395,0.1522772727195706,0.1517328948172532,1.2329962031025614,-1.2415788726658645,0.3857633694988431,0.08936093809130922
all_exposed,P,unstable_rotation,147,0.5230108080504141,0.5510204081632653,0.12116735459475333,0.12772008405954535,9.277333286023774,4.182240488763867,0.46879701204396645,0.22545193001302735
all_exposed,P,young,538,0.71060136305621,0.7490706319702602,0.1717248384584678,0.17810901340293678,3.062169437584612,1.6486564499494696,0.6335145366391169,0.1475124635838859
all_exposed,P,young_SP,177,0.7750746273582991,0.807909604519774,0.1481057355835383,0.15750626298180567,7.41815237964126,6.462458794948561,0.6660678441188276,0.22533456627079787
all_exposed,P,young_entry,403,0.6975423279069745,0.739454094292804,0.18632669063674454,0.19421559997168567,3.2758160617571925,1.2522626482111812,0.6319002137058041,0.13704730711235288
all_exposed,P,young_promotion_capacity,356,0.6902577568320302,0.7471910112359551,0.1811597467084615,0.19019273310199655,3.6301842158787516,1.749104662960403,0.650924260906505,0.1514992415356083
pre2026_exposed,H,H,1215,0.7099364235721719,0.7012345679012346,0.11045621011673037,0.10747128148974455,-7.78429084124414,43.08985566159217,0.5326841042022222,0.38877579413480506
pre2026_exposed,H,aging33plus,255,0.40692042724645683,0.403921568627451,0.14706810892764322,0.14522249516132904,-24.006729299220392,31.1625286958062,0.35841456667780974,0.6045766525095414
pre2026_exposed,H,aging_33plus,255,0.40692042724645683,0.403921568627451,0.14706810892764322,0.14522249516132904,-24.006729299220392,31.1625286958062,0.35841456667780974,0.6045766525095414
pre2026_exposed,H,all,1215,0.7099364235721719,0.7012345679012346,0.11045621011673037,0.10747128148974455,-7.78429084124414,43.08985566159217,0.5326841042022222,0.38877579413480506
pre2026_exposed,H,all_everyday,358,0.9574191205776109,0.9636871508379888,0.03400968660751854,0.03304376847486592,-2.6836159321336077,22.93848042923598,0.6438350181159374,0.4669423456310315
pre2026_exposed,H,anchor_2014,133,0.7241563777945962,0.6992481203007519,0.11535714995189517,0.11767122062710207,-14.514034176597884,15.645601795672736,0.3254154039498521,0.4262949616800436
pre2026_exposed,H,anchor_2015,136,0.6964332452052787,0.6985294117647058,0.11537656875202652,0.11241923006747438,-22.678785597657978,10.366169793324655,0.3817097246663786,0.4955699023311988
pre2026_exposed,H,anchor_2016,135,0.6850300237034715,0.6444444444444445,0.14487559587532894,0.13561271442919726,-20.848227481796197,1.3033802030653383,0.44194249725998597,0.544378543640341
pre2026_exposed,H,anchor_2017,129,0.7020697760876822,0.6821705426356589,0.12432613705195693,0.11909344824256196,-31.78085833130564,19.07668257870554,0.4649639745350764,0.40286762657237685
pre2026_exposed,H,anchor_2018,127,0.677343842241421,0.7165354330708661,0.07369314697075824,0.07506898404950958,-7.676300379498039,41.365047570349034,0.4737876703996994,0.4977494405871338
pre2026_exposed,H,anchor_2020,108,0.7013226722395101,0.7314814814814815,0.12143275610314888,0.12352930974523905,-85.87553247081574,76.84942686204602,0.6824242864551896,0.4782543095541273
pre2026_exposed,H,anchor_2021,111,0.7366422847693566,0.7477477477477478,0.09457096974947517,0.09297594786790725,66.24433186269061,82.42878423045707,0.6852387875171129,0.44483334691423854
pre2026_exposed,H,anchor_2022,107,0.786339400286194,0.7476635514018691,0.11715553410720564,0.11252553076086441,20.372914425922627,76.03841741716562,0.6222579194255419,0.28354923088301415
pre2026_exposed,H,anchor_2023,116,0.7021849990881628,0.6896551724137931,0.10001358877405506,0.09034645026403076,10.948287959703107,43.31269642612883,0.5906314658552955,0.2528405401864096
pre2026_exposed,H,anchor_2024,113,0.7024282728277372,0.672566371681416,0.09261894213449884,0.09072452605376202,12.64894739220596,82.31033594901919,0.7729788988544272,0.38833804405322303
pre2026_exposed,H,bench,78,0.6965074180514645,0.7051282051282052,0.1851509542439133,0.16583453596998823,6.931371966894891,190.12396389968444,0.7523101700342983,0.2808006958066382
pre2026_exposed,H,durable,33,0.9808394308684003,1.0,0.000678296641603787,0.0007248050670778214,20.489522983071822,13.459529793648295,0.7763390603161145,0.509652458824007
pre2026_exposed,H,durable_four_years,24,0.9802750275838369,1.0,0.000753129299341035,0.000559933804102162,-6.618185552577472,20.12124418502218,0.8072568322476336,0.5726557762170911
pre2026_exposed,H,established,992,0.6703197470464259,0.655241935483871,0.11817548258942741,0.11533029573284442,-4.61506399463988,44.0590946934094,0.503508117253843,0.4149021702709972
pre2026_exposed,H,everyday,430,0.910135058559012,0.9255813953488372,0.04114781196162983,0.04185371682183984,-7.288277700464047,25.002442525193278,0.6977828323633384,0.4658050486315247
pre2026_exposed,H,high_PA,132,0.9774120045010821,0.9848484848484849,0.015246798733894952,0.015326370828229643,13.610458838426593,27.15601483982412,0.7755135688059078,0.5057780086830195
pre2026_exposed,H,high_RBI,64,0.967824413361255,1.0,0.0028721468127223477,0.001383741289246818,1.0762150836229116,13.682056768648067,0.7322086977962312,0.5287420718244772
pre2026_exposed,H,high_RBI_comparable62,62,0.9699428214844368,1.0,0.0024251377671368752,0.0012200715603947585,6.55328540667039,18.69069389295599,0.754158611411877,0.5287420718244772
pre2026_exposed,H,interrupted,188,0.6454835357916767,0.6329787234042553,0.1570486346190506,0.15568140527286442,-29.318616754350135,80.16822030979895,0.5780855413470335,0.4083138378327623
pre2026_exposed,H,ordinary_regular,336,0.9558268824226437,0.9613095238095238,0.0361911900875083,0.03517489172251347,-5.639022589944226,22.420964799393605,0.6283529316616858,0.45738992720458044
pre2026_exposed,H,part_time,538,0.5311016838978014,0.5055762081784386,0.1483216200822288,0.14444338053322262,1.8416768299829702,60.32194634693298,0.43585290348302913,0.3214111324385878
pre2026_exposed,H,part_time_opportunity_candidate,488,0.8329397235656575,0.8422131147540983,0.13843858598345607,0.12613814993671446,-12.700111506128893,50.223764007636156,0.5916103912808787,0.33384940729072726
pre2026_exposed,H,part_time_or_returning,855,0.6057173350692029,0.5906432748538012,0.14272044481782506,0.13888351459646392,-9.211831776091413,57.401337689171996,0.48738062876424615,0.32726211665299204
pre2026_exposed,H,platoon,155,0.8975026426750053,0.9161290322580645,0.061555971770059066,0.06442225177539487,9.430236848638213,83.83052149539431,0.7416171093786803,0.28020076186796894
pre2026_exposed,H,repeated_shortfall_proxy_not_diagnosed_injury,726,0.6338530064396859,0.6170798898071626,0.13743482368545584,0.1327128860030963,-2.664807320408085,58.3419686920808,0.4847858386026569,0.3314599733858376
pre2026_exposed,H,returning_after_missed_season,223,0.16646884973638085,0.11659192825112108,0.08430715151003368,0.09363399623200029,-10.62950605148755,57.615246993161136,0.19640199069787798,0.3868777369723042
pre2026_exposed,H,role_demonstrated_everyday,165,0.96823412868591,0.9878787878787879,0.012765516869969988,0.011818048554623645,0.9638371169857414,55.54948838318512,1.114712977848992,0.45420111972845706
pre2026_exposed,H,role_interrupted_everyday,55,0.8279574054956214,0.9090909090909091,0.0909304925878714,0.08933914080607555,8.98877541736691,142.4102130069933,1.0167089642225873,0.4080705252304695
pre2026_exposed,H,role_other_hitter,995,0.6605793629193513,0.6422110552763819,0.12773548534266274,0.12433565452682668,-11.328262938461704,32.140030934065244,0.40941161027977296,0.3300431445057723
pre2026_exposed,H,uncertain,572,0.5193111427759214,0.4825174825174825,0.1633223167917115,0.15827174837759309,-18.786826029722377,24.039894078271367,0.3264246653686021,
pre2026_exposed,H,uncertain_role,708,0.5695479475386879,0.5451977401129944,0.15703381585362086,0.15278061445363836,-11.370486285772493,50.190956825858635,0.41980953265296594,0.3214111324385878
pre2026_exposed,H,unstable,538,0.5311016838978014,0.5055762081784386,0.1483216200822288,0.14444338053322262,1.8416768299829702,60.32194634693298,0.43585290348302913,0.3214111324385878
pre2026_exposed,H,young,253,0.8956979215039741,0.9130434782608695,0.07108035945329602,0.0678915788506378,-15.96857758597901,39.476125591383195,0.6861478340166103,0.34898605698012836
pre2026_exposed,H,young_entry,190,0.8914234020010675,0.9157894736842105,0.07208344630255238,0.06708045154916008,-25.680520132247807,24.695833799572004,0.6392830289560028,0.3268977942480495
pre2026_exposed,H,young_first_full_opportunity,197,0.8930983476719474,0.9137055837563451,0.07462931027527892,0.06969338349444198,-26.269159086425887,25.66178670336874,0.6510767011829891,0.33296266678419795
pre2026_exposed,P,RP,1685,0.44172125760186004,0.47418397626112757,0.14281398662438544,0.14374263151488983,0.33992986774265727,-0.832453898816993,0.4477923012293229,0.07070144808404019
pre2026_exposed,P,SP,509,0.6877531791390291,0.7092337917485265,0.12542632825220307,0.1302999201825969,2.706975502699702,-1.2568321210349178,0.5938723345560054,0.18638009683596635
pre2026_exposed,P,aging33plus,384,0.2915829439149868,0.3020833333333333,0.08589374234607801,0.08779511620684465,2.183668299192198,-2.329391767180937,0.2889821141426481,0.04543046280725048
pre2026_exposed,P,all,2194,0.49879976629029166,0.528714676390155,0.13878011328279893,0.14062397150206526,1.076570793793944,-0.9645233283175716,0.48168233630830254,0.1067014413594241
pre2026_exposed,P,anchor_2014,179,0.47113612109012976,0.5027932960893855,0.1721043999683144,0.15375042710270695,7.415891772857148,0.26767150939932877,0.5052946670459937,0.0951125591032743
pre2026_exposed,P,anchor_2015,186,0.46535577318144794,0.478494623655914,0.14097900376982708,0.13975446264498967,9.572538244160114,9.392239309390591,0.5127567778073068,0.1394160402935589
pre2026_exposed,P,anchor_2016,190,0.4679897067331868,0.47368421052631576,0.12074826202152301,0.12616082301694512,-3.9664678493842755,-5.961045140172306,0.4433515308962068,0.10364768505435988
pre2026_exposed,P,anchor_2017,196,0.502911927472419,0.5357142857142857,0.12249411914839323,0.12313043382650922,-4.692620890061733,-6.193770619371007,0.4657366721372334,0.10232809597659594
pre2026_exposed,P,anchor_2018,202,0.5537149696663749,0.5693069306930693,0.1208862088540106,0.13564886708204726,3.4242506873718566,1.0666473684125641,0.4791416747367339,0.11144340087016184
pre2026_exposed,P,anchor_2020,217,0.42443672998387805,0.6497695852534562,0.1800387049792206,0.20187325876155623,-5.8622027494548865,-11.13623973810298,0.5711591688563894,0.08731709585361395
pre2026_exposed,P,anchor_2021,240,0.5289366617961659,0.5833333333333334,0.15248401670383221,0.15277935102500528,2.315233915227534,0.12239282466799,0.5181323363115834,0.10387502677176198
pre2026_exposed,P,anchor_2022,251,0.5359558639888111,0.50199203187251,0.12422622133714921,0.12222984909869479,-2.4447359101955968,0.3803502626360457,0.4534880280327152,0.11222096399062459
pre2026_exposed,P,anchor_2023,272,0.49660515408230205,0.4632352941176471,0.12930308466079224,0.1240869494832542,-1.5278403153609958,-1.0505806751637432,0.4389765257856992,0.10365119465632318
pre2026_exposed,P,anchor_2024,261,0.5191143632503866,0.5287356321839081,0.13053245727390655,0.1325795426739967,8.611136756002175,5.23806213514076,0.4488978255727521,0.1149469201890239
pre2026_exposed,P,established,1738,0.4490468224886274,0.475258918296893,0.12736756726642798,0.12747018845672378,0.15765406011993274,-1.8560548017639182,0.4415625062957002,0.0911266047120455
pre2026_exposed,P,established_SP,332,0.641199274516105,0.6566265060240963,0.11333519844001536,0.11579533381072954,-0.38338364134911757,-6.320403685189219,0.5553825598794405,0.16082739440853097
pre2026_exposed,P,first_MLB_season,346,0.6426914523046079,0.6705202312138728,0.17688552937812207,0.1804460035729505,-0.06022514213325757,-3.5556064884655845,0.5699274456088823,0.1318038738444116
pre2026_exposed,P,interrupted,145,0.5720529266639461,0.5793103448275863,0.16138880225682053,0.1631950807126099,1.9665964617872023,-5.688912140871373,0.5664581390147807,0.19383974459760753
pre2026_exposed,P,next_role_RP,562,0.7512822745161117,0.998220640569395,0.11821921029737659,0.12273402890573766,4.780398492333561,5.018856540915974,0.6417851699870523,0.07106880147269583
pre2026_exposed,P,next_role_SP,219,0.8701446030990635,1.0,0.03234425094507228,0.0427203016068726,-10.983641097935752,-14.316107383073836,0.6528319104579968,0.19109914382417054
pre2026_exposed,P,next_role_absent,303,0.48174614095308876,0.0,0.30309174279812845,0.2927372561547631,,,0.496891491762586,
pre2026_exposed,P,observed_role_transition,107,0.7603015704101466,0.7009345794392523,0.1610357876797899,0.1683582725375293,3.365611559407306,6.328333620017292,0.654823130568245,0.25802533211397416
pre2026_exposed,P,recent_debut_with_MiLB,940,0.5643297838250798,0.5904255319148937,0.1595773671973769,0.16372078039191904,2.3436538906462174,2.0079539132004096,0.5291651504705006,0.1237847807872077
pre2026_exposed,P,relief_swing,1388,0.3971380861697018,0.4272334293948127,0.13148224309602594,0.13096731466254588,-0.26350765778147567,-0.85801312962628,0.4136714806088794,0.062462968931171974
pre2026_exposed,P,reliever,1557,0.42983919674751453,0.46563904945407836,0.14190490773609785,0.14244923358906048,-0.04985858795186156,-0.5032998452773553,0.4403641507320902,0.05049568749555049
pre2026_exposed,P,returning_after_missed_season,725,0.1364745634178384,0.12137931034482759,0.0937883202868772,0.09476832846054092,8.054408849878477,0.4846298636682614,0.19845683929250782,0.1262744213801115
pre2026_exposed,P,role_demonstrated_rotation,144,0.9094054181210013,0.9513888888888888,0.05634171544386357,0.06348428447763117,-7.77970632965443,-9.359096042714725,0.7122268216744877,0.1186858231656922
pre2026_exposed,P,role_interrupted_rotation,99,0.5232793750472947,0.5252525252525253,0.1710057234020437,0.16795440628857927,11.182803398115245,0.6165924655728114,0.5428143108087244,0.21879638712995486
pre2026_exposed,P,role_other_hitter,1685,0.44172125760186004,0.47418397626112757,0.14281398662438544,0.14374263151488983,0.33992986774265727,-0.832453898816993,0.4477923012293229,0.07070144808404019
pre2026_exposed,P,role_other_rotation,266,0.6289749242205243,0.6466165413533834,0.14586175729192744,0.15245652701350967,8.497279924042187,4.630331127607708,0.54880353081886,0.23049909914724628
pre2026_exposed,P,second_MLB_season,327,0.5388216178547631,0.5290519877675841,0.1598014715867852,0.16349325084122912,4.3725004996772485,6.650741967056775,0.5075223928778745,0.11194819564056699
pre2026_exposed,P,stable_rotation,111,0.9207135346050457,0.9369369369369369,0.051203435548658464,0.05440842229951877,-4.690087725926004,-8.116465422150087,0.6930599434616737,0.10912393273088042
pre2026_exposed,P,starter,399,0.6969299294646961,0.7142857142857143,0.12217085867948808,0.12724458574563743,1.2002102616699932,-3.8643329958158192,0.6148978911080958,0.1766951677791474
pre2026_exposed,P,swingman,238,0.6177815800361598,0.6302521008403361,0.14618258228672582,0.15111322296157442,6.28606448326751,2.3158682052347217,0.52865464125387,0.24537450483733897
pre2026_exposed,P,swingmen,309,0.772050348010175,0.8252427184466019,0.14482463549781713,0.15216431091598082,4.048859866249703,2.129488536096944,0.6379396414199685,0.20964006944476365
pre2026_exposed,P,uncertain_role,1226,0.2890136759233206,0.3205546492659054,0.14511548214124967,0.14475975331645657,1.6813994816536753,-1.3388128064365088,0.3692015790833468,0.08808231644977722
pre2026_exposed,P,unstable,1226,0.2890136759233206,0.3205546492659054,0.14511548214124967,0.14475975331645657,1.6813994816536753,-1.3388128064365088,0.3692015790833468,0.08808231644977722
pre2026_exposed,P,unstable_rotation,147,0.5230108080504141,0.5510204081632653,0.12116735459475333,0.12772008405954535,9.277333286023774,4.182240488763867,0.46879701204396645,0.22545193001302735
pre2026_exposed,P,young,473,0.6965231581558351,0.7420718816067653,0.17607675722815064,0.18428055496436205,3.6975028922947053,1.8596931562039605,0.6375512767111332,0.14802068703167096
pre2026_exposed,P,young_SP,177,0.7750746273582991,0.807909604519774,0.1481057355835383,0.15750626298180567,7.41815237964126,6.462458794948561,0.6660678441188276,0.22533456627079787
pre2026_exposed,P,young_entry,403,0.6975423279069745,0.739454094292804,0.18632669063674454,0.19421559997168567,3.2758160617571925,1.2522626482111812,0.6319002137058041,0.13704730711235288
pre2026_exposed,P,young_promotion_capacity,356,0.6902577568320302,0.7471910112359551,0.1811597467084615,0.19019273310199655,3.6301842158787516,1.749104662960403,0.650924260906505,0.1514992415356083
2026_exposed,H,H,272,0.7897917852415965,0.7573529411764706,0.12030893947365166,0.11622382036331154,18.3966845272403,24.18034479638491,0.7109140179546676,0.26728012023581715
2026_exposed,H,aging33plus,31,0.5893220512468096,0.4838709677419355,0.10021002411570086,0.07594847932629137,62.265119517498604,79.72961891053527,0.5220982141644738,0.22991972022156887
2026_exposed,H,all,272,0.7897917852415965,0.7573529411764706,0.12030893947365166,0.11622382036331154,18.3966845272403,24.18034479638491,0.7109140179546676,0.26728012023581715
2026_exposed,H,bench,84,0.6973331752981353,0.6785714285714286,0.17792008128385453,0.18450687362969576,18.657670776666293,13.053921003678303,0.6633951627352191,0.2216583689017417
2026_exposed,H,established,58,0.9671422020808014,0.9655172413793104,0.035022834823089155,0.03234550546983907,-1.1145033953041132,24.27615190145258,0.9506767414816157,0.3121739708829288
2026_exposed,H,everyday,69,0.9511164751292114,0.9710144927536232,0.03654548777609593,0.03166475323233945,4.754751282644236,19.351775410612532,0.9567270646409084,0.3054671659045434
2026_exposed,H,interrupted,34,0.7556489886341013,0.7058823529411765,0.13241269257434293,0.1284488420693648,34.07867065458455,96.97090445927051,0.6325808348506532,0.2660371661458305
2026_exposed,H,platoon,105,0.8535768804110843,0.780952380952381,0.1445227853391038,0.13226409093822705,29.361724907370238,35.859860711397424,0.680647614105722,0.2677911905557883
2026_exposed,H,uncertain,14,0.07105497382796226,0.0,0.005872399416639631,0.002978873741502137,,,0.011518019470550563,
2026_exposed,H,uncertain_role,115,0.6437423753591462,0.6173913043478261,0.15574283674731595,0.1587249967735895,28.352517012228034,10.335849028242572,0.5920505617673695,0.25680379451017205
2026_exposed,H,unstable,115,0.6437423753591462,0.6173913043478261,0.15574283674731595,0.1587249967735895,28.352517012228034,10.335849028242572,0.5920505617673695,0.25680379451017205
2026_exposed,H,young,65,0.9077950628487156,0.8461538461538461,0.12738845144038585,0.10948007018844422,18.567498166732964,10.191627882658754,0.74824305983948,0.23563638184385763
2026_exposed,P,RP,224,0.6281254144785616,0.6294642857142857,0.16256677861816332,0.16020198771895164,0.7234753197721395,1.0207150093759068,0.5530510811862193,0.07121681082103376
2026_exposed,P,SP,99,0.8279342715931629,0.8383838383838383,0.0957613025399564,0.09683499110741974,5.3978657517969175,5.516697275549305,0.6330230596825872,0.22478653444034577
2026_exposed,P,aging33plus,53,0.6170673801832222,0.6792452830188679,0.13893055544255656,0.13748156370134001,0.029829781032234697,-0.7385765326340122,0.5920583433519118,0.07070112842410203
2026_exposed,P,all,323,0.6893671384858233,0.6934984520123839,0.14209079678614325,0.14077990516619107,2.45550391735275,2.686637009788371,0.5775626163909884,0.1281198780549753
2026_exposed,P,established,100,0.9077334992707949,0.93,0.045557578304796724,0.0451470149280063,6.200670816896787,5.929867040718195,0.6086499216389722,0.11270309541572568
2026_exposed,P,interrupted,22,0.648406775342101,0.6818181818181818,0.12481128503732326,0.14156890855087667,8.963363655765447,5.328061052167256,0.6204587637123573,0.3002403194331053
2026_exposed,P,reliever,210,0.6177933904963265,0.6238095238095238,0.16138879097626507,0.160193443019038,1.2707899789085977,1.276097698434654,0.5517568237798071,0.06406741732710204
2026_exposed,P,starter,82,0.8374271211590691,0.8536585365853658,0.08813706259621619,0.08108297286746076,8.437911572827801,8.281411409528296,0.6390912487565863,0.21576140264203714
2026_exposed,P,swingman,31,0.7825790255370558,0.7419354838709677,0.15407877819415708,0.167176856759676,-9.004105210780711,-6.306995955188044,0.5896228936287,0.22620534041397808
2026_exposed,P,uncertain_role,136,0.4763177002190009,0.47058823529411764,0.21683870837414007,0.21459371452296375,-1.5204801792503764,-0.6445017481055051,0.5350630389797144,0.0972124741088418
2026_exposed,P,unstable,136,0.4763177002190009,0.47058823529411764,0.21683870837414007,0.21459371452296375,-1.5204801792503764,-0.6445017481055051,0.5350630389797144,0.0972124741088418
2026_exposed,P,young,65,0.8130473771774014,0.8,0.14005626033446822,0.1331991801944113,-1.2263313817085189,0.22415868273166348,0.604139489653523,0.14408195531133688
