team_id,channel,budget,expected_demand,allocated,unallocated_or_unmodeled_reserve,players,allocation_executed,quantity,assumption,candidate
112,PA,6382.0,6191.690569486529,6191.690569486529,190.30943051347094,18,True,unconditional expected workload,current40-man continuation; incomplete future2027 roster,structural
120,PA,6195.0,5287.39002144744,5287.39002144744,907.6099785525603,16,True,unconditional expected workload,current40-man continuation; incomplete future2027 roster,structural
145,PA,6187.0,5637.560616052194,5637.560616052194,549.4393839478062,21,True,unconditional expected workload,current40-man continuation; incomplete future2027 roster,structural
135,PA,6070.0,5952.353543717597,5952.353543717597,117.64645628240305,22,True,unconditional expected workload,current40-man continuation; incomplete future2027 roster,structural
113,PA,6048.0,5769.93109115799,5769.93109115799,278.0689088420104,18,True,unconditional expected workload,current40-man continuation; incomplete future2027 roster,structural
138,PA,6141.0,5499.860711261152,5499.860711261152,641.1392887388483,16,True,unconditional expected workload,current40-man continuation; incomplete future2027 roster,structural
136,PA,6089.0,6426.481283806206,6089.0,0.0,23,True,unconditional expected workload,current40-man continuation; incomplete future2027 roster,structural
110,PA,6116.757763975154,5831.725762380135,5831.725762380135,285.0320015950192,21,True,unconditional expected workload,current40-man continuation; incomplete future2027 roster,structural
108,PA,6089.0,5047.167537451253,5047.167537451253,1041.8324625487467,22,True,unconditional expected workload,current40-man continuation; incomplete future2027 roster,structural
139,PA,6106.0,5540.747561535345,5540.747561535345,565.2524384646549,19,True,unconditional expected workload,current40-man continuation; incomplete future2027 roster,structural
117,PA,6122.0,6131.674204123483,6122.0,0.0,23,True,unconditional expected workload,current40-man continuation; incomplete future2027 roster,structural
158,PA,6299.0,5688.708691664242,5688.708691664242,610.291308335758,18,True,unconditional expected workload,current40-man continuation; incomplete future2027 roster,structural
147,PA,6034.248447204968,6219.716086162788,6034.248447204968,0.0,20,True,unconditional expected workload,current40-man continuation; incomplete future2027 roster,structural
144,PA,6053.0,5038.011728534733,5038.011728534733,1014.9882714652667,17,True,unconditional expected workload,current40-man continuation; incomplete future2027 roster,structural
118,PA,6083.0,5001.857071477232,5001.857071477232,1081.1429285227678,16,True,unconditional expected workload,current40-man continuation; incomplete future2027 roster,structural
143,PA,6079.0,6089.340984204348,6079.0,0.0,20,True,unconditional expected workload,current40-man continuation; incomplete future2027 roster,structural
146,PA,6127.0,4807.126097102154,4807.126097102154,1319.8739028978462,17,True,unconditional expected workload,current40-man continuation; incomplete future2027 roster,structural
115,PA,6173.0,5279.475110157057,5279.475110157057,893.5248898429427,19,True,unconditional expected workload,current40-man continuation; incomplete future2027 roster,structural
134,PA,6253.0,5978.557520776223,5978.557520776223,274.4424792237769,20,True,unconditional expected workload,current40-man continuation; incomplete future2027 roster,structural
109,PA,6148.0,5158.785211981078,5158.785211981078,989.2147880189223,16,True,unconditional expected workload,current40-man continuation; incomplete future2027 roster,structural
137,PA,6061.0,5677.281663029955,5677.281663029955,383.71833697004513,23,True,unconditional expected workload,current40-man continuation; incomplete future2027 roster,structural
121,PA,6111.0,5575.357128046778,5575.357128046778,535.6428719532223,18,True,unconditional expected workload,current40-man continuation; incomplete future2027 roster,structural
116,PA,6174.0,5771.658678626082,5771.658678626082,402.3413213739177,21,True,unconditional expected workload,current40-man continuation; incomplete future2027 roster,structural
141,PA,6044.0,5284.911957017584,5284.911957017584,759.0880429824156,21,True,unconditional expected workload,current40-man continuation; incomplete future2027 roster,structural
119,PA,6214.0,5021.903194463645,5021.903194463645,1192.0968055363546,16,True,unconditional expected workload,current40-man continuation; incomplete future2027 roster,structural
142,PA,6127.0,5892.756006097462,5892.756006097462,234.24399390253802,20,True,unconditional expected workload,current40-man continuation; incomplete future2027 roster,structural
111,PA,6112.0,6135.041871597226,6112.0,0.0,23,True,unconditional expected workload,current40-man continuation; incomplete future2027 roster,structural
140,PA,6043.0,5078.285132940601,5078.285132940601,964.7148670593988,17,True,unconditional expected workload,current40-man continuation; incomplete future2027 roster,structural
114,PA,6117.0,6098.048351927434,6098.048351927434,18.95164807256606,20,True,unconditional expected workload,current40-man continuation; incomplete future2027 roster,structural
133,PA,6126.0,6007.290956308019,6007.290956308019,118.7090436919807,21,True,unconditional expected workload,current40-man continuation; incomplete future2027 roster,structural
135,GS,162.0,145.71124918648673,145.71124918648673,16.288750813513275,22,True,unconditional expected workload,current40-man continuation; incomplete future2027 roster,structural
135,IP,1436.3333333333333,1194.4659686024067,1194.4659686024067,241.8673647309265,22,True,unconditional expected workload,current40-man continuation; incomplete future2027 roster,structural
114,GS,162.0,148.911889664023,148.911889664023,13.088110335977007,18,True,unconditional expected workload,current40-man continuation; incomplete future2027 roster,structural
114,IP,1437.6666666666667,1240.7024585781553,1240.7024585781553,196.96420808851144,18,True,unconditional expected workload,current40-man continuation; incomplete future2027 roster,structural
136,GS,162.0,131.30920735324975,131.30920735324975,30.690792646750253,21,True,unconditional expected workload,current40-man continuation; incomplete future2027 roster,structural
136,IP,1430.3333333333333,1165.9598213886998,1165.9598213886998,264.3735119446335,21,True,unconditional expected workload,current40-man continuation; incomplete future2027 roster,structural
108,GS,162.0,123.24292166773111,123.24292166773111,38.75707833226889,20,True,unconditional expected workload,current40-man continuation; incomplete future2027 roster,structural
108,IP,1430.3333333333333,1008.9997134944795,1008.9997134944795,421.3336198388538,20,True,unconditional expected workload,current40-man continuation; incomplete future2027 roster,structural
139,GS,162.0,141.61736170274472,141.61736170274472,20.382638297255284,24,True,unconditional expected workload,current40-man continuation; incomplete future2027 roster,structural
139,IP,1443.0,1214.7401383371719,1214.7401383371719,228.25986166282814,24,True,unconditional expected workload,current40-man continuation; incomplete future2027 roster,structural
140,GS,162.0,145.4310203795243,145.4310203795243,16.568979620475687,26,True,unconditional expected workload,current40-man continuation; incomplete future2027 roster,structural
140,IP,1419.3333333333333,1206.9419092231406,1206.9419092231406,212.3914241101927,26,True,unconditional expected workload,current40-man continuation; incomplete future2027 roster,structural
134,GS,162.0,132.31019446416911,132.31019446416911,29.689805535830885,21,True,unconditional expected workload,current40-man continuation; incomplete future2027 roster,structural
134,IP,1445.0,1196.775539253619,1196.775539253619,248.22446074638106,21,True,unconditional expected workload,current40-man continuation; incomplete future2027 roster,structural
146,GS,162.0,106.34786854997002,106.34786854997002,55.652131450029984,27,True,unconditional expected workload,current40-man continuation; incomplete future2027 roster,structural
146,IP,1428.3333333333333,1078.1567743857597,1078.1567743857597,350.17655894757354,27,True,unconditional expected workload,current40-man continuation; incomplete future2027 roster,structural
112,GS,162.0,185.4364224491486,162.0,0.0,30,True,unconditional expected workload,current40-man continuation; incomplete future2027 roster,structural
112,IP,1447.0,1352.2866237878786,1352.2866237878786,94.71337621212137,30,True,unconditional expected workload,current40-man continuation; incomplete future2027 roster,structural
143,GS,162.0,127.58969414633434,127.58969414633434,34.41030585366566,21,True,unconditional expected workload,current40-man continuation; incomplete future2027 roster,structural
143,IP,1438.3333333333333,1171.1123298597804,1171.1123298597804,267.22100347355286,21,True,unconditional expected workload,current40-man continuation; incomplete future2027 roster,structural
142,GS,162.0,159.33045283179106,159.33045283179106,2.6695471682089362,24,True,unconditional expected workload,current40-man continuation; incomplete future2027 roster,structural
142,IP,1435.6666666666667,1368.5150505613583,1368.5150505613583,67.15161610530845,24,True,unconditional expected workload,current40-man continuation; incomplete future2027 roster,structural
119,GS,162.0,169.96659011692168,162.0,0.0,27,True,unconditional expected workload,current40-man continuation; incomplete future2027 roster,structural
119,IP,1435.6666666666667,1428.6223158006962,1428.6223158006962,7.0443508659705,27,True,unconditional expected workload,current40-man continuation; incomplete future2027 roster,structural
118,GS,162.0,126.05435884689786,126.05435884689786,35.945641153102144,29,True,unconditional expected workload,current40-man continuation; incomplete future2027 roster,structural
118,IP,1424.3333333333333,1012.4209715768751,1012.4209715768751,411.91236175645815,29,True,unconditional expected workload,current40-man continuation; incomplete future2027 roster,structural
147,GS,161.99999999999997,154.13064168583293,154.13064168583293,7.8693583141670445,22,True,unconditional expected workload,current40-man continuation; incomplete future2027 roster,structural
147,IP,1450.285714285714,1253.624912163929,1253.624912163929,196.66080212178508,22,True,unconditional expected workload,current40-man continuation; incomplete future2027 roster,structural
158,GS,162.0,183.6937223299053,162.0,0.0,24,True,unconditional expected workload,current40-man continuation; incomplete future2027 roster,structural
158,IP,1446.6666666666667,1405.9238214913,1405.9238214913,40.74284517536671,24,True,unconditional expected workload,current40-man continuation; incomplete future2027 roster,structural
121,GS,162.0,110.51634002882655,110.51634002882655,51.48365997117345,24,True,unconditional expected workload,current40-man continuation; incomplete future2027 roster,structural
121,IP,1441.6666666666667,985.5191471148755,985.5191471148755,456.1475195517912,24,True,unconditional expected workload,current40-man continuation; incomplete future2027 roster,structural
141,GS,162.0,160.53052934458708,160.53052934458708,1.4694706554129198,26,True,unconditional expected workload,current40-man continuation; incomplete future2027 roster,structural
141,IP,1436.0,1290.8374792725813,1290.8374792725813,145.16252072741872,26,True,unconditional expected workload,current40-man continuation; incomplete future2027 roster,structural
120,GS,162.0,122.10024342121977,122.10024342121977,39.89975657878023,29,True,unconditional expected workload,current40-man continuation; incomplete future2027 roster,structural
120,IP,1437.0,1099.2838999488233,1099.2838999488233,337.7161000511767,29,True,unconditional expected workload,current40-man continuation; incomplete future2027 roster,structural
110,GS,161.99999999999997,131.78484489794843,131.78484489794843,30.21515510205154,25,True,unconditional expected workload,current40-man continuation; incomplete future2027 roster,structural
110,IP,1445.2546583850929,1170.8573187002394,1170.8573187002394,274.3973396848535,25,True,unconditional expected workload,current40-man continuation; incomplete future2027 roster,structural
145,GS,162.0,134.2255073502836,134.2255073502836,27.774492649716393,24,True,unconditional expected workload,current40-man continuation; incomplete future2027 roster,structural
145,IP,1440.6666666666667,1122.464407285067,1122.464407285067,318.2022593815998,24,True,unconditional expected workload,current40-man continuation; incomplete future2027 roster,structural
144,GS,162.0,166.29421399674894,162.0,0.0,28,True,unconditional expected workload,current40-man continuation; incomplete future2027 roster,structural
144,IP,1438.0,1330.3516045708761,1330.3516045708761,107.64839542912387,28,True,unconditional expected workload,current40-man continuation; incomplete future2027 roster,structural
111,GS,162.0,173.04140777744595,162.0,0.0,24,True,unconditional expected workload,current40-man continuation; incomplete future2027 roster,structural
111,IP,1440.0,1346.7005133942196,1346.7005133942196,93.29948660578043,24,True,unconditional expected workload,current40-man continuation; incomplete future2027 roster,structural
137,GS,162.0,106.06637948375422,106.06637948375422,55.93362051624578,28,True,unconditional expected workload,current40-man continuation; incomplete future2027 roster,structural
137,IP,1430.0,1046.7443680906658,1046.7443680906658,383.25563190933417,28,True,unconditional expected workload,current40-man continuation; incomplete future2027 roster,structural
113,GS,162.0,122.54782070351389,122.54782070351389,39.45217929648611,22,True,unconditional expected workload,current40-man continuation; incomplete future2027 roster,structural
113,IP,1433.3333333333333,1068.9065840839194,1068.9065840839194,364.4267492494139,22,True,unconditional expected workload,current40-man continuation; incomplete future2027 roster,structural
117,GS,162.0,116.50412253552636,116.50412253552636,45.49587746447364,21,True,unconditional expected workload,current40-man continuation; incomplete future2027 roster,structural
117,IP,1437.0,1090.671653398662,1090.671653398662,346.3283466013379,21,True,unconditional expected workload,current40-man continuation; incomplete future2027 roster,structural
109,GS,162.0,136.73850004259376,136.73850004259376,25.261499957406244,24,True,unconditional expected workload,current40-man continuation; incomplete future2027 roster,structural
109,IP,1442.0,1182.4607244582926,1182.4607244582926,259.5392755417074,24,True,unconditional expected workload,current40-man continuation; incomplete future2027 roster,structural
116,GS,162.0,123.59208090246064,123.59208090246064,38.40791909753936,25,True,unconditional expected workload,current40-man continuation; incomplete future2027 roster,structural
116,IP,1434.0,1144.8452825653933,1144.8452825653933,289.1547174346067,25,True,unconditional expected workload,current40-man continuation; incomplete future2027 roster,structural
138,GS,162.0,105.14597550903679,105.14597550903679,56.85402449096321,20,True,unconditional expected workload,current40-man continuation; incomplete future2027 roster,structural
138,IP,1442.6666666666667,991.6321422259344,991.6321422259344,451.0345244407323,20,True,unconditional expected workload,current40-man continuation; incomplete future2027 roster,structural
133,GS,162.0,96.19088050520936,96.19088050520936,65.80911949479064,27,True,unconditional expected workload,current40-man continuation; incomplete future2027 roster,structural
133,IP,1430.0,921.389570844521,921.389570844521,508.610429155479,27,True,unconditional expected workload,current40-man continuation; incomplete future2027 roster,structural
115,GS,162.0,86.43653037049701,86.43653037049701,75.56346962950299,24,True,unconditional expected workload,current40-man continuation; incomplete future2027 roster,structural
115,IP,1421.6666666666667,848.8982706278218,848.8982706278218,572.7683960388449,24,True,unconditional expected workload,current40-man continuation; incomplete future2027 roster,structural
112,PA,6382.0,6183.13132550591,6183.13132550591,198.86867449408965,18,True,unconditional expected workload,current40-man continuation; incomplete future2027 roster,fitted
120,PA,6195.0,5329.775062457651,5329.775062457651,865.2249375423489,16,True,unconditional expected workload,current40-man continuation; incomplete future2027 roster,fitted
145,PA,6187.0,5690.619367399586,5690.619367399586,496.3806326004142,21,True,unconditional expected workload,current40-man continuation; incomplete future2027 roster,fitted
135,PA,6070.0,5942.474536917844,5942.474536917844,127.52546308215642,22,True,unconditional expected workload,current40-man continuation; incomplete future2027 roster,fitted
113,PA,6048.0,5807.187197624964,5807.187197624964,240.81280237503597,18,True,unconditional expected workload,current40-man continuation; incomplete future2027 roster,fitted
138,PA,6141.0,5564.316846255214,5564.316846255214,576.6831537447861,16,True,unconditional expected workload,current40-man continuation; incomplete future2027 roster,fitted
136,PA,6089.0,6454.520887116899,6089.0,0.0,23,True,unconditional expected workload,current40-man continuation; incomplete future2027 roster,fitted
110,PA,6116.757763975154,5779.855054720243,5779.855054720243,336.9027092549113,21,True,unconditional expected workload,current40-man continuation; incomplete future2027 roster,fitted
108,PA,6089.0,5025.055424071767,5025.055424071767,1063.9445759282326,22,True,unconditional expected workload,current40-man continuation; incomplete future2027 roster,fitted
139,PA,6106.0,5520.296306894717,5520.296306894717,585.7036931052826,19,True,unconditional expected workload,current40-man continuation; incomplete future2027 roster,fitted
117,PA,6122.0,6110.989091845006,6110.989091845006,11.010908154993558,23,True,unconditional expected workload,current40-man continuation; incomplete future2027 roster,fitted
158,PA,6299.0,5670.351683147632,5670.351683147632,628.6483168523682,18,True,unconditional expected workload,current40-man continuation; incomplete future2027 roster,fitted
147,PA,6034.248447204968,6216.046266202382,6034.248447204968,0.0,20,True,unconditional expected workload,current40-man continuation; incomplete future2027 roster,fitted
144,PA,6053.0,5035.850033996834,5035.850033996834,1017.1499660031659,17,True,unconditional expected workload,current40-man continuation; incomplete future2027 roster,fitted
118,PA,6083.0,4987.809040418875,4987.809040418875,1095.1909595811248,16,True,unconditional expected workload,current40-man continuation; incomplete future2027 roster,fitted
143,PA,6079.0,6123.807854826908,6079.0,0.0,20,True,unconditional expected workload,current40-man continuation; incomplete future2027 roster,fitted
146,PA,6127.0,4775.014240676662,4775.014240676662,1351.9857593233382,17,True,unconditional expected workload,current40-man continuation; incomplete future2027 roster,fitted
115,PA,6173.0,5297.446443571257,5297.446443571257,875.5535564287429,19,True,unconditional expected workload,current40-man continuation; incomplete future2027 roster,fitted
134,PA,6253.0,6046.993947927182,6046.993947927182,206.00605207281842,20,True,unconditional expected workload,current40-man continuation; incomplete future2027 roster,fitted
109,PA,6148.0,5209.757005547673,5209.757005547673,938.2429944523274,16,True,unconditional expected workload,current40-man continuation; incomplete future2027 roster,fitted
137,PA,6061.0,5728.137077530625,5728.137077530625,332.862922469375,23,True,unconditional expected workload,current40-man continuation; incomplete future2027 roster,fitted
121,PA,6111.0,5577.439678531946,5577.439678531946,533.5603214680541,18,True,unconditional expected workload,current40-man continuation; incomplete future2027 roster,fitted
116,PA,6174.0,5753.781838954334,5753.781838954334,420.2181610456664,21,True,unconditional expected workload,current40-man continuation; incomplete future2027 roster,fitted
141,PA,6044.0,5303.131994795183,5303.131994795183,740.8680052048167,21,True,unconditional expected workload,current40-man continuation; incomplete future2027 roster,fitted
119,PA,6214.0,5025.750081698951,5025.750081698951,1188.2499183010486,16,True,unconditional expected workload,current40-man continuation; incomplete future2027 roster,fitted
142,PA,6127.0,5924.191132153868,5924.191132153868,202.80886784613176,20,True,unconditional expected workload,current40-man continuation; incomplete future2027 roster,fitted
111,PA,6112.0,6121.409634593383,6112.0,0.0,23,True,unconditional expected workload,current40-man continuation; incomplete future2027 roster,fitted
140,PA,6043.0,5031.195551759904,5031.195551759904,1011.8044482400956,17,True,unconditional expected workload,current40-man continuation; incomplete future2027 roster,fitted
114,PA,6117.0,6095.459116323759,6095.459116323759,21.54088367624081,20,True,unconditional expected workload,current40-man continuation; incomplete future2027 roster,fitted
133,PA,6126.0,6027.9731312160675,6027.9731312160675,98.02686878393251,21,True,unconditional expected workload,current40-man continuation; incomplete future2027 roster,fitted
135,GS,162.0,146.1465908036243,146.1465908036243,15.853409196375708,22,True,unconditional expected workload,current40-man continuation; incomplete future2027 roster,fitted
135,IP,1436.3333333333333,1197.662066345551,1197.662066345551,238.67126698778225,22,True,unconditional expected workload,current40-man continuation; incomplete future2027 roster,fitted
114,GS,162.0,149.7809536713645,149.7809536713645,12.2190463286355,18,True,unconditional expected workload,current40-man continuation; incomplete future2027 roster,fitted
114,IP,1437.6666666666667,1247.353836136178,1247.353836136178,190.31283053048878,18,True,unconditional expected workload,current40-man continuation; incomplete future2027 roster,fitted
136,GS,162.0,131.01073008114346,131.01073008114346,30.989269918856536,21,True,unconditional expected workload,current40-man continuation; incomplete future2027 roster,fitted
136,IP,1430.3333333333333,1164.4848942866345,1164.4848942866345,265.8484390466988,21,True,unconditional expected workload,current40-man continuation; incomplete future2027 roster,fitted
108,GS,162.0,123.13566734343837,123.13566734343837,38.86433265656163,20,True,unconditional expected workload,current40-man continuation; incomplete future2027 roster,fitted
108,IP,1430.3333333333333,1008.5850760961526,1008.5850760961526,421.7482572371806,20,True,unconditional expected workload,current40-man continuation; incomplete future2027 roster,fitted
139,GS,162.0,141.86201173062148,141.86201173062148,20.137988269378525,24,True,unconditional expected workload,current40-man continuation; incomplete future2027 roster,fitted
139,IP,1443.0,1215.7053061310678,1215.7053061310678,227.2946938689322,24,True,unconditional expected workload,current40-man continuation; incomplete future2027 roster,fitted
140,GS,162.0,145.24211349245388,145.24211349245388,16.757886507546118,26,True,unconditional expected workload,current40-man continuation; incomplete future2027 roster,fitted
140,IP,1419.3333333333333,1202.1020457782904,1202.1020457782904,217.23128755504285,26,True,unconditional expected workload,current40-man continuation; incomplete future2027 roster,fitted
134,GS,162.0,131.98210715393373,131.98210715393373,30.017892846066275,21,True,unconditional expected workload,current40-man continuation; incomplete future2027 roster,fitted
134,IP,1445.0,1194.550309664319,1194.550309664319,250.449690335681,21,True,unconditional expected workload,current40-man continuation; incomplete future2027 roster,fitted
146,GS,162.0,104.3519742771614,104.3519742771614,57.6480257228386,27,True,unconditional expected workload,current40-man continuation; incomplete future2027 roster,fitted
146,IP,1428.3333333333333,1067.0482116322084,1067.0482116322084,361.2851217011248,27,True,unconditional expected workload,current40-man continuation; incomplete future2027 roster,fitted
112,GS,162.0,185.6185278902402,162.0,0.0,30,True,unconditional expected workload,current40-man continuation; incomplete future2027 roster,fitted
112,IP,1447.0,1356.5642405105225,1356.5642405105225,90.4357594894775,30,True,unconditional expected workload,current40-man continuation; incomplete future2027 roster,fitted
143,GS,162.0,128.03356724593078,128.03356724593078,33.96643275406922,21,True,unconditional expected workload,current40-man continuation; incomplete future2027 roster,fitted
143,IP,1438.3333333333333,1172.823328117445,1172.823328117445,265.5100052158882,21,True,unconditional expected workload,current40-man continuation; incomplete future2027 roster,fitted
142,GS,162.0,158.46330994778947,158.46330994778947,3.536690052210531,24,True,unconditional expected workload,current40-man continuation; incomplete future2027 roster,fitted
142,IP,1435.6666666666667,1368.7184305612493,1368.7184305612493,66.94823610541744,24,True,unconditional expected workload,current40-man continuation; incomplete future2027 roster,fitted
119,GS,162.0,169.94051780018958,162.0,0.0,27,True,unconditional expected workload,current40-man continuation; incomplete future2027 roster,fitted
119,IP,1435.6666666666667,1431.5221025570586,1431.5221025570586,4.1445641096081545,27,True,unconditional expected workload,current40-man continuation; incomplete future2027 roster,fitted
118,GS,162.0,125.8397873324192,125.8397873324192,36.160212667580794,29,True,unconditional expected workload,current40-man continuation; incomplete future2027 roster,fitted
118,IP,1424.3333333333333,1011.1221119726441,1011.1221119726441,413.21122136068914,29,True,unconditional expected workload,current40-man continuation; incomplete future2027 roster,fitted
147,GS,161.99999999999997,154.46208765516127,154.46208765516127,7.537912344838702,22,True,unconditional expected workload,current40-man continuation; incomplete future2027 roster,fitted
147,IP,1450.285714285714,1258.8899950274788,1258.8899950274788,191.3957192582352,22,True,unconditional expected workload,current40-man continuation; incomplete future2027 roster,fitted
158,GS,162.0,182.94646019215222,162.0,0.0,24,True,unconditional expected workload,current40-man continuation; incomplete future2027 roster,fitted
158,IP,1446.6666666666667,1399.91305767942,1399.91305767942,46.75360898724671,24,True,unconditional expected workload,current40-man continuation; incomplete future2027 roster,fitted
121,GS,162.0,110.21697494527777,110.21697494527777,51.78302505472223,24,True,unconditional expected workload,current40-man continuation; incomplete future2027 roster,fitted
121,IP,1441.6666666666667,984.4522150909986,984.4522150909986,457.21445157566814,24,True,unconditional expected workload,current40-man continuation; incomplete future2027 roster,fitted
141,GS,162.0,161.0686791732587,161.0686791732587,0.9313208267413131,26,True,unconditional expected workload,current40-man continuation; incomplete future2027 roster,fitted
141,IP,1436.0,1298.7592402409164,1298.7592402409164,137.24075975908363,26,True,unconditional expected workload,current40-man continuation; incomplete future2027 roster,fitted
120,GS,162.0,121.56976640383957,121.56976640383957,40.430233596160434,29,True,unconditional expected workload,current40-man continuation; incomplete future2027 roster,fitted
120,IP,1437.0,1094.400367935466,1094.400367935466,342.59963206453403,29,True,unconditional expected workload,current40-man continuation; incomplete future2027 roster,fitted
110,GS,161.99999999999997,132.0941649324238,132.0941649324238,29.905835067576163,25,True,unconditional expected workload,current40-man continuation; incomplete future2027 roster,fitted
110,IP,1445.2546583850929,1176.2938390832342,1176.2938390832342,268.9608193018587,25,True,unconditional expected workload,current40-man continuation; incomplete future2027 roster,fitted
145,GS,162.0,133.96269608146355,133.96269608146355,28.037303918536452,24,True,unconditional expected workload,current40-man continuation; incomplete future2027 roster,fitted
145,IP,1440.6666666666667,1119.5936041073167,1119.5936041073167,321.0730625593501,24,True,unconditional expected workload,current40-man continuation; incomplete future2027 roster,fitted
144,GS,162.0,166.8702555894233,162.0,0.0,28,True,unconditional expected workload,current40-man continuation; incomplete future2027 roster,fitted
144,IP,1438.0,1331.5630035796257,1331.5630035796257,106.43699642037427,28,True,unconditional expected workload,current40-man continuation; incomplete future2027 roster,fitted
111,GS,162.0,173.10861324076564,162.0,0.0,24,True,unconditional expected workload,current40-man continuation; incomplete future2027 roster,fitted
111,IP,1440.0,1347.5279103057337,1347.5279103057337,92.47208969426629,24,True,unconditional expected workload,current40-man continuation; incomplete future2027 roster,fitted
137,GS,162.0,105.98870109773446,105.98870109773446,56.01129890226554,28,True,unconditional expected workload,current40-man continuation; incomplete future2027 roster,fitted
137,IP,1430.0,1048.6692514875522,1048.6692514875522,381.3307485124478,28,True,unconditional expected workload,current40-man continuation; incomplete future2027 roster,fitted
113,GS,162.0,122.00155151666192,122.00155151666192,39.99844848333808,22,True,unconditional expected workload,current40-man continuation; incomplete future2027 roster,fitted
113,IP,1433.3333333333333,1067.2092457665226,1067.2092457665226,366.12408756681066,22,True,unconditional expected workload,current40-man continuation; incomplete future2027 roster,fitted
117,GS,162.0,116.71792529331265,116.71792529331265,45.282074706687354,21,True,unconditional expected workload,current40-man continuation; incomplete future2027 roster,fitted
117,IP,1437.0,1088.1638058289893,1088.1638058289893,348.8361941710107,21,True,unconditional expected workload,current40-man continuation; incomplete future2027 roster,fitted
109,GS,162.0,136.61645809843165,136.61645809843165,25.38354190156835,24,True,unconditional expected workload,current40-man continuation; incomplete future2027 roster,fitted
109,IP,1442.0,1182.5156409193999,1182.5156409193999,259.48435908060014,24,True,unconditional expected workload,current40-man continuation; incomplete future2027 roster,fitted
116,GS,162.0,124.08683949860419,124.08683949860419,37.91316050139581,25,True,unconditional expected workload,current40-man continuation; incomplete future2027 roster,fitted
116,IP,1434.0,1148.786799011084,1148.786799011084,285.213200988916,25,True,unconditional expected workload,current40-man continuation; incomplete future2027 roster,fitted
138,GS,162.0,105.01185788813792,105.01185788813792,56.988142111862075,20,True,unconditional expected workload,current40-man continuation; incomplete future2027 roster,fitted
138,IP,1442.6666666666667,992.2621584199288,992.2621584199288,450.4045082467379,20,True,unconditional expected workload,current40-man continuation; incomplete future2027 roster,fitted
133,GS,162.0,96.58701200138105,96.58701200138105,65.41298799861895,27,True,unconditional expected workload,current40-man continuation; incomplete future2027 roster,fitted
133,IP,1430.0,928.6307226717903,928.6307226717903,501.3692773282097,27,True,unconditional expected workload,current40-man continuation; incomplete future2027 roster,fitted
115,GS,162.0,86.86648742115862,86.86648742115862,75.13351257884138,24,True,unconditional expected workload,current40-man continuation; incomplete future2027 roster,fitted
115,IP,1421.6666666666667,850.3156271268308,850.3156271268308,571.3510395398359,24,True,unconditional expected workload,current40-man continuation; incomplete future2027 roster,fitted
