family,historical_workload_decile,method,n,MAE,bias,RMSE
H,1,production,149,205.91433265430047,194.81667101491908,221.65220460321174
H,1,frozen_hybrid,149,33.138577955322305,-6.58418406273525,90.47609100497056
H,1,strong_prior,149,27.74148614343344,-18.012291255008044,99.52918688032443
H,1,repair,149,39.96230218607934,7.687704810682171,85.71174303158344
H,1,expected_structural,149,36.8046884136667,-1.4586828005173749,99.69584909607569
H,1,expected_fitted,149,36.80207616224827,-1.4594434183155887,99.69059618936078
H,2,production,149,150.14381937297827,136.0854134813083,171.47655123826422
H,2,frozen_hybrid,149,34.08380566847635,-3.983637242535861,74.93225026807684
H,2,strong_prior,149,30.640493772515875,-14.596208969187629,80.05866455846179
H,2,repair,149,46.3188178709762,16.835719777931043,78.5728102770877
H,2,expected_structural,149,40.86098382746496,12.628720888163523,76.21570719028489
H,2,expected_fitted,149,40.856663527748296,12.622626557697432,76.1160342411073
H,3,production,149,151.84937653138712,95.84584888891455,171.85054333175736
H,3,frozen_hybrid,149,84.97204961333297,-8.811797492777893,132.4986675009632
H,3,strong_prior,149,80.64030225427207,-31.46192711352284,136.69088688414737
H,3,repair,149,104.61675400419833,26.901507304112187,150.66092090914634
H,3,expected_structural,149,86.56669951937303,8.637867210630107,122.6626012915013
H,3,expected_fitted,149,86.50582945026923,8.81662026655632,122.5935427275731
H,4,production,149,164.89155343692715,54.64175476175948,191.35207102671677
H,4,frozen_hybrid,149,123.32903325463263,-21.48928167656526,162.2891904121057
H,4,strong_prior,149,123.77820142950424,-42.84834286884041,171.4938351567934
H,4,repair,149,132.50739948817144,12.719393661031779,166.04918870506518
H,4,expected_structural,149,124.89208516881585,-2.55645685482249,164.10326398504327
H,4,expected_fitted,149,125.07808046558311,-2.377821457355171,164.38457591140167
H,5,production,149,143.27048608354912,48.14003036710484,170.11411266168594
H,5,frozen_hybrid,149,122.83975927592789,0.8642376634949697,150.656167071959
H,5,strong_prior,149,122.94725495140611,-13.438179984449452,155.27729669952865
H,5,repair,149,142.56991572523114,40.12392593034786,176.19469082178145
H,5,expected_structural,149,131.9948122746905,-8.744795132106903,161.939659900324
H,5,expected_fitted,149,132.06593553022395,-8.785247214911394,162.20869745154158
H,6,production,149,168.24786630186316,11.709959756798249,195.4750326851612
H,6,frozen_hybrid,149,155.7868157616359,-5.532221909490095,188.86814254362045
H,6,strong_prior,149,158.8030978453521,-8.142584124274437,194.6217788684916
H,6,repair,149,157.06460549492144,36.6587352606656,191.40815972595774
H,6,expected_structural,149,161.89272977970947,-15.76814228262671,200.20833531143518
H,6,expected_fitted,149,161.86442958526766,-16.24955814801964,200.35226360310986
H,7,production,149,162.09976370964807,29.250006842141467,196.15015188643306
H,7,frozen_hybrid,149,153.84710411341305,17.155597425951346,184.56323640814375
H,7,strong_prior,149,156.0541795564787,8.897668368033138,186.50173669057182
H,7,repair,149,159.11082156875167,45.406555842106194,189.35249494557877
H,7,expected_structural,149,158.70806289651756,5.791763134340622,188.83594888494275
H,7,expected_fitted,149,159.32653616007272,5.347262797314571,189.47592487639733
H,8,production,148,158.96669260697047,-18.820096354233247,189.43586376658297
H,8,frozen_hybrid,148,160.97254011329076,-11.497079046847793,190.70911654336803
H,8,strong_prior,148,163.27322740924407,-12.42923026053116,194.02482613220238
H,8,repair,148,161.38544752005376,15.274519138563555,196.77557817981855
H,8,expected_structural,148,164.7476498072977,-30.410641335683,196.79092109243697
H,8,expected_fitted,148,164.64713722662373,-30.634846242106807,196.57145359251078
H,9,production,148,162.15558411796437,-20.349317669873024,191.87387787967936
H,9,frozen_hybrid,148,145.74467622761836,38.662909452941996,182.64437132954274
H,9,strong_prior,148,147.3032067758292,46.795730833111264,186.46925161330867
H,9,repair,148,151.16038307020398,54.65574879392859,192.9658721002594
H,9,expected_structural,148,153.68957484118582,18.1965246244879,188.49883886717197
H,9,expected_fitted,148,153.57342387485576,17.48027389684612,188.40605054736628
H,10,production,148,139.02966860317247,-90.57031092977569,162.2235218441421
H,10,frozen_hybrid,148,99.89582540764575,4.508620177317985,135.66342930866688
H,10,strong_prior,148,99.04850195353794,14.34696767134205,136.18862544732505
H,10,repair,148,103.1864864289872,9.255978907509023,143.75968180310326
H,10,expected_structural,148,97.96720905503427,-7.889341795094698,133.9779058149743
H,10,expected_fitted,148,97.63373469956716,-7.4805614312137525,134.25390451485922
P,1,production,252,29.365907385628486,28.71281923001778,41.04012917788504
P,1,frozen_hybrid,252,6.1415173405962,1.1275852877401327,12.516291560562399
P,1,strong_prior,252,6.019884463335436,0.9858322672278192,12.547109042727127
P,1,repair,252,5.840993091984153,0.9680198136949479,12.37183950690552
P,1,expected_structural,252,5.952827649173861,1.739938248892977,12.316704563205313
P,1,expected_fitted,252,5.967670269668527,1.7413475086428465,12.339317177266619
P,2,production,252,26.157564945238008,24.95015692681735,34.44179297027327
P,2,frozen_hybrid,252,4.5150636694726805,0.6806874286637886,10.096623757201693
P,2,strong_prior,252,4.451936020518857,0.5396306378189243,10.174741381990295
P,2,repair,252,4.459014730171995,0.5266674114109284,10.21710193546942
P,2,expected_structural,252,4.3384262512018195,0.5549115035717136,9.893798768663011
P,2,expected_fitted,252,4.357607078850947,0.5765556906807306,9.910312804736725
P,3,production,252,20.75923054021014,18.496875054380492,27.392138924121536
P,3,frozen_hybrid,252,5.084310135008837,0.00947607405141738,15.359558564877194
P,3,strong_prior,252,4.997222216820415,-0.12803887106543274,15.316786730421496
P,3,repair,252,4.936573050914435,-0.06088771247437304,15.172884207104202
P,3,expected_structural,252,5.191649546572614,0.37672578691898057,15.803622837258319
P,3,expected_fitted,252,5.184269491029435,0.3715164810863121,15.788805404331741
P,4,production,252,16.068565158162812,7.328700794668993,21.84672706788512
P,4,frozen_hybrid,252,10.597379469579014,-2.1777248129230733,19.913348405511243
P,4,strong_prior,252,10.500071595959675,-2.349272721611215,19.88777339792392
P,4,repair,252,10.832890361466449,-1.9000653533276863,20.198300916145033
P,4,expected_structural,252,10.698210004046102,-1.2442028442520758,19.666513242875634
P,4,expected_fitted,252,10.690699432545234,-1.2019135886687682,19.630477332541147
P,5,production,252,22.813426345575465,4.781340481450773,29.565656538340868
P,5,frozen_hybrid,252,18.56530944662229,-3.9943667072688145,27.36541634474802
P,5,strong_prior,252,18.365735951780376,-4.247468785941135,27.57274134569887
P,5,repair,252,18.447693993425638,-3.639867555799927,27.054182523851413
P,5,expected_structural,252,19.461753108891596,-1.1327105370090798,28.070403643023806
P,5,expected_fitted,252,19.48035273397748,-1.0829002337923068,28.098885096368676
P,6,production,252,26.13478172838099,1.8164602065584825,32.655592235555694
P,6,frozen_hybrid,252,22.687311715929248,-6.842254114571941,30.7223882435083
P,6,strong_prior,252,22.78011567259003,-7.27749582590572,31.085633153646523
P,6,repair,252,23.3862489913785,-6.739689001427387,31.195238454054692
P,6,expected_structural,252,24.217087077800503,-3.8477067422861553,32.502637964538515
P,6,expected_fitted,252,24.24933076859107,-3.807208915352961,32.53244376798066
P,7,production,252,31.750064293717042,3.2054728146098097,39.39104634087136
P,7,frozen_hybrid,252,27.125066264135906,-3.2833022842033643,35.44836379211331
P,7,strong_prior,252,27.264133225677877,-3.7623816584349714,35.486106049492854
P,7,repair,252,27.93776071487845,-2.240229476511975,36.22413628644428
P,7,expected_structural,252,27.59198469492572,-0.6285511748765455,35.534686967334736
P,7,expected_fitted,252,27.579120409166457,-0.5235556285712577,35.53401619792772
P,8,production,251,27.568438374837875,0.1803754352543577,35.166812321580835
P,8,frozen_hybrid,251,26.23402474768718,-4.6095500401659635,35.07045633652063
P,8,strong_prior,251,26.54491559880021,-4.284885884678705,35.37066176388331
P,8,repair,251,26.503816960816824,-2.4630632311984746,35.864279034119896
P,8,expected_structural,251,26.672935434351935,-2.105060949267648,36.463362882883764
P,8,expected_fitted,251,26.77075525123524,-2.1719867249873004,36.511865905163894
P,9,production,251,33.81185983131086,-5.1863007613728795,43.86272676030903
P,9,frozen_hybrid,251,30.09057380971955,-2.6514863041937438,40.21902784434746
P,9,strong_prior,251,30.20561439055854,-3.0031418593397716,40.37647927981598
P,9,repair,251,30.506761322609737,-2.9231423626460655,41.137090364184566
P,9,expected_structural,251,31.28652778381614,-2.846145359413652,42.67557315817962
P,9,expected_fitted,251,31.355194878184363,-2.727978692367911,42.68286933098921
P,10,production,251,55.50544782030573,4.449214162360644,64.86782918617494
P,10,frozen_hybrid,251,52.52319285580783,4.791303230318123,62.84550440562917
P,10,strong_prior,251,52.59153416168124,9.264382549452256,64.33243044594413
P,10,repair,251,52.34971127172398,3.122869739573753,62.930316270764585
P,10,expected_structural,251,53.36708136255839,4.796939695988696,63.49679990181328
P,10,expected_fitted,251,53.319232059801394,4.807768362693287,63.42106243716976
