artifact,family,asof,sha256,original_sha256,numerical_refit,reused_unaffected,rows,original_rows,original_residual_rows,corrected_residual_rows,original_calibrator_present,corrected_calibrator_present
direct-H-2014.joblib,H,2014,e8f7af2443d721fcc2a0c25eba58ba4429177e944061d17b6a5e6b64fbfbf3db,4191310767b17d6f7121637112db5945b73d4b5e13f2c417a8e397fdae9e3f06,True,False,384,384,,,,
direct-H-2015.joblib,H,2015,5e7dd0543d97cc999b3079d9660716ddf1e9ff8ca74b8ebb56bd4d30f50aa126,a9626a682e8ac81e1a05219810be8918bc0a6487e408a8791a1cf2112b8f8311,True,False,757,757,,,,
direct-H-2016.joblib,H,2016,bc5a417f818a5dfa7afc66e94f67d3107bb1aba5ce284cd2d2ec165b3f3ad31c,5ac62a9accf92082b7323340331c9f2072c9ee31b54ad7c7bfd4c635b40319c6,True,False,1134,1134,,,,
direct-H-2017.joblib,H,2017,ce20c2b281d4285ff3d8506341af661ac87344e2ff050f2061faf136886ba3df,60388e4ae80792bc68bfd5e91129fbfcf642e0e405dd2ca4ae7874985dd4929b,True,False,1514,1514,,,,
direct-H-2018.joblib,H,2018,deb584dac057a6eea0d0fb371c4a9c8ea1e05e1585af16df4f48885b4ada8373,cb2b0b7a44ec6e43d7399366a1ed0febe598fad20ac33f89a58c896eb93e1bb2,True,False,1888,1888,,,,
direct-H-2020.joblib,H,2020,35e1d29b0935e80828057c22bd1b3aac04e13ab2c5e1914bc43c8bbefb4260ea,b11832be2a915bb98156470b900f67f24c07bf8b460ec2f27c9517c1721f2646,True,False,2275,2275,,,,
direct-H-2021.joblib,H,2021,30a803a37b61c885e655be50c4134df84e68c018afc1b5ff58dc7186d9b9eaed,1034824f0c6b9addbf37a15cfca2012092c033f5285b8eb3c172fafc286a7d80,True,False,2650,2650,,,,
direct-H-2022.joblib,H,2022,cc31d92a99762a7621264ee1dcc40012cebc565bd8db4f17f779bbd2f3ba751a,70822be4c057a37a721177488257923d968a094d2d65fb92c5b90f098fcd4db2,True,False,3034,3034,,,,
direct-H-2023.joblib,H,2023,31f979a1cb4544ead14431343e922b0b7324eba3c020575ee20064f3f77fc7cb,f1714149044cc46f794227661e45f09ed55dc08f86ada83d30a0c68230965705,True,False,3419,3419,,,,
direct-H-2024.joblib,H,2024,032fc8683109b39a1198bc483f66183c14834e11caf74ef6af5bef3722a09605,d19e27252b650dfa3e5bc934f791de411ba3d3a893c5dd2e9c4d636bb62c5caf,True,False,3842,3842,,,,
direct-H-2025.joblib,H,2025,50cd6e5900a97b5a72923e7804ccf552386a8869e27c63f41bbbff22ad45a402,080ad4824a329604be507eba08ccf9314e3623df9840965973e87d3fc0b12169,True,False,4257,4257,,,,
direct-H-2026.joblib,H,2026,c1702faa1f6609ba4b40772323a264827a02cbed13aa3c9453796ac4fe7d487b,7f6cb7971445e9dc7db8779e33ef532f1c7b5c193af62d850509aa54cdbae7d2,True,False,4257,4257,,,,
direct-P-2014.joblib,P,2014,6c7ad8b54b285e1528671210695e342e81daa87381c8c230ca6e9b30e16b25e7,6c7ad8b54b285e1528671210695e342e81daa87381c8c230ca6e9b30e16b25e7,False,True,589,589,,,,
direct-P-2015.joblib,P,2015,efdd97c093395bbef167a6221c774b9bd28ea82ab8975e1fa61cb3f25a4cd98d,efdd97c093395bbef167a6221c774b9bd28ea82ab8975e1fa61cb3f25a4cd98d,False,True,1188,1188,,,,
direct-P-2016.joblib,P,2016,be7440c6255eb129d437ab42421c21085ea16518a1025b2725070f8b58643eda,be7440c6255eb129d437ab42421c21085ea16518a1025b2725070f8b58643eda,False,True,1821,1821,,,,
direct-P-2017.joblib,P,2017,da0d4c3356587b512b2467c7b3d2622313e1ac50cad381f6dc904a09a9d63991,da0d4c3356587b512b2467c7b3d2622313e1ac50cad381f6dc904a09a9d63991,False,True,2485,2485,,,,
direct-P-2018.joblib,P,2018,20fcca7a722cb046458549cc75ca671007351ffd0bb6d1707cbb17db3f65f6f7,20fcca7a722cb046458549cc75ca671007351ffd0bb6d1707cbb17db3f65f6f7,False,True,3174,3174,,,,
direct-P-2020.joblib,P,2020,34115a3d0025613a0971935dff2eafd0d273e996617de3a474b95f80185136c7,34115a3d0025613a0971935dff2eafd0d273e996617de3a474b95f80185136c7,False,True,3895,3895,,,,
direct-P-2021.joblib,P,2021,979afcb9854c20da7120241d3bcae60f7ee228e25379c52959282f2a98cc569d,979afcb9854c20da7120241d3bcae60f7ee228e25379c52959282f2a98cc569d,False,True,3895,3895,,,,
direct-P-2022.joblib,P,2022,5bd351ff2c8013adaab63d5e74102295c773d5150e88310b334fb5019c184198,5bd351ff2c8013adaab63d5e74102295c773d5150e88310b334fb5019c184198,False,True,4670,4670,,,,
direct-P-2023.joblib,P,2023,544cba7dd14025a7e98701932f9f61d4bab64a2b4fd13f346e05cd8c3aeb2f30,544cba7dd14025a7e98701932f9f61d4bab64a2b4fd13f346e05cd8c3aeb2f30,False,True,5440,5440,,,,
direct-P-2024.joblib,P,2024,3e4e2044cd5898d52c6fa72904027e6695802155bd389aee8321397d2725b058,3e4e2044cd5898d52c6fa72904027e6695802155bd389aee8321397d2725b058,False,True,6273,6273,,,,
direct-P-2025.joblib,P,2025,0d04f5e1d17b5472d1897c53c8b0261f8fe5023e4d4d8921b0eb9cc73cc9a442,0d04f5e1d17b5472d1897c53c8b0261f8fe5023e4d4d8921b0eb9cc73cc9a442,False,True,7086,7086,,,,
direct-P-2026.joblib,P,2026,1da8a5fe3747a05b508f28527ca2814dca9fe417eb98f06ca6334642dd60d48b,1da8a5fe3747a05b508f28527ca2814dca9fe417eb98f06ca6334642dd60d48b,False,True,7086,7086,,,,
model-H-2014.joblib,H,2014,2836ab4777c35a4e00864001092c4c916eca9bd525b6ec1fef0b1c73512eedd8,16b7e1a117682ea5ad5ff680b4360ce19fa572b39f06f3f9da05c02882ed68d0,True,False,505,505,341,0,False,False
model-H-2015.joblib,H,2015,302f8bf7790c8e2b30ae0e70d0273b28c5480ce96ab9402d67c9c61d23c3b545,e6030fea9d403156f1484ba35b9eaaa2bdb5baba7d4e46ba5621e035af565aa1,True,False,997,997,654,0,False,False
model-H-2016.joblib,H,2016,db863ba26ce26abd9c2a770aa9ae9afc31163768a84654b6f14e949e3f8114a2,ee2396ba31555121e501d7b55f2e8669c4ac7ac9d18f53af622a120938bfa130,True,False,1490,1490,950,0,False,False
model-H-2017.joblib,H,2017,2aab0264837e7371df12ab61f44cb03ecd83840738cbc8ea5057e100eb3b4192,445dc2f8498ad4b2f510408603ede6950feb1ede3579edd642e20f17905c8fac,True,False,1981,1981,1224,0,True,False
model-H-2018.joblib,H,2018,2b92ab955d8a51ad7f6d721cc875ebf7d0115dbe455941b4b4d953d480ca8f5e,83a158a7cf1830a27897e96856aff051289351bdb0900548e9c38872acccd60d,True,False,2473,2473,1480,0,True,False
model-H-2020.joblib,H,2020,c961b47db08f5dda8192b38490191a2174fdb18bf321a9fd958f4123ec95416f,76c4a79d26a9357c069bec13d74424470504bd57ff4f5d1753d3272664d4691c,True,False,2972,2972,1705,0,True,False
model-H-2021.joblib,H,2021,bd6f87413d6a8c986090ad4a168728a6b363a7a6112d5f80c657a211a72e089e,0de98d990a3ae9da6681892ad09fdd56bc8d72ec5bc61c214539846ffa71204e,True,False,3446,3446,1861,0,True,False
model-H-2022.joblib,H,2022,a67a2d6852ba16123b73da554dd71f292e43e4c517f290977985eccd110ac75e,dfea12612496d1677558f27cb5e29eecc8676b2a81cfc877abcebccbfb631e6b,True,False,3932,3932,1978,0,True,False
model-H-2023.joblib,H,2023,089d5e9f3c30254459138918a5b48de19da74addacae9305f92d5b961aa0f01d,9b7e20c7cb3dfa65dfad87cef1ec6b3d57093665f58d22c1a3b974d5861c9a80,True,False,4428,4428,2050,0,True,False
model-H-2024.joblib,H,2024,d393aae608729f26cc390c8a220269de58459731312da310ddabe8560e8581c2,8406eb66824c441ea129d607c6e0959578981d78174e29dc5a346656fd0d1716,True,False,4981,4981,2079,0,True,False
model-H-2025.joblib,H,2025,78edb520384a5293fd435255088a58c6a2b4caf18bc1fe930519d1b3838fd7cc,e96959d5419745331e5cc4dcd5e98d492f3f6927a0909ccbc6cf7a43a65e68c9,True,False,5521,5521,2085,0,True,False
model-H-2026.joblib,H,2026,74ccf34251966d4090ecddef0aa00894a5b3b486607260e5968e05b23714c695,5ddcfeb271c685620903f8efb6e79a05b7a9c255e78a753a4359b2fe2ab2410c,True,False,5521,5521,2085,0,True,False
model-P-2014.joblib,P,2014,d8701b710290421af3d88458c120a090470d1dd7699189a733e9066805afb250,d8701b710290421af3d88458c120a090470d1dd7699189a733e9066805afb250,False,True,803,803,0,0,False,False
model-P-2015.joblib,P,2015,77ce0be32d9fca8c1710a63e1ec64d3e11886d46670c5c22caa5ada0ef0c5b39,77ce0be32d9fca8c1710a63e1ec64d3e11886d46670c5c22caa5ada0ef0c5b39,False,True,1630,1630,0,0,False,False
model-P-2016.joblib,P,2016,27a161834a9ea62715d1d1d63a8f6024ed9d8fd25aa2c71a3610deb7c52495e3,27a161834a9ea62715d1d1d63a8f6024ed9d8fd25aa2c71a3610deb7c52495e3,False,True,2489,2489,0,0,False,False
model-P-2017.joblib,P,2017,a4d82d06ef5612cc01b3e856aff8d68951b99735d15a1d18bbbc32ee415944aa,a4d82d06ef5612cc01b3e856aff8d68951b99735d15a1d18bbbc32ee415944aa,False,True,3395,3395,0,0,False,False
model-P-2018.joblib,P,2018,93217c556cbeb24e11f1346b127a402623d6ed1b250b9bb08371463003629c3b,93217c556cbeb24e11f1346b127a402623d6ed1b250b9bb08371463003629c3b,False,True,4332,4332,0,0,False,False
model-P-2020.joblib,P,2020,696aa47389ada11c97721f7fa533f98345db5b0bf59ea80dfd1543d862e33253,696aa47389ada11c97721f7fa533f98345db5b0bf59ea80dfd1543d862e33253,False,True,5295,5295,0,0,False,False
model-P-2021.joblib,P,2021,4355653d3558f98c25c50e43ddd8c243d1c771210eb4c9fd5c01b0274a4c9129,4355653d3558f98c25c50e43ddd8c243d1c771210eb4c9fd5c01b0274a4c9129,False,True,5295,5295,0,0,False,False
model-P-2022.joblib,P,2022,fe14f4c47577c3c838110bc7add4af1d0b6c7dc389e2ec53def09a0c3575542c,fe14f4c47577c3c838110bc7add4af1d0b6c7dc389e2ec53def09a0c3575542c,False,True,6312,6312,0,0,False,False
model-P-2023.joblib,P,2023,fc31d4958166fd1aee393a642c50541ff69e6c9128bb9eb4e366fced3da54a66,fc31d4958166fd1aee393a642c50541ff69e6c9128bb9eb4e366fced3da54a66,False,True,7338,7338,0,0,False,False
model-P-2024.joblib,P,2024,1ac0eea4bf7185ad9bcf32c16f6c5e998757344bec2893f401f9a25b81bc0459,1ac0eea4bf7185ad9bcf32c16f6c5e998757344bec2893f401f9a25b81bc0459,False,True,8446,8446,0,0,False,False
model-P-2025.joblib,P,2025,c34c6b7ba099660444644904e803798df31fe5050ce3d2b67fdc876fc5e48826,c34c6b7ba099660444644904e803798df31fe5050ce3d2b67fdc876fc5e48826,False,True,9513,9513,0,0,False,False
model-P-2026.joblib,P,2026,d7b29772098bd4ccc9d9930ebf6dbe28c3e8f8c79a8723771367f0a673cd0030,d7b29772098bd4ccc9d9930ebf6dbe28c3e8f8c79a8723771367f0a673cd0030,False,True,9513,9513,0,0,False,False
