family,cohort,model,n,identifiable_n,joint_state_Brier_all_with_residual,joint_state_Brier_identifiable,participation_Brier,role_retention_Brier_known_active
H,H,original_five,1487,1487,1.0287748318663887,1.0287748318663887,0.1122584578538404,0.4478166120973877
H,H,retrained_five,1487,1487,0.613241451921095,0.613241451921095,0.10768688717459396,0.2166950238786335
H,aging33plus,original_five,286,286,0.7681703026299834,0.7681703026299834,0.1419890857487264,0.5552879517410115
H,aging33plus,retrained_five,286,286,0.4458035231100533,0.4458035231100533,0.13141868775037266,0.23638654119151675
H,all,original_five,1487,1487,1.0287748318663887,1.0287748318663887,0.1122584578538404,0.4478166120973877
H,all,retrained_five,1487,1487,0.613241451921095,0.613241451921095,0.10768688717459396,0.2166950238786335
H,bench,original_five,162,162,0.7062060921755166,0.7062060921755166,0.18140161270906802,0.2507014758639677
H,bench,retrained_five,162,162,0.6788715463913101,0.6788715463913101,0.17627526166587418,0.22213894652408886
H,established,original_five,357,357,1.4212148980107897,1.4212148980107897,0.037024061628742264,0.5572250828485155
H,established,retrained_five,357,357,0.6595244623966875,0.6595244623966875,0.035371520079026796,0.15358809506075957
H,everyday,original_five,479,479,1.340639420445317,1.340639420445317,0.040339496217400066,0.5405212304953106
H,everyday,retrained_five,479,479,0.6557163538982742,0.6557163538982742,0.035209208384517694,0.1570060434805747
H,interrupted,original_five,222,222,1.0134655876158447,1.0134655876158447,0.15327556241400528,0.42633307604517917
H,interrupted,retrained_five,222,222,0.6088688406240547,0.6088688406240547,0.13420211237634172,0.24187023103149632
H,platoon,original_five,260,260,0.7169948132107548,0.7169948132107548,0.09506180032678865,0.2756579723697599
H,platoon,retrained_five,260,260,0.6841682610578337,0.6841682610578337,0.09215294646476695,0.25342256736055735
H,uncertain,original_five,586,586,1.001361525980859,1.001361525980859,0.15956071467012276,0.5177230278642649
H,uncertain,retrained_five,586,586,0.5289095001688842,0.5289095001688842,0.1548614879551642,0.2811319665644751
H,uncertain_role,original_five,823,823,0.9298088178407079,0.9298088178407079,0.15685342387643367,0.4299340255339256
H,uncertain_role,retrained_five,823,823,0.5739051325349583,0.5739051325349583,0.15324469912168082,0.26671303220473924
H,unstable,original_five,653,653,0.8090977687955664,0.8090977687955664,0.14962857248113393,0.41689668196613605
H,unstable,retrained_five,653,653,0.5476836888958568,0.5476836888958568,0.14949539314471064,0.2609769366100781
H,young,original_five,255,255,1.055232364397042,1.055232364397042,0.08618080055337266,0.34367065673864694
H,young,retrained_five,255,255,0.7201312724059465,0.7201312724059465,0.07878199172299899,0.22917068280782937
P,RP,original_five,1909,1909,0.4601432528848204,0.4601432528848204,0.14513175792171715,0.07077875249458923
P,RP,retrained_five,1909,1909,0.4601432528848204,0.4601432528848204,0.14513175792171715,0.07077875249458923
P,SP,original_five,608,608,0.600247205917077,0.600247205917077,0.12059600334182083,0.19355967864038862
P,SP,retrained_five,608,608,0.600247205917077,0.600247205917077,0.12059600334182083,0.19355967864038862
P,aging33plus,original_five,437,437,0.32573964308564807,0.32573964308564807,0.09232612471247016,0.05141562045334691
P,aging33plus,retrained_five,437,437,0.32573964308564807,0.32573964308564807,0.09232612471247016,0.05141562045334691
P,all,original_five,2517,2517,0.49398640085606077,0.49398640085606077,0.13920496460245732,0.11016800914829945
P,all,retrained_five,2517,2517,0.49398640085606077,0.49398640085606077,0.13920496460245732,0.11016800914829945
P,established,original_five,520,520,0.6312359342068223,0.6312359342068223,0.06276290887292575,0.08894576029320463
P,established,retrained_five,520,520,0.6312359342068223,0.6312359342068223,0.06276290887292575,0.08894576029320463
P,interrupted,original_five,167,167,0.5735719937653596,0.5735719937653596,0.15657020717401252,0.2099610438151072
P,interrupted,retrained_five,167,167,0.5735719937653596,0.5735719937653596,0.15657020717401252,0.2099610438151072
P,reliever,original_five,1767,1767,0.4536026687513435,0.4536026687513435,0.14422047959825696,0.0525726695141641
P,reliever,retrained_five,1767,1767,0.4536026687513435,0.4536026687513435,0.14422047959825696,0.0525726695141641
P,starter,original_five,481,481,0.6190223304577344,0.6190223304577344,0.11636883938878476,0.1843983690197172
P,starter,retrained_five,481,481,0.6190223304577344,0.6190223304577344,0.11636883938878476,0.1843983690197172
P,swingman,original_five,269,269,0.5356807223825679,0.5356807223825679,0.14709255281880898,0.24282600320879968
P,swingman,retrained_five,269,269,0.5356807223825679,0.5356807223825679,0.14709255281880898,0.24282600320879968
P,uncertain_role,original_five,1362,1362,0.3857633694988431,0.3857633694988431,0.1522772727195706,0.08936093809130922
P,uncertain_role,retrained_five,1362,1362,0.3857633694988431,0.3857633694988431,0.1522772727195706,0.08936093809130922
P,unstable,original_five,1362,1362,0.3857633694988431,0.3857633694988431,0.1522772727195706,0.08936093809130922
P,unstable,retrained_five,1362,1362,0.3857633694988431,0.3857633694988431,0.1522772727195706,0.08936093809130922
P,young,original_five,468,468,0.6280445575874318,0.6280445575874318,0.17990024198365062,0.1380924548447734
P,young,retrained_five,468,468,0.6280445575874318,0.6280445575874318,0.17990024198365062,0.1380924548447734
