family,cohort,model,n,bias,frequency_bias,severity_bias,frequency_MAE,severity_MAE
H,H,original_five,1487,-2.2627762816786845,-15.256317270328283,12.9935409886496,101.6839622667706,83.55132883348013
H,H,retrained_five,1487,5.047157575767386,-0.8273291436963496,5.874486719463738,82.50230909693806,69.46547362506797
H,aging33plus,original_five,286,-1.6013479465436253,-17.53080902323019,15.929461076686566,83.37087125837051,48.35595058511788
H,aging33plus,retrained_five,286,18.496062783167766,9.240667850454418,9.255394932713351,65.31488305509863,39.04267253720055
H,all,original_five,1487,-2.2627762816786845,-15.256317270328283,12.9935409886496,101.6839622667706,83.55132883348013
H,all,retrained_five,1487,5.047157575767386,-0.8273291436963496,5.874486719463738,82.50230909693806,69.46547362506797
H,bench,original_five,162,8.504616676232073,-5.297399203875602,13.802015880107673,88.82150368039335,57.509677640209624
H,bench,retrained_five,162,-21.814417989738025,-15.605634403711907,-6.208783586026113,71.18521993297286,50.276952506054364
H,established,original_five,357,-0.3945749155359001,-10.795777260862673,10.401202345326773,125.37152790055862,101.3818626647731
H,established,retrained_five,357,6.1990730936601395,-1.917458582271487,8.11653167593163,95.0463051454651,82.35581105600757
H,everyday,original_five,479,-15.418515518288938,-28.35713912932753,12.938623611038587,137.45966063582307,101.26637302526976
H,everyday,retrained_five,479,3.5285390722596803,-5.9591309307524165,9.487670003012099,101.6571418564137,81.81826097996566
H,interrupted,original_five,222,-9.563824292935596,-15.426574509199545,5.86275021626395,112.1583310647256,86.05279723859441
H,interrupted,retrained_five,222,25.432814993102955,10.441317792856479,14.991497200246474,94.27284599038805,77.74552171330618
H,platoon,original_five,260,18.272459355158038,2.6489647541508643,15.623494601007174,92.2065505071498,106.7848525527501
H,platoon,retrained_five,260,-14.847237077519159,-12.872402641640363,-1.974834435878793,82.45664997932808,103.13680761282478
H,uncertain,original_five,586,-3.597042203901852,-15.245096080344116,11.64805387644226,80.2015148772116,65.96178132227259
H,uncertain,retrained_five,586,22.54124650861136,12.797137780514946,9.744108728096414,69.99390452927958,49.733406119039714
H,uncertain_role,original_five,823,-0.2721846247466619,-14.610757492402671,14.338572867656007,86.08180946435121,71.92984292867818
H,uncertain_role,retrained_five,823,12.162153999573892,4.68288188578615,7.479272113787739,72.03918872199732,57.72919011733525
H,unstable,original_five,653,5.161527096244807,-19.272618732639533,24.434145828884343,80.4186242909465,63.46193720655231
H,unstable,retrained_five,653,6.795653747718289,-1.442927508203022,8.23858125592131,62.57388028246872,48.37466495267106
H,young,original_five,255,-17.53409132088645,-11.067967550565767,-6.46612377032068,113.8584520463974,107.8554314557425
H,young,retrained_five,255,-18.790559235292015,-7.535084744953404,-11.255474490338615,105.72583159175545,98.21950078052232
P,RP,original_five,1909,-0.8030654120948354,-1.28604593037468,0.48298051827984423,11.6053277206765,8.189498826089343
P,RP,retrained_five,1909,-0.8030654120948354,-1.28604593037468,0.48298051827984423,11.6053277206765,8.189498826089343
P,SP,original_five,608,0.8561158258274599,-0.449546802454353,1.3056626282818136,30.25555784982408,27.332866240385354
P,SP,retrained_five,608,0.8561158258274599,-0.449546802454353,1.3056626282818136,30.25555784982408,27.332866240385354
P,aging33plus,original_five,437,0.11685682590762156,0.13505223255470447,-0.01819540664708297,11.522436527197694,6.498090133258604
P,aging33plus,retrained_five,437,0.11685682590762156,0.13505223255470447,-0.01819540664708297,11.522436527197694,6.498090133258604
P,all,original_five,2517,-0.4022778901811463,-1.0839833678893567,0.6817054777082104,16.11042899938994,12.813721069987622
P,all,retrained_five,2517,-0.4022778901811463,-1.0839833678893567,0.6817054777082104,16.11042899938994,12.813721069987622
P,established,original_five,520,-1.1863649150354105,-2.056479725111689,0.8701148100762783,23.361118684900408,18.77825243915301
P,established,retrained_five,520,-1.1863649150354105,-2.056479725111689,0.8701148100762783,23.361118684900408,18.77825243915301
P,interrupted,original_five,167,-0.37654019643798414,-1.2794989211519276,0.9029587247139435,29.054738129548046,24.195254717692162
P,interrupted,retrained_five,167,-0.37654019643798414,-1.2794989211519276,0.9029587247139435,29.054738129548046,24.195254717692162
P,reliever,original_five,1767,-0.9693726164697957,-1.5356961714575748,0.5663235549877792,10.657101662311183,7.126770227975828
P,reliever,retrained_five,1767,-0.9693726164697957,-1.5356961714575748,0.5663235549877792,10.657101662311183,7.126770227975828
P,starter,original_five,481,0.5252147501167758,-0.6243686069604044,1.1495833570771796,32.412090502258536,25.89259115568158
P,starter,retrained_five,481,0.5252147501167758,-0.6243686069604044,1.1495833570771796,32.412090502258536,25.89259115568158
P,swingman,original_five,269,1.664385386282582,1.0613765722527075,0.6030088140298745,22.783032054179404,26.783630462612344
P,swingman,retrained_five,269,1.664385386282582,1.0613765722527075,0.6030088140298745,22.783032054179404,26.783630462612344
P,uncertain_role,original_five,1362,-0.6181801447153777,-1.1430181405787343,0.5248379958633567,10.477152398156475,7.0760254735333215
P,uncertain_role,retrained_five,1362,-0.6181801447153777,-1.1430181405787343,0.5248379958633567,10.477152398156475,7.0760254735333215
P,unstable,original_five,1362,-0.6181801447153777,-1.1430181405787343,0.5248379958633567,10.477152398156475,7.0760254735333215
P,unstable,retrained_five,1362,-0.6181801447153777,-1.1430181405787343,0.5248379958633567,10.477152398156475,7.0760254735333215
P,young,original_five,468,1.08807665841871,0.23814176790849478,0.8499348905102153,19.829370173915866,18.82327015382972
P,young,retrained_five,468,1.08807665841871,0.23814176790849478,0.8499348905102153,19.829370173915866,18.82327015382972
