id,name,anchor,actual,role_evidence,outcome,future_role_claim
547973,Aroldis Chapman,2025,0.0,no positive demonstrated MLB usage in previous three seasons after source repair,absent,False
592454,Tommy Kahnle,2025,0.0,no positive demonstrated MLB usage in previous three seasons after source repair,absent,False
621199,Matt Bowman,2025,0.0,no positive demonstrated MLB usage in previous three seasons after source repair,absent,False
605154,John Brebbia,2025,0.0,no positive demonstrated MLB usage in previous three seasons after source repair,absent,False
664208,Phil Maton,2025,0.0,no positive demonstrated MLB usage in previous three seasons after source repair,absent,False
571948,Hoby Milner,2025,0.0,no positive demonstrated MLB usage in previous three seasons after source repair,absent,False
620454,José Castillo,2025,0.0,no positive demonstrated MLB usage in previous three seasons after source repair,absent,False
660853,Enyel De Los Santos,2025,0.0,no positive demonstrated MLB usage in previous three seasons after source repair,absent,False
622554,Seranthony Domínguez,2025,0.0,no positive demonstrated MLB usage in previous three seasons after source repair,absent,False
663423,Trent Thornton,2025,0.0,no positive demonstrated MLB usage in previous three seasons after source repair,absent,False
664854,Ryan Helsley,2025,0.0,no positive demonstrated MLB usage in previous three seasons after source repair,absent,False
664199,Taylor Clarke,2025,0.0,no positive demonstrated MLB usage in previous three seasons after source repair,absent,False
669674,Sam Long,2025,0.0,no positive demonstrated MLB usage in previous three seasons after source repair,absent,False
595928,John Curtiss,2025,0.0,no positive demonstrated MLB usage in previous three seasons after source repair,absent,False
