family,cohort,model,state,n,state_n,predicted_frequency,observed_repaired_frequency,within_state_bias,within_state_MAE
H,H,original_five,absent,1487,429,0.2754565432240059,0.2885003362474781,0.0,0.0
H,H,original_five,retained_high_usage,1487,283,0.09207186627686438,0.19031607262945527,16.70974548160751,67.05884026041399
H,H,original_five,retained_reduced,1487,416,0.12421934330661935,0.2797579018157364,46.096048254722405,114.35692860591224
H,H,original_five,changed,1487,359,0.09689512258078993,0.2414256893073302,-12.767182716260422,160.69830607695906
H,H,original_five,retention_unidentifiable,1487,0,0.4113571246117204,0.0,,
H,H,retrained_five,absent,1487,429,0.2886672258357667,0.2885003362474781,0.0,0.0
H,H,retrained_five,retained_high_usage,1487,283,0.20000043848522364,0.19031607262945527,2.1571625301012762,41.95807225286697
H,H,retrained_five,retained_reduced,1487,416,0.2847642220090929,0.2797579018157364,17.38526777664693,89.93427462919729
H,H,retrained_five,changed,1487,359,0.22656811366991672,0.2414256893073302,2.486388191472964,150.44113255478732
H,H,retrained_five,retention_unidentifiable,1487,0,0.0,0.0,,
H,aging33plus,original_five,absent,286,168,0.5733087673549035,0.5874125874125874,0.0,0.0
H,aging33plus,original_five,retained_high_usage,286,17,0.0268195171711517,0.05944055944055944,25.862771807731324,45.27496953315825
H,aging33plus,original_five,retained_reduced,286,62,0.03340843667935506,0.21678321678321677,36.171515806529854,119.52436128195423
H,aging33plus,original_five,changed,286,39,0.025135634517348196,0.13636363636363635,48.03909659477114,144.86197399484257
H,aging33plus,original_five,retention_unidentifiable,286,0,0.34132764427724155,0.0,,
H,aging33plus,retrained_five,absent,286,168,0.5902088298091913,0.5874125874125874,0.0,0.0
H,aging33plus,retrained_five,retained_high_usage,286,17,0.10205554930724987,0.05944055944055944,4.814157654899073,21.07022829086514
H,aging33plus,retrained_five,retained_reduced,286,62,0.16805378801590926,0.21678321678321677,30.274357387366514,84.96741935193555
H,aging33plus,retrained_five,changed,286,39,0.13968183286764957,0.13636363636363635,17.645951605282335,142.052063201914
H,aging33plus,retrained_five,retention_unidentifiable,286,0,0.0,0.0,,
H,all,original_five,absent,1487,429,0.2754565432240059,0.2885003362474781,0.0,0.0
H,all,original_five,retained_high_usage,1487,283,0.09207186627686438,0.19031607262945527,16.70974548160751,67.05884026041399
H,all,original_five,retained_reduced,1487,416,0.12421934330661935,0.2797579018157364,46.096048254722405,114.35692860591224
H,all,original_five,changed,1487,359,0.09689512258078993,0.2414256893073302,-12.767182716260422,160.69830607695906
H,all,original_five,retention_unidentifiable,1487,0,0.4113571246117204,0.0,,
H,all,retrained_five,absent,1487,429,0.2886672258357667,0.2885003362474781,0.0,0.0
H,all,retrained_five,retained_high_usage,1487,283,0.20000043848522364,0.19031607262945527,2.1571625301012762,41.95807225286697
H,all,retrained_five,retained_reduced,1487,416,0.2847642220090929,0.2797579018157364,17.38526777664693,89.93427462919729
H,all,retrained_five,changed,1487,359,0.22656811366991672,0.2414256893073302,2.486388191472964,150.44113255478732
H,all,retrained_five,retention_unidentifiable,1487,0,0.0,0.0,,
H,bench,original_five,absent,162,50,0.3030644115243357,0.30864197530864196,0.0,0.0
H,bench,original_five,retained_high_usage,162,22,0.13016300864381,0.13580246913580246,27.05408178999204,42.932180501874235
H,bench,original_five,retained_reduced,162,53,0.29102685640200937,0.3271604938271605,30.870065722702975,53.589110768678395
H,bench,original_five,changed,162,37,0.2241108792372651,0.22839506172839505,0.12495378092866936,149.5091063765614
H,bench,original_five,retention_unidentifiable,162,0,0.051634844192579785,0.0,,
H,bench,retrained_five,absent,162,50,0.37906904982336875,0.30864197530864196,0.0,0.0
H,bench,retrained_five,retained_high_usage,162,22,0.0947236367448842,0.13580246913580246,-4.562173020917727,42.76347077196902
H,bench,retrained_five,retained_reduced,162,53,0.3193144072569038,0.3271604938271605,5.104914620391158,35.517220102428396
H,bench,retrained_five,changed,162,37,0.2068929061748432,0.22839506172839505,-31.784205658291135,143.8285752315887
H,bench,retrained_five,retention_unidentifiable,162,0,0.0,0.0,,
H,established,original_five,absent,357,14,0.0414203212470021,0.0392156862745098,0.0,0.0
H,established,original_five,retained_high_usage,357,137,0.11667968625724436,0.38375350140056025,27.996494703803425,52.68149028051192
H,established,original_five,retained_reduced,357,140,0.10188901198440976,0.39215686274509803,31.263023638086608,118.67612238520586
H,established,original_five,changed,357,66,0.07278184531891259,0.18487394957983194,-68.16839161320509,187.29247983280365
H,established,original_five,retention_unidentifiable,357,0,0.6672291351924312,0.0,,
H,established,retrained_five,absent,357,14,0.029958781365079533,0.0392156862745098,0.0,0.0
H,established,retrained_five,retained_high_usage,357,137,0.37952258252449894,0.38375350140056025,-1.7649241764466768,34.184727767694696
H,established,retrained_five,retained_reduced,357,140,0.3674763515154967,0.39215686274509803,29.43934325040452,106.51012247283795
H,established,retrained_five,changed,357,66,0.22304228459492484,0.18487394957983194,-14.880479311755233,148.58029843368513
H,established,retrained_five,retention_unidentifiable,357,0,0.0,0.0,,
H,everyday,original_five,absent,479,33,0.08619346652685289,0.06889352818371608,0.0,0.0
H,everyday,original_five,retained_high_usage,479,174,0.11097331111186538,0.36325678496868474,23.176116223488783,53.73595987444831
H,everyday,original_five,retained_reduced,479,184,0.11305759909948615,0.38413361169102295,42.98980717113656,127.16595593472064
H,everyday,original_five,changed,479,88,0.0612337161859858,0.1837160751565762,-65.2860003714624,179.06817919274565
H,everyday,original_five,retention_unidentifiable,479,0,0.6285419070758097,0.0,,
H,everyday,retrained_five,absent,479,33,0.0663338036991147,0.06889352818371608,0.0,0.0
H,everyday,retrained_five,retained_high_usage,479,174,0.35956412128047016,0.36325678496868474,-4.791760258712203,34.60925553404574
H,everyday,retrained_five,retained_reduced,479,184,0.35946923626818866,0.38413361169102295,32.712864762698565,112.8274817446002
H,everyday,retrained_five,changed,479,88,0.2146328387522264,0.1837160751565762,-7.281896589520633,141.0077261985586
H,everyday,retrained_five,retention_unidentifiable,479,0,0.0,0.0,,
H,interrupted,original_five,absent,222,79,0.33764427773696104,0.35585585585585583,0.0,0.0
H,interrupted,original_five,retained_high_usage,222,28,0.08235262596106815,0.12612612612612611,-16.703720458240742,120.73749720710906
H,interrupted,original_five,retained_reduced,222,56,0.10431705754298277,0.25225225225225223,50.998542943645475,136.57296686025649
H,interrupted,original_five,changed,222,59,0.07204332694525456,0.26576576576576577,-18.418367525471346,136.86415120329733
H,interrupted,original_five,retention_unidentifiable,222,0,0.4036427118137335,0.0,,
H,interrupted,retrained_five,absent,222,79,0.3473577442116463,0.35585585585585583,0.0,0.0
H,interrupted,retrained_five,retained_high_usage,222,28,0.18668067480984726,0.12612612612612611,17.132130429285642,51.77323988413782
H,interrupted,retrained_five,retained_reduced,222,56,0.24843946816275153,0.25225225225225223,41.81905919865567,126.64250689360628
H,interrupted,retrained_five,changed,222,59,0.21752211281575495,0.26576576576576577,8.585515445932213,147.7605884331552
H,interrupted,retrained_five,retention_unidentifiable,222,0,0.0,0.0,,
H,platoon,original_five,absent,260,36,0.12023660747003981,0.13846153846153847,0.0,0.0
H,platoon,original_five,retained_high_usage,260,55,0.23688011697090003,0.21153846153846154,37.09984413186136,74.14173345760621
H,platoon,original_five,retained_reduced,260,65,0.3141024854125659,0.25,22.457740210653828,84.51639084686204
H,platoon,original_five,changed,260,104,0.2986950958882905,0.4,5.4025389934326,174.92981652404472
H,platoon,original_five,retention_unidentifiable,260,0,0.030085694258203708,0.0,,
H,platoon,retrained_five,absent,260,36,0.1677827876050767,0.13846153846153847,0.0,0.0
H,platoon,retrained_five,retained_high_usage,260,55,0.20408493078281587,0.21153846153846154,21.236305708841645,63.5626496235521
H,platoon,retrained_five,retained_reduced,260,65,0.28016108340556845,0.25,-3.276970695289981,86.09876764474878
H,platoon,retrained_five,changed,260,104,0.34797119820653893,0.4,-14.11971800116276,170.41542647240777
H,platoon,retrained_five,retention_unidentifiable,260,0,0.0,0.0,,
H,uncertain,original_five,absent,586,310,0.49139804897368855,0.5290102389078498,0.0,0.0
H,uncertain,original_five,retained_high_usage,586,32,0.0018419988368303239,0.05460750853242321,-60.60835869451006,143.91535826042426
H,uncertain,original_five,retained_reduced,586,114,0.0029805061158642244,0.1945392491467577,71.66635927613717,138.94875554635885
H,uncertain,original_five,changed,586,130,0.0013402898586261653,0.22184300341296928,4.5789391718449926,140.06272506333275
H,uncertain,original_five,retention_unidentifiable,586,0,0.5024391562149906,0.0,,
H,uncertain,retrained_five,absent,586,310,0.4990470341249207,0.5290102389078498,0.0,0.0
H,uncertain,retrained_five,retained_high_usage,586,32,0.09686369757334297,0.05460750853242321,11.769196047140124,44.230684323709724
H,uncertain,retrained_five,retained_reduced,586,114,0.21619081620135247,0.1945392491467577,10.136376307558832,80.46990388072149
H,uncertain,retrained_five,changed,586,130,0.18789845210038392,0.22184300341296928,32.13758878534083,142.72942342304853
H,uncertain,retrained_five,retention_unidentifiable,586,0,0.0,0.0,,
H,uncertain_role,original_five,absent,823,366,0.42008466582783377,0.44471445929526127,0.0,0.0
H,uncertain_role,original_five,retained_high_usage,823,65,0.04596802542426905,0.07897934386391252,-14.526298759754326,102.32542960160261
H,uncertain_role,original_five,retained_reduced,823,184,0.08742870477932972,0.2235722964763062,59.81386179911896,116.75241496867207
H,uncertain_role,original_five,changed,823,208,0.06626225994613477,0.25273390036452004,8.361078453976132,149.34934351904963
H,uncertain_role,original_five,retention_unidentifiable,823,0,0.3802563440224327,0.0,,
H,uncertain_role,retrained_five,absent,823,366,0.44226159632344203,0.44471445929526127,0.0,0.0
H,uncertain_role,retrained_five,retained_high_usage,823,65,0.1038721940513943,0.07897934386391252,7.0327111296117675,43.973690390045114
H,uncertain_role,retrained_five,retained_reduced,823,184,0.2399682660225276,0.2235722964763062,13.876720571317112,75.81336871754249
H,uncertain_role,retrained_five,changed,823,208,0.21389794360263603,0.25273390036452004,15.120183370674026,147.6114122460873
H,uncertain_role,retrained_five,retention_unidentifiable,823,0,0.0,0.0,,
H,unstable,original_five,absent,653,310,0.44906113460441194,0.47473200612557426,0.0,0.0
H,unstable,original_five,retained_high_usage,653,51,0.05705397444803116,0.0781010719754977,23.96041939497677,81.12344726443385
H,unstable,original_five,retained_reduced,653,143,0.10886470479187692,0.21898928024502298,70.25628353789465,110.88304017082622
H,unstable,original_five,changed,653,149,0.08301049001226242,0.22817764165390506,31.45548517583037,143.94009691922403
H,unstable,original_five,retention_unidentifiable,653,0,0.30200969614341744,0.0,,
H,unstable,retrained_five,absent,653,310,0.4779001789726461,0.47473200612557426,0.0,0.0
H,unstable,retrained_five,retained_high_usage,653,51,0.08584727815843664,0.0781010719754977,2.6882699923057527,41.09128152276711
H,unstable,retrained_five,retained_reduced,653,143,0.2320365098920725,0.21898928024502298,13.608782161782301,61.294058377933595
H,unstable,retrained_five,changed,653,149,0.2042160329768447,0.22817764165390506,22.125073432041308,139.11376180126564
H,unstable,retrained_five,retention_unidentifiable,653,0,0.0,0.0,,
H,young,original_five,absent,255,26,0.10440342954757127,0.10196078431372549,0.0,0.0
H,young,original_five,retained_high_usage,255,67,0.15575564267427291,0.2627450980392157,2.075537023295255,63.31853571614692
H,young,original_five,retained_reduced,255,77,0.2121284204504739,0.30196078431372547,24.630724855445656,96.79823737049561
H,young,original_five,changed,255,85,0.18784494093697632,0.3333333333333333,-43.346921833669064,185.96857471416862
H,young,original_five,retention_unidentifiable,255,0,0.3398675663907056,0.0,,
H,young,retrained_five,absent,255,26,0.11517899524050336,0.10196078431372549,0.0,0.0
H,young,retrained_five,retained_high_usage,255,67,0.252587088709946,0.2627450980392157,3.514480396481558,54.410756253286536
H,young,retrained_five,retained_reduced,255,77,0.3356154421366063,0.30196078431372547,-15.287789925079153,86.28844630470515
H,young,retrained_five,changed,255,85,0.2966184739129443,0.3333333333333333,-22.687721851406074,173.6028431129494
H,young,retrained_five,retention_unidentifiable,255,0,0.0,0.0,,
P,RP,original_five,absent,1909,969,0.536406279778768,0.5075955997904662,0.0,0.0
P,RP,original_five,retained_high_usage,1909,204,0.09501906198092067,0.106862231534835,-0.4293617621690556,8.02843266503395
P,RP,original_five,retained_reduced,1909,618,0.3130585132196636,0.3237297014143531,0.7036313282820746,14.780148680935683
P,RP,original_five,changed,1909,118,0.055516145020647695,0.061812467260345734,4.870808881359221,41.20187381796083
P,RP,original_five,retention_unidentifiable,1909,0,0.0,0.0,,
P,RP,retrained_five,absent,1909,969,0.536406279778768,0.5075955997904662,0.0,0.0
P,RP,retrained_five,retained_high_usage,1909,204,0.09501906198092067,0.106862231534835,-0.4293617621690556,8.02843266503395
P,RP,retrained_five,retained_reduced,1909,618,0.3130585132196636,0.3237297014143531,0.7036313282820746,14.780148680935683
P,RP,retrained_five,changed,1909,118,0.055516145020647695,0.061812467260345734,4.870808881359221,41.20187381796083
P,RP,retrained_five,retention_unidentifiable,1909,0,0.0,0.0,,
P,SP,original_five,absent,608,164,0.289421281135709,0.26973684210526316,0.0,0.0
P,SP,original_five,retained_high_usage,608,81,0.14391588670087674,0.13322368421052633,-2.2250330895358803,13.831634747158926
P,SP,original_five,retained_reduced,608,197,0.3275108823997419,0.32401315789473684,6.941497294798419,45.04536761622361
P,SP,original_five,changed,608,166,0.23915194976367238,0.2730263157894737,-2.369906077274333,39.90411348938777
P,SP,original_five,retention_unidentifiable,608,0,0.0,0.0,,
P,SP,retrained_five,absent,608,164,0.289421281135709,0.26973684210526316,0.0,0.0
P,SP,retrained_five,retained_high_usage,608,81,0.14391588670087674,0.13322368421052633,-2.2250330895358803,13.831634747158926
P,SP,retrained_five,retained_reduced,608,197,0.3275108823997419,0.32401315789473684,6.941497294798419,45.04536761622361
P,SP,retrained_five,changed,608,166,0.23915194976367238,0.2730263157894737,-2.369906077274333,39.90411348938777
P,SP,retrained_five,retention_unidentifiable,608,0,0.0,0.0,,
P,aging33plus,original_five,absent,437,285,0.6689418269723897,0.6521739130434783,0.0,0.0
P,aging33plus,original_five,retained_high_usage,437,46,0.09866542070953532,0.10526315789473684,-3.620710669954872,8.627963974338154
P,aging33plus,original_five,retained_reduced,437,95,0.19451154965658432,0.21739130434782608,1.6391445854817037,21.409739787308474
P,aging33plus,original_five,changed,437,11,0.03788120266149064,0.02517162471395881,0.26205113567154664,37.16852414728626
P,aging33plus,original_five,retention_unidentifiable,437,0,0.0,0.0,,
P,aging33plus,retrained_five,absent,437,285,0.6689418269723897,0.6521739130434783,0.0,0.0
P,aging33plus,retrained_five,retained_high_usage,437,46,0.09866542070953532,0.10526315789473684,-3.620710669954872,8.627963974338154
P,aging33plus,retrained_five,retained_reduced,437,95,0.19451154965658432,0.21739130434782608,1.6391445854817037,21.409739787308474
P,aging33plus,retrained_five,changed,437,11,0.03788120266149064,0.02517162471395881,0.26205113567154664,37.16852414728626
P,aging33plus,retrained_five,retention_unidentifiable,437,0,0.0,0.0,,
P,all,original_five,absent,2517,1133,0.47674522329288005,0.45013905442987684,0.0,0.0
P,all,original_five,retained_high_usage,2517,285,0.10683045229865341,0.11323003575685339,-0.9397104552101532,9.677763783111576
P,all,original_five,retained_reduced,2517,815,0.3165495900815975,0.32379817242749304,2.2114345128265156,22.095790558545158
P,all,original_five,changed,2517,284,0.099874734326869,0.11283273738577672,0.6385599970874949,40.44332376675263
P,all,original_five,retention_unidentifiable,2517,0,0.0,0.0,,
P,all,retrained_five,absent,2517,1133,0.47674522329288005,0.45013905442987684,0.0,0.0
P,all,retrained_five,retained_high_usage,2517,285,0.10683045229865341,0.11323003575685339,-0.9397104552101532,9.677763783111576
P,all,retrained_five,retained_reduced,2517,815,0.3165495900815975,0.32379817242749304,2.2114345128265156,22.095790558545158
P,all,retrained_five,changed,2517,284,0.099874734326869,0.11283273738577672,0.6385599970874949,40.44332376675263
P,all,retrained_five,retention_unidentifiable,2517,0,0.0,0.0,,
P,established,original_five,absent,520,42,0.10239992697460486,0.08076923076923077,0.0,0.0
P,established,original_five,retained_high_usage,520,179,0.33349969318272116,0.34423076923076923,-1.4064345911504277,9.236707999699288
P,established,original_five,retained_reduced,520,238,0.4688895700828831,0.4576923076923077,4.245779217637211,23.71692453102395
P,established,original_five,changed,520,61,0.09521080975979096,0.11730769230769231,-5.021048536755162,40.437581934913005
P,established,original_five,retention_unidentifiable,520,0,0.0,0.0,,
P,established,retrained_five,absent,520,42,0.10239992697460486,0.08076923076923077,0.0,0.0
P,established,retrained_five,retained_high_usage,520,179,0.33349969318272116,0.34423076923076923,-1.4064345911504277,9.236707999699288
P,established,retrained_five,retained_reduced,520,238,0.4688895700828831,0.4576923076923077,4.245779217637211,23.71692453102395
P,established,retrained_five,changed,520,61,0.09521080975979096,0.11730769230769231,-5.021048536755162,40.437581934913005
P,established,retrained_five,retention_unidentifiable,520,0,0.0,0.0,,
P,interrupted,original_five,absent,167,68,0.41788848249222504,0.40718562874251496,0.0,0.0
P,interrupted,original_five,retained_high_usage,167,16,0.08346966678267888,0.09580838323353294,0.45655297929275696,16.217712334096653
P,interrupted,original_five,retained_reduced,167,43,0.3227207843002455,0.25748502994011974,5.520144023310087,44.547115200036586
P,interrupted,original_five,changed,167,40,0.1759210664248506,0.23952095808383234,-2.3469233410947323,46.63995467268677
P,interrupted,original_five,retention_unidentifiable,167,0,0.0,0.0,,
P,interrupted,retrained_five,absent,167,68,0.41788848249222504,0.40718562874251496,0.0,0.0
P,interrupted,retrained_five,retained_high_usage,167,16,0.08346966678267888,0.09580838323353294,0.45655297929275696,16.217712334096653
P,interrupted,retrained_five,retained_reduced,167,43,0.3227207843002455,0.25748502994011974,5.520144023310087,44.547115200036586
P,interrupted,retrained_five,changed,167,40,0.1759210664248506,0.23952095808383234,-2.3469233410947323,46.63995467268677
P,interrupted,retrained_five,retention_unidentifiable,167,0,0.0,0.0,,
P,reliever,original_five,absent,1767,911,0.5478232929597575,0.5155631013016412,0.0,0.0
P,reliever,original_five,retained_high_usage,1767,201,0.10016026580752306,0.11375212224108659,-0.5727519765984773,8.011278188323974
P,reliever,original_five,retained_reduced,1767,599,0.32157214992035227,0.3389926428975665,0.0488359561634432,14.06115000831737
P,reliever,original_five,changed,1767,56,0.030444291312367283,0.03169213355970572,19.402930914603523,45.71620039282259
P,reliever,original_five,retention_unidentifiable,1767,0,0.0,0.0,,
P,reliever,retrained_five,absent,1767,911,0.5478232929597575,0.5155631013016412,0.0,0.0
P,reliever,retrained_five,retained_high_usage,1767,201,0.10016026580752306,0.11375212224108659,-0.5727519765984773,8.011278188323974
P,reliever,retrained_five,retained_reduced,1767,599,0.32157214992035227,0.3389926428975665,0.0488359561634432,14.06115000831737
P,reliever,retrained_five,changed,1767,56,0.030444291312367283,0.03169213355970572,19.402930914603523,45.71620039282259
P,reliever,retrained_five,retention_unidentifiable,1767,0,0.0,0.0,,
P,starter,original_five,absent,481,126,0.2791183663379263,0.26195426195426197,0.0,0.0
P,starter,original_five,retained_high_usage,481,80,0.1744104582622774,0.16632016632016633,-1.5682606629853635,13.319944841328697
P,starter,original_five,retained_reduced,481,171,0.3610595899335768,0.35550935550935553,7.340996693913346,45.66997495002334
P,starter,original_five,changed,481,104,0.18541158546621953,0.21621621621621623,-5.547115258329129,34.41514463579378
P,starter,original_five,retention_unidentifiable,481,0,0.0,0.0,,
P,starter,retrained_five,absent,481,126,0.2791183663379263,0.26195426195426197,0.0,0.0
P,starter,retrained_five,retained_high_usage,481,80,0.1744104582622774,0.16632016632016633,-1.5682606629853635,13.319944841328697
P,starter,retrained_five,retained_reduced,481,171,0.3610595899335768,0.35550935550935553,7.340996693913346,45.66997495002334
P,starter,retrained_five,changed,481,104,0.18541158546621953,0.21621621621621623,-5.547115258329129,34.41514463579378
P,starter,retrained_five,retention_unidentifiable,481,0,0.0,0.0,,
P,swingman,original_five,absent,269,96,0.36322689278715703,0.35687732342007433,0.0,0.0
P,swingman,original_five,retained_high_usage,269,4,0.02980530977569494,0.01486988847583643,-6.808369849942654,20.57504375684596
P,swingman,original_five,retained_reduced,269,45,0.20396902069913803,0.16728624535315986,11.505687901167246,39.463882972849056
P,swingman,original_five,changed,269,124,0.40299877673801004,0.46096654275092935,-2.6476863320864448,43.11791681965426
P,swingman,original_five,retention_unidentifiable,269,0,0.0,0.0,,
P,swingman,retrained_five,absent,269,96,0.36322689278715703,0.35687732342007433,0.0,0.0
P,swingman,retrained_five,retained_high_usage,269,4,0.02980530977569494,0.01486988847583643,-6.808369849942654,20.57504375684596
P,swingman,retrained_five,retained_reduced,269,45,0.20396902069913803,0.16728624535315986,11.505687901167246,39.463882972849056
P,swingman,retrained_five,changed,269,124,0.40299877673801004,0.46096654275092935,-2.6476863320864448,43.11791681965426
P,swingman,retrained_five,retention_unidentifiable,269,0,0.0,0.0,,
P,uncertain_role,original_five,absent,1362,905,0.6922834259091225,0.6644640234948604,0.0,0.0
P,uncertain_role,original_five,retained_high_usage,1362,55,0.032674247180124814,0.04038179148311307,-2.065582708751853,8.592341726000873
P,uncertain_role,original_five,retained_reduced,1362,322,0.2158386931877149,0.23641703377386197,2.4233963469546156,18.574718288556838
P,uncertain_role,original_five,changed,1362,80,0.0592036337230378,0.05873715124816446,0.6012846953482155,39.79885763883793
P,uncertain_role,original_five,retention_unidentifiable,1362,0,0.0,0.0,,
P,uncertain_role,retrained_five,absent,1362,905,0.6922834259091225,0.6644640234948604,0.0,0.0
P,uncertain_role,retrained_five,retained_high_usage,1362,55,0.032674247180124814,0.04038179148311307,-2.065582708751853,8.592341726000873
P,uncertain_role,retrained_five,retained_reduced,1362,322,0.2158386931877149,0.23641703377386197,2.4233963469546156,18.574718288556838
P,uncertain_role,retrained_five,changed,1362,80,0.0592036337230378,0.05873715124816446,0.6012846953482155,39.79885763883793
P,uncertain_role,retrained_five,retention_unidentifiable,1362,0,0.0,0.0,,
P,unstable,original_five,absent,1362,905,0.6922834259091225,0.6644640234948604,0.0,0.0
P,unstable,original_five,retained_high_usage,1362,55,0.032674247180124814,0.04038179148311307,-2.065582708751853,8.592341726000873
P,unstable,original_five,retained_reduced,1362,322,0.2158386931877149,0.23641703377386197,2.4233963469546156,18.574718288556838
P,unstable,original_five,changed,1362,80,0.0592036337230378,0.05873715124816446,0.6012846953482155,39.79885763883793
P,unstable,original_five,retention_unidentifiable,1362,0,0.0,0.0,,
P,unstable,retrained_five,absent,1362,905,0.6922834259091225,0.6644640234948604,0.0,0.0
P,unstable,retrained_five,retained_high_usage,1362,55,0.032674247180124814,0.04038179148311307,-2.065582708751853,8.592341726000873
P,unstable,retrained_five,retained_reduced,1362,322,0.2158386931877149,0.23641703377386197,2.4233963469546156,18.574718288556838
P,unstable,retrained_five,changed,1362,80,0.0592036337230378,0.05873715124816446,0.6012846953482155,39.79885763883793
P,unstable,retrained_five,retention_unidentifiable,1362,0,0.0,0.0,,
P,young,original_five,absent,468,118,0.28641530413879956,0.25213675213675213,0.0,0.0
P,young,original_five,retained_high_usage,468,35,0.07912531830909883,0.07478632478632478,2.5781860969628774,10.649421541858047
P,young,original_five,retained_reduced,468,212,0.4381753647275066,0.452991452991453,-1.0654535026687046,21.070075586385517
P,young,original_five,changed,468,103,0.19628401282459498,0.22008547008547008,5.178729688648986,38.540821880714056
P,young,original_five,retention_unidentifiable,468,0,0.0,0.0,,
P,young,retrained_five,absent,468,118,0.28641530413879956,0.25213675213675213,0.0,0.0
P,young,retrained_five,retained_high_usage,468,35,0.07912531830909883,0.07478632478632478,2.5781860969628774,10.649421541858047
P,young,retrained_five,retained_reduced,468,212,0.4381753647275066,0.452991452991453,-1.0654535026687046,21.070075586385517
P,young,retrained_five,changed,468,103,0.19628401282459498,0.22008547008547008,5.178729688648986,38.540821880714056
P,young,retrained_five,retention_unidentifiable,468,0,0.0,0.0,,
