family,cohort,model,n,joint_Brier,participation_Brier
H,H,repaired,1487,0.613241451921095,0.10768688717459396
H,H,calibrated,1487,0.5936639601938721,0.10731592922978644
H,aging33plus,repaired,286,0.4458035231100533,0.13141868775037266
H,aging33plus,calibrated,286,0.4422828667842132,0.13337707715459893
H,all,repaired,1487,0.613241451921095,0.10768688717459396
H,all,calibrated,1487,0.5936639601938721,0.10731592922978644
H,bench,repaired,162,0.6788715463913101,0.17627526166587418
H,bench,calibrated,162,0.6714102150128427,0.17412360335509655
H,established,repaired,357,0.6595244623966875,0.035371520079026796
H,established,calibrated,357,0.6444544799737005,0.03449234219901091
H,everyday,repaired,479,0.6557163538982742,0.035209208384517694
H,everyday,calibrated,479,0.6350692125954901,0.035203353484420184
H,interrupted,repaired,222,0.6088688406240547,0.13420211237634172
H,interrupted,calibrated,222,0.5859166476722186,0.13851319707025483
H,platoon,repaired,260,0.6841682610578337,0.09215294646476695
H,platoon,calibrated,260,0.6687292878545003,0.09143116390797573
H,uncertain,repaired,586,0.5289095001688842,0.1548614879551642
H,uncertain,calibrated,586,0.505020625086685,0.1548400240376379
H,uncertain_role,repaired,823,0.5739051325349583,0.15324469912168082
H,uncertain_role,calibrated,823,0.5542787006601837,0.15272219379920066
H,unstable,repaired,653,0.5476836888958568,0.14949539314471064
H,unstable,calibrated,653,0.5319626551791783,0.1476351389728353
H,young,repaired,255,0.7201312724059465,0.07878199172299899
H,young,calibrated,255,0.6873056856566304,0.0788601768658334
P,RP,repaired,1909,0.4601432528848204,0.14513175792171715
P,RP,calibrated,1909,0.4601432528848204,0.14513175792171715
P,SP,repaired,608,0.600247205917077,0.12059600334182083
P,SP,calibrated,608,0.600125058311106,0.12269375281618942
P,aging33plus,repaired,437,0.32573964308564807,0.09232612471247016
P,aging33plus,calibrated,437,0.32867494632713373,0.09342122815741362
P,all,repaired,2517,0.49398640085606077,0.13920496460245732
P,all,calibrated,2517,0.4939568951967717,0.13971169153150625
P,demonstrated_reliever,repaired,1767,0.4536026687513435,0.14422047959825696
P,demonstrated_reliever,calibrated,1767,0.4536026687513435,0.14422047959825696
P,demonstrated_starter,repaired,481,0.6190223304577344,0.11636883938878476
P,demonstrated_starter,calibrated,481,0.618867931820665,0.11902046450399495
P,demonstrated_swingman,repaired,269,0.5356807223825679,0.14709255281880898
P,demonstrated_swingman,calibrated,269,0.5356807223825679,0.14709255281880898
P,established,repaired,520,0.6312359342068223,0.06276290887292575
P,established,calibrated,520,0.6290006901218592,0.0627981859223506
P,interrupted,repaired,167,0.5735719937653596,0.15657020717401252
P,interrupted,calibrated,167,0.5698805539467962,0.15997040030716328
P,reliever,repaired,1767,0.4536026687513435,0.14422047959825696
P,reliever,calibrated,1767,0.4536026687513435,0.14422047959825696
P,starter,repaired,481,0.6190223304577344,0.11636883938878476
P,starter,calibrated,481,0.618867931820665,0.11902046450399495
P,swingman,repaired,269,0.5356807223825679,0.14709255281880898
P,swingman,calibrated,269,0.5356807223825679,0.14709255281880898
P,uncertain_role,repaired,1362,0.3857633694988431,0.1522772727195706
P,uncertain_role,calibrated,1362,0.38592606641649685,0.15216612786918046
P,unstable,repaired,1362,0.3857633694988431,0.1522772727195706
P,unstable,calibrated,1362,0.38592606641649685,0.15216612786918046
P,young,repaired,468,0.6280445575874318,0.17990024198365062
P,young,calibrated,468,0.631213229441291,0.18169646986337357
