id,mlbam_id,name,role,forecast_role,latest_verified_workload,observation_status,latest_GP,latest_GS,production,preserved_strong_benchmark,five_state_raw_expected,direct_unconditional_mean,direct_delta_vs_benchmark,full_role_separate_scenario,prior_allocator_sensitivity,prior_medical_sensitivity,direct_participation_multiplier,allocator_applied,medical_envelope_applied,years2_8_changed,source_date,uncertainty,repaired_forecast_role,five_retrained,direct_retrained,five_delta_vs_benchmark,repaired_participation,repaired_conditional_active,repaired_full_role_scenario,historical_source_cutoff,fallback,full_role_used_as_unconditional,repaired_probability_absent,repaired_probability_retained_high_usage,repaired_probability_retained_reduced,repaired_probability_changed,repaired_probability_retention_unidentifiable,H_calibration_workload,P_starter_calibration_workload,family_candidate_illustration_not_combined_forecast,calibrated_conditional_active,calibrated_participation,full_role_scenario,scenario_not_valuation_input,combined_candidate_selected,calibrated_p_absent,calibrated_p_retained_high_usage,calibrated_p_retained_reduced,calibrated_p_changed,calibrated_p_retention_unidentifiable
02mwm,621566,Matt Olson,H,everyday,698.0,observed_positive,162.0,,600.5484155182885,646.9516526239263,621.951444537697,642.5069917538475,-20.23095598237819,687.583814557403,0.0,0.0,1,False,False,False,2026-10-10,unconditional point mean; no independent promotion evidence,everyday,622.2366538106071,626.7206966415481,-24.7149988133192,0.9912508958717139,627.7287177263102,684.8849550290524,2010–2024 GP repair; verified 2025/2026 sources unchanged,fitted high-usage proxy; full medical availability unverified,False,0.008749104128286153,0.7147994785386586,0.2452126273297867,0.031238790003268745,0.0,595.3617215666524,622.2366538106071,595.3617215666524,603.0016513445746,0.9873301677352181,684.8849550290524,True,False,0.012669832264781921,0.5512275392597737,0.3141164158468354,0.12198621262860881,0.0
01ub6,608070,Jose Ramirez,H,everyday,544.0,observed_positive,125.0,,529.7791098709511,558.2332654833274,499.71100295083767,529.4501256471926,-8.55455875230723,659.6229890064081,0.0,-5.684341886080802e-14,1,False,False,False,2026-10-10,unconditional point mean; no independent promotion evidence,everyday,512.5850422407204,549.6787067310202,-45.648223242606946,0.977115417609086,524.5900668469342,649.2931525484557,2010–2024 GP repair; verified 2025/2026 sources unchanged,fitted high-usage proxy; full medical availability unverified,False,0.022884582390914007,0.42183236489509307,0.4351494103580086,0.12013364235598455,0.0,485.08436809865225,512.5850422407204,485.08436809865225,498.75151031294445,0.9725972915736804,649.2931525484557,True,False,0.027402708426319602,0.3583401944809254,0.36354998202582667,0.2507071150669283,0.0
03ynj,665742,Juan Soto,H,everyday,482.0,observed_positive,111.0,,640.1656812624801,597.983666478066,561.4240124203787,578.0444659313166,-19.77896382163533,689.92651467279,0.0,0.0,1,False,False,False,2026-10-10,unconditional point mean; no independent promotion evidence,everyday,592.643496251018,578.2047026564306,-5.34017022704802,0.9862755971927577,600.8903575611754,685.1399367821849,2010–2024 GP repair; verified 2025/2026 sources unchanged,fitted high-usage proxy; full medical availability unverified,False,0.013724402807242346,0.6835842117835501,0.23252186890212886,0.0701695165070788,0.0,545.9088542882366,592.643496251018,545.9088542882366,555.7751533179219,0.9822476788125837,685.1399367821849,True,False,0.01775232118741632,0.4921767017452071,0.3028606564408867,0.18721032062648982,0.0
02z0s,592450,Aaron Judge,H,everyday,285.0,observed_positive,66.0,,469.40924238138865,353.5992168470886,425.91450947755277,427.92384184179144,55.81321439195892,676.2433163760322,-12.45652390384754,0.0,1,False,False,False,2026-10-10,unconditional point mean; no independent promotion evidence,everyday,440.8547806068591,409.4124312390475,87.2555637597705,0.854984654038672,515.628881202023,667.9079864366998,2010–2024 GP repair; verified 2025/2026 sources unchanged,fitted high-usage proxy; full medical availability unverified,False,0.145015345961328,0.41719995744800925,0.34854293387827506,0.0892417627123877,0.0,392.40407474159986,440.8547806068591,392.40407474159986,461.26299236555656,0.8507165786901344,667.9079864366998,True,False,0.14928342130986563,0.30399913113171023,0.3035464349741973,0.24317101258422677,0.0
041ai,666158,Gavin Lux,H,platoon,0.0,verified_zero,0.0,,458.4460265881399,75.23173657155107,93.61850026669516,111.613989756979,-24.56535794113021,444.98687871857396,0.0,-1.4210854715202004e-14,1,False,False,False,2026-10-10,unconditional point mean; no independent promotion evidence,platoon,53.693335430151954,50.66637863042086,-21.538401141399113,0.19343467717871632,277.57864418769196,445.7332324325808,2010–2024 GP repair; verified 2025/2026 sources unchanged,fitted high-usage proxy; full medical availability unverified,False,0.8065653228212837,0.04074384356217472,0.03473754631556341,0.1179532873009782,0.0,51.375686261421556,53.693335430151954,51.375686261421556,213.30812197288918,0.24085199281793523,445.7332324325808,True,False,0.7591480071820648,0.04117874864126396,0.0953854778018215,0.10428776637484959,0.0
02w16,623993,Anthony Santander,H,everyday,0.0,verified_zero,0.0,,439.1191556520023,56.623202079562745,119.32033254684485,76.9169221494084,42.72411041488658,649.2278900653442,0.0,-2.842170943040401e-14,1,False,False,False,2026-10-10,unconditional point mean; no independent promotion evidence,everyday,89.90599575982203,99.34731249444933,33.28279368025929,0.3936470977265111,228.39237550351461,653.508634305024,2010–2024 GP repair; verified 2025/2026 sources unchanged,fitted high-usage proxy; full medical availability unverified,False,0.6063529022734889,0.06508502901257215,0.1340937734484929,0.19446829526544607,0.0,103.19419795251308,89.90599575982203,103.19419795251308,234.61328514565744,0.4398480584270662,653.508634305024,True,False,0.5601519415729338,0.06763559258048928,0.1732190900548939,0.1989933757916831,0.0
05wru,694973,Paul Skenes,SP,starter,174.33333333333334,observed_positive,32.0,32.0,165.31663391067949,127.92157759991477,133.75362166790944,131.70043367900377,3.778856079088996,182.59843708556912,0.0,0.0,1,False,False,False,2026-10-10,unconditional point mean; no independent promotion evidence,starter,133.75362166790944,131.70043367900377,5.832044067994673,0.961600507548559,139.09479104674364,182.59843708556912,2010–2024 GP repair; verified 2025/2026 sources unchanged,fitted high-usage proxy; full medical availability unverified,False,0.03839949245144105,0.4082827313379867,0.5295152192381684,0.02380255697240394,0.0,133.75362166790944,141.8506734113415,141.8506734113415,144.48773522730045,0.9817488881543442,182.59843708556912,True,False,0.01825111184565576,0.4738249056782637,0.45063877290301935,0.05728520957306129,0.0
01sb3,554430,Zack Wheeler,SP,starter,162.0,observed_positive,28.0,28.0,142.42533592391857,116.27490213608338,146.539409375635,71.18223512582257,-45.09266701026081,188.32383443977628,0.0,0.0,1,False,False,False,2026-10-10,unconditional point mean; no independent promotion evidence,starter,146.539409375635,71.18223512582257,30.264507239551605,0.9678464459160951,151.40770521395171,188.32383443977628,2010–2024 GP repair; verified 2025/2026 sources unchanged,fitted high-usage proxy; full medical availability unverified,False,0.032153554083904835,0.3859733989086849,0.5548059339575254,0.027067113049884895,0.0,146.539409375635,151.39257000554477,151.39257000554477,153.7647488160495,0.9845726746294589,188.32383443977628,True,False,0.015427325370541105,0.45225698050749,0.4730896617524824,0.059226032369486536,0.0
061yu,694819,Jacob Misiorowski,SP,starter,174.66666666666666,observed_positive,30.0,30.0,129.0654038970866,127.87628933701288,140.2466572008911,108.56454843183032,-19.31174090518256,174.32909666733343,-15.690604128562313,0.0,1,False,False,False,2026-10-10,unconditional point mean; no independent promotion evidence,starter,140.2466572008911,108.56454843183032,12.370367863878215,0.9696692001424527,144.63350715923292,174.32909666733343,2010–2024 GP repair; verified 2025/2026 sources unchanged,fitted high-usage proxy; full medical availability unverified,False,0.03033079985754724,0.28875611438830723,0.6574714478309097,0.02344163792323579,0.0,140.2466572008911,143.5185244159554,143.5185244159554,145.7033557185586,0.9850049349115647,174.32909666733343,True,False,0.014995065088435318,0.3452621696035919,0.5800769760514541,0.059665789256518685,0.0
05y7s,690997,Nolan McLean,SP,starter,179.66666666666666,observed_positive,31.0,31.0,120.12640244516551,119.312713273576,143.14645532550213,147.72586561613133,28.413152342555335,184.9286510463542,0.0,0.0,1,False,False,False,2026-10-10,unconditional point mean; no independent promotion evidence,starter,143.14645532550213,147.72586561613133,23.833742051926137,0.9785422653278572,146.28540881424414,184.9286510463542,2010–2024 GP repair; verified 2025/2026 sources unchanged,fitted high-usage proxy; full medical availability unverified,False,0.021457734672142896,0.3341399278581195,0.6232704480965588,0.021131889373178715,0.0,143.14645532550213,147.06352162154758,147.06352162154758,148.54203182559678,0.990046519588576,184.9286510463542,True,False,0.009953480411423937,0.4017098097084997,0.5386696730971059,0.04966703678297055,0.0
02mwk,621244,Jose Berrios,SP,starter,0.0,verified_zero,0.0,0.0,153.52373927395132,58.72189317054096,40.90629310336008,33.960638332438215,-24.761254838102744,183.09727658528033,0.0,0.0,1,False,False,False,2026-10-10,unconditional point mean; no independent promotion evidence,starter,40.90629310336008,33.960638332438215,-17.81560006718088,0.6965066465533626,58.730657210212364,183.09727658528033,2010–2024 GP repair; verified 2025/2026 sources unchanged,fitted high-usage proxy; full medical availability unverified,False,0.3034933534466374,0.03021967932946658,0.5222163676410367,0.14407059958285914,0.0,40.90629310336008,40.04473326686997,40.04473326686997,56.29962929559333,0.7112788088998011,183.09727658528033,True,False,0.2887211911001989,0.023399171593547905,0.4440635293334984,0.24381610797275477,0.0
0512m,686752,Ryan Pepiot,SP,starter,0.0,verified_zero,0.0,0.0,142.16743795776148,34.100976801465826,30.434091981583602,17.53064381984587,-16.570332981619956,165.44131380964035,0.0,0.0,1,False,False,False,2026-10-10,unconditional point mean; no independent promotion evidence,starter,30.434091981583602,17.53064381984587,-3.666884819882224,0.5145741746592104,59.14422736379909,165.44131380964035,2010–2024 GP repair; verified 2025/2026 sources unchanged,fitted high-usage proxy; full medical availability unverified,False,0.4854258253407896,0.02516155859481769,0.3821432540326833,0.10726936203170945,0.0,30.434091981583602,25.94232212306358,25.94232212306358,48.73299944673322,0.5323358384993191,165.44131380964035,True,False,0.4676641615006809,0.01706033184316277,0.30970301546168016,0.2055724911944762,0.0
