id,name,role,variant,full_role_GS,full_role_RA,IP_per_start_or_PA_per_game,IP_per_relief,full_role_work,participation,conditional_given_active,expected,full_to_active_difference,participation_difference,p_absent,mean_absent,contribution_absent,p_retained_high_usage,mean_retained_high_usage,contribution_retained_high_usage,p_retained_reduced,mean_retained_reduced,contribution_retained_reduced,p_changed,mean_changed,contribution_changed,p_retention_unidentifiable,mean_retention_unidentifiable,contribution_retention_unidentifiable
621566,Matt Olson,everyday,repaired,,,4.34375,0.0,684.8849550290524,0.9912508958717139,627.7287177263102,622.2366538106071,-57.156237302742284,-5.492063915703056,0.008749104128286153,0,0.0,0.7147994785386586,661.8797633072801,473.1113096673346,0.2452126273297867,546.7784055058038,134.07696938126966,0.031238790003268745,481.7207952173673,15.048374762002965,0.0,0.0,0.0
621566,Matt Olson,everyday,calibrated,,,4.34375,0.0,684.8849550290524,0.9873301677352181,603.0016513445746,595.3617215666524,-81.88330368447782,-7.639929777922248,0.012669832264781921,0,0.0,0.5512275392597737,661.8797633072801,364.8463532137135,0.3141164158468354,546.7784055058038,171.75207299993068,0.12198621262860881,481.7207952173673,58.763295353008296,0.0,0.0,0.0
608070,Jose Ramirez,everyday,repaired,,,4.306098964326813,0.0,649.2931525484557,0.977115417609086,524.5900668469342,512.5850422407204,-124.70308570152156,-12.005024606213738,0.022884582390914007,0,0.0,0.42183236489509307,633.0412674110128,267.03729490817454,0.4351494103580086,466.7839767882418,203.12077226396977,0.12013364235598455,353.16481076012747,42.42697506857611,0.0,0.0,0.0
608070,Jose Ramirez,everyday,calibrated,,,4.306098964326813,0.0,649.2931525484557,0.9725972915736804,498.75151031294445,485.08436809865225,-150.5416422355113,-13.667142214292198,0.027402708426319602,0,0.0,0.3583401944809254,633.0412674110128,226.84413087851382,0.36354998202582667,466.7839767882418,169.69930637130918,0.2507071150669283,353.16481076012747,88.54093084882922,0.0,0.0,0.0
665742,Juan Soto,everyday,repaired,,,4.4228915662650605,0.0,685.1399367821849,0.9862755971927577,600.8903575611754,592.643496251018,-84.24957922100953,-8.246861310157442,0.013724402807242346,0,0.0,0.6835842117835501,669.9518816082985,457.96852892211507,0.23252186890212886,450.8169133644059,104.82479122818077,0.0701695165070788,425.40090892190756,29.850176100722116,0.0,0.0,0.0
665742,Juan Soto,everyday,calibrated,,,4.4228915662650605,0.0,685.1399367821849,0.9822476788125837,555.7751533179219,545.9088542882366,-129.36478346426304,-9.866299029685251,0.01775232118741632,0,0.0,0.4921767017452071,669.9518816082985,329.73470741796785,0.3028606564408867,450.8169133644059,136.5347063161983,0.18721032062648982,425.40090892190756,79.6394405540705,0.0,0.0,0.0
592450,Aaron Judge,everyday,repaired,,,4.410294117647059,0.0,667.9079864366998,0.854984654038672,515.628881202023,440.8547806068591,-152.27910523467688,-74.77410059516387,0.145015345961328,0,0.0,0.41719995744800925,650.1093232948623,271.22558201517063,0.34854293387827506,413.8824531818929,144.25580451275476,0.0892417627123877,284.321973342326,25.37339407893368,0.0,0.0,0.0
592450,Aaron Judge,everyday,calibrated,,,4.410294117647059,0.0,667.9079864366998,0.8507165786901344,461.26299236555656,392.40407474159986,-206.6449940711433,-68.8589176239567,0.14928342130986563,0,0.0,0.30399913113171023,650.1093232948623,197.63266942226224,0.3035464349741973,413.8824531818929,125.63254316173872,0.24317101258422677,284.321973342326,69.13886215759894,0.0,0.0,0.0
666158,Gavin Lux,platoon,repaired,,,3.5876993166287017,0.0,445.7332324325808,0.19343467717871632,277.57864418769196,53.693335430151954,-168.15458824488883,-223.88530875754,0.8065653228212837,0,0.0,0.04074384356217472,443.52375195209834,18.070862365645077,0.03473754631556341,24.995408960770817,0.8682791764512249,0.1179532873009782,294.6437075498737,34.75419388805565,0.0,0.0,0.0
666158,Gavin Lux,platoon,calibrated,,,3.5876993166287017,0.0,445.7332324325808,0.24085199281793523,213.30812197288918,51.375686261421556,-232.4251104596916,-161.93243571146763,0.7591480071820648,0,0.0,0.04117874864126396,443.52375195209834,18.263753098065763,0.0953854778018215,24.995408960770817,2.384199026575055,0.10428776637484959,294.6437075498737,30.727734136780732,0.0,0.0,0.0
623993,Anthony Santander,everyday,repaired,,,4.201413427561837,0.0,653.508634305024,0.3936470977265111,228.39237550351461,89.90599575982203,-425.1162588015094,-138.48637974369257,0.6063529022734889,0,0.0,0.06508502901257215,617.7246714457251,40.20462816282662,0.1340937734484929,293.1850902282539,39.31429506754343,0.19446829526544607,53.41267847940868,10.387072529451984,0.0,0.0,0.0
623993,Anthony Santander,everyday,calibrated,,,4.201413427561837,0.0,653.508634305024,0.4398480584270662,234.61328514565744,103.19419795251308,-418.89534915936656,-131.41908719314438,0.5601519415729338,0,0.0,0.06763559258048928,617.7246714457251,41.78017420481966,0.1732190900548939,293.1850902282539,50.7852545470001,0.1989933757916831,53.41267847940868,10.628769200693316,0.0,0.0,0.0
694973,Paul Skenes,starter,repaired,32.42106674524193,0.0,5.63209219858156,1.0,182.59843708556912,0.961600507548559,139.09479104674364,133.75362166790944,-43.50364603882548,-5.341169378834195,0.03839949245144105,0,0.0,0.4082827313379867,190.08309549607165,77.6076454103155,0.5295152192381684,101.17434112322702,53.57335342114279,0.02380255697240394,108.08178463489493,2.5726228364511794,0.0,0.0,0.0
694973,Paul Skenes,starter,calibrated,32.42106674524193,0.0,5.63209219858156,1.0,182.59843708556912,0.9817488881543442,144.48773522730045,141.8506734113415,-38.11070185826867,-2.6370618159589583,0.01825111184565576,0,0.0,0.4738249056782637,190.08309549607165,90.06610479445854,0.45063877290301935,101.17434112322702,45.593080933042515,0.05728520957306129,108.08178463489493,6.191487683840432,0.0,0.0,0.0
554430,Zack Wheeler,starter,repaired,31.4195738827529,0.02329155467831686,5.9930966469428,1.0,188.32383443977628,0.9678464459160951,151.40770521395171,146.539409375635,-36.91612922582456,-4.868295838316726,0.032153554083904835,0,0.0,0.3859733989086849,174.35049788276305,67.29465426923151,0.5548059339575254,136.12732289858383,75.52424651788644,0.027067113049884895,137.45494695574288,3.720508588517024,0.0,0.0,0.0
554430,Zack Wheeler,starter,calibrated,31.4195738827529,0.02329155467831686,5.9930966469428,1.0,188.32383443977628,0.9845726746294589,153.7647488160495,151.39257000554477,-34.55908562372679,-2.372178810504721,0.015427325370541105,0,0.0,0.45225698050749,174.35049788276305,78.85122972243595,0.4730896617524824,136.12732289858383,64.40042914536197,0.059226032369486536,137.45494695574288,8.140911137746883,0.0,0.0,0.0
694819,Jacob Misiorowski,starter,repaired,31.371585793828842,0.0,5.556910569105691,1.0,174.32909666733343,0.9696692001424527,144.63350715923292,140.2466572008911,-29.69558950810051,-4.386849958341827,0.03033079985754724,0,0.0,0.28875611438830723,185.6485728584594,53.607160540343294,0.6574714478309097,129.0509622636511,84.84732300345478,0.02344163792323579,76.4525782269074,1.7921736570930236,0.0,0.0,0.0
694819,Jacob Misiorowski,starter,calibrated,31.371585793828842,0.0,5.556910569105691,1.0,174.32909666733343,0.9850049349115647,145.7033557185586,143.5185244159554,-28.62574094877482,-2.1848313026032145,0.014995065088435318,0,0.0,0.3452621696035919,185.6485728584594,64.0974290489222,0.5800769760514541,129.0509622636511,74.85949194642905,0.059665789256518685,76.4525782269074,4.5616034206041665,0.0,0.0,0.0
690997,Nolan McLean,starter,repaired,31.81771488561781,0.023071118969985455,5.81140350877193,1.0,184.9286510463542,0.9785422653278572,146.28540881424414,143.14645532550213,-38.643242232110055,-3.138953488742004,0.021457734672142896,0,0.0,0.3341399278581195,186.37479583251707,62.27526083404901,0.6232704480965588,127.26875611687196,79.32285465365445,0.021131889373178715,73.27029828974445,1.5483398377986852,0.0,0.0,0.0
690997,Nolan McLean,starter,calibrated,31.81771488561781,0.023071118969985455,5.81140350877193,1.0,184.9286510463542,0.990046519588576,148.54203182559678,147.06352162154758,-36.38661922075741,-1.4785102040492006,0.009953480411423937,0,0.0,0.4017098097084997,186.37479583251707,74.86858376834091,0.5386696730971059,127.26875611687196,68.55581925295071,0.04966703678297055,73.27029828974445,3.6391186002559612,0.0,0.0,0.0
