group,state,n,state_n,predicted_frequency,observed_frequency,within_state_bias,within_state_MAE,frequency_MAE,severity_MAE
starter,absent,481,126,0.2791183663379263,0.26195426195426197,0.0,0.0,32.412090502258536,25.89259115568158
starter,retained_high_usage,481,80,0.1744104582622774,0.16632016632016633,-1.5682606629853635,13.319944841328697,32.412090502258536,25.89259115568158
starter,retained_reduced,481,171,0.3610595899335768,0.35550935550935553,7.340996693913346,45.66997495002334,32.412090502258536,25.89259115568158
starter,changed,481,104,0.18541158546621953,0.21621621621621623,-5.547115258329129,34.41514463579378,32.412090502258536,25.89259115568158
starter,retention_unidentifiable,481,0,0.0,0.0,,,32.412090502258536,25.89259115568158
reliever,absent,1767,911,0.5478232929597575,0.5155631013016412,0.0,0.0,10.657101662311183,7.126770227975828
reliever,retained_high_usage,1767,201,0.10016026580752306,0.11375212224108659,-0.5727519765984773,8.011278188323974,10.657101662311183,7.126770227975828
reliever,retained_reduced,1767,599,0.32157214992035227,0.3389926428975665,0.0488359561634432,14.06115000831737,10.657101662311183,7.126770227975828
reliever,changed,1767,56,0.030444291312367283,0.03169213355970572,19.402930914603523,45.71620039282259,10.657101662311183,7.126770227975828
reliever,retention_unidentifiable,1767,0,0.0,0.0,,,10.657101662311183,7.126770227975828
swingman,absent,269,96,0.36322689278715703,0.35687732342007433,0.0,0.0,22.783032054179404,26.783630462612344
swingman,retained_high_usage,269,4,0.02980530977569494,0.01486988847583643,-6.808369849942654,20.57504375684596,22.783032054179404,26.783630462612344
swingman,retained_reduced,269,45,0.20396902069913803,0.16728624535315986,11.505687901167246,39.463882972849056,22.783032054179404,26.783630462612344
swingman,changed,269,124,0.40299877673801004,0.46096654275092935,-2.6476863320864448,43.11791681965426,22.783032054179404,26.783630462612344
swingman,retention_unidentifiable,269,0,0.0,0.0,,,22.783032054179404,26.783630462612344
established,absent,161,10,0.07814244295589722,0.062111801242236024,0.0,0.0,39.115814387673566,31.287788300028268
established,retained_high_usage,161,54,0.3504304013490865,0.33540372670807456,-2.2409346601154616,13.187266371795591,39.115814387673566,31.287788300028268
established,retained_reduced,161,67,0.4306789525975338,0.4161490683229814,14.135632955628669,47.472782216020676,39.115814387673566,31.287788300028268
established,changed,161,30,0.14074820309748257,0.18633540372670807,-2.88040776304758,38.1515041251401,39.115814387673566,31.287788300028268
established,retention_unidentifiable,161,0,0.0,0.0,,,39.115814387673566,31.287788300028268
young,absent,126,25,0.19939689462621632,0.1984126984126984,0.0,0.0,30.03988629718021,26.46233761238824
young,retained_high_usage,126,10,0.12266310875378143,0.07936507936507936,2.6468992732174654,9.195773152945415,30.03988629718021,26.46233761238824
young,retained_reduced,126,51,0.3878747298170067,0.40476190476190477,4.8756060215198005,40.76851111390743,30.03988629718021,26.46233761238824
young,changed,126,40,0.2900652668029957,0.31746031746031744,-6.765502058732274,29.07756852055465,30.03988629718021,26.46233761238824
young,retention_unidentifiable,126,0,0.0,0.0,,,30.03988629718021,26.46233761238824
interrupted,absent,107,43,0.4359997690758076,0.40186915887850466,0.0,0.0,33.26140493239207,24.411192886249435
interrupted,retained_high_usage,107,12,0.07141373646284788,0.11214953271028037,-0.7852461638350098,18.79890537625237,33.26140493239207,24.411192886249435
interrupted,retained_reduced,107,31,0.36083464365009693,0.2897196261682243,3.1236535848335283,50.19693198795973,33.26140493239207,24.411192886249435
interrupted,changed,107,21,0.13175185081124755,0.19626168224299065,-3.9133500219547,39.53837536604332,33.26140493239207,24.411192886249435
interrupted,retention_unidentifiable,107,0,0.0,0.0,,,33.26140493239207,24.411192886249435
aging33plus,absent,85,46,0.47094610340488496,0.5411764705882353,0.0,0.0,27.29261874726264,13.450354805936064
aging33plus,retained_high_usage,85,15,0.1886832469645672,0.17647058823529413,-7.1147984103425586,12.617565853572833,27.29261874726264,13.450354805936064
aging33plus,retained_reduced,85,20,0.2569439317314479,0.23529411764705882,0.11232368564043042,44.67684454654074,27.29261874726264,13.450354805936064
aging33plus,changed,85,4,0.08342671789909994,0.047058823529411764,-1.9713981386754753,15.119944942539508,27.29261874726264,13.450354805936064
aging33plus,retention_unidentifiable,85,0,0.0,0.0,,,27.29261874726264,13.450354805936064
uncertain_role,absent,87,48,0.5735519181451543,0.5517241379310345,0.0,0.0,22.39739556276153,16.90517530561703
uncertain_role,retained_high_usage,87,4,0.05029096899369347,0.04597701149425287,-5.374105039687173,8.984651796212923,22.39739556276153,16.90517530561703
uncertain_role,retained_reduced,87,22,0.19366469611889978,0.25287356321839083,-1.693915527058543,45.16319770657157,22.39739556276153,16.90517530561703
uncertain_role,changed,87,13,0.18249241674225244,0.14942528735632185,-10.591332397266338,33.94009960455808,22.39739556276153,16.90517530561703
uncertain_role,retention_unidentifiable,87,0,0.0,0.0,,,22.39739556276153,16.90517530561703
