family,cohort,model,state,n,state_n,predicted,observed,fixed_within_state_bias
H,H,repaired,absent,1487,429,0.2886672258357667,0.2885003362474781,0.0
H,H,repaired,retained_high_usage,1487,283,0.20000043848522364,0.19031607262945527,2.1571625301012762
H,H,repaired,retained_reduced,1487,416,0.2847642220090929,0.2797579018157364,17.38526777664693
H,H,repaired,changed,1487,359,0.22656811366991672,0.2414256893073302,2.486388191472964
H,H,repaired,retention_unidentifiable,1487,0,0.0,0.0,
H,H,calibrated,absent,1487,429,0.278325680519845,0.2885003362474781,0.0
H,H,calibrated,retained_high_usage,1487,283,0.19014264444835516,0.19031607262945527,2.1571625301012762
H,H,calibrated,retained_reduced,1487,416,0.27405688970864645,0.2797579018157364,17.38526777664693
H,H,calibrated,changed,1487,359,0.2574747853231534,0.2414256893073302,2.486388191472964
H,H,calibrated,retention_unidentifiable,1487,0,0.0,0.0,
H,aging33plus,repaired,absent,286,168,0.5902088298091913,0.5874125874125874,0.0
H,aging33plus,repaired,retained_high_usage,286,17,0.10205554930724987,0.05944055944055944,4.814157654899073
H,aging33plus,repaired,retained_reduced,286,62,0.16805378801590926,0.21678321678321677,30.274357387366514
H,aging33plus,repaired,changed,286,39,0.13968183286764957,0.13636363636363635,17.645951605282335
H,aging33plus,repaired,retention_unidentifiable,286,0,0.0,0.0,
H,aging33plus,calibrated,absent,286,168,0.5563352938529788,0.5874125874125874,0.0
H,aging33plus,calibrated,retained_high_usage,286,17,0.10017208199106696,0.05944055944055944,4.814157654899073
H,aging33plus,calibrated,retained_reduced,286,62,0.1767651153847144,0.21678321678321677,30.274357387366514
H,aging33plus,calibrated,changed,286,39,0.1667275087712398,0.13636363636363635,17.645951605282335
H,aging33plus,calibrated,retention_unidentifiable,286,0,0.0,0.0,
H,all,repaired,absent,1487,429,0.2886672258357667,0.2885003362474781,0.0
H,all,repaired,retained_high_usage,1487,283,0.20000043848522364,0.19031607262945527,2.1571625301012762
H,all,repaired,retained_reduced,1487,416,0.2847642220090929,0.2797579018157364,17.38526777664693
H,all,repaired,changed,1487,359,0.22656811366991672,0.2414256893073302,2.486388191472964
H,all,repaired,retention_unidentifiable,1487,0,0.0,0.0,
H,all,calibrated,absent,1487,429,0.278325680519845,0.2885003362474781,0.0
H,all,calibrated,retained_high_usage,1487,283,0.19014264444835516,0.19031607262945527,2.1571625301012762
H,all,calibrated,retained_reduced,1487,416,0.27405688970864645,0.2797579018157364,17.38526777664693
H,all,calibrated,changed,1487,359,0.2574747853231534,0.2414256893073302,2.486388191472964
H,all,calibrated,retention_unidentifiable,1487,0,0.0,0.0,
H,bench,repaired,absent,162,50,0.37906904982336875,0.30864197530864196,0.0
H,bench,repaired,retained_high_usage,162,22,0.0947236367448842,0.13580246913580246,-4.562173020917727
H,bench,repaired,retained_reduced,162,53,0.3193144072569038,0.3271604938271605,5.104914620391158
H,bench,repaired,changed,162,37,0.2068929061748432,0.22839506172839505,-31.784205658291135
H,bench,repaired,retention_unidentifiable,162,0,0.0,0.0,
H,bench,calibrated,absent,162,50,0.38599539529546784,0.30864197530864196,0.0
H,bench,calibrated,retained_high_usage,162,22,0.10076527996490403,0.13580246913580246,-4.562173020917727
H,bench,calibrated,retained_reduced,162,53,0.2671668174736904,0.3271604938271605,5.104914620391158
H,bench,calibrated,changed,162,37,0.2460725072659378,0.22839506172839505,-31.784205658291135
H,bench,calibrated,retention_unidentifiable,162,0,0.0,0.0,
H,established,repaired,absent,357,14,0.029958781365079533,0.0392156862745098,0.0
H,established,repaired,retained_high_usage,357,137,0.37952258252449894,0.38375350140056025,-1.7649241764466768
H,established,repaired,retained_reduced,357,140,0.3674763515154967,0.39215686274509803,29.43934325040452
H,established,repaired,changed,357,66,0.22304228459492484,0.18487394957983194,-14.880479311755233
H,established,repaired,retention_unidentifiable,357,0,0.0,0.0,
H,established,calibrated,absent,357,14,0.03140991670361744,0.0392156862745098,0.0
H,established,calibrated,retained_high_usage,357,137,0.3519820184006551,0.38375350140056025,-1.7649241764466768
H,established,calibrated,retained_reduced,357,140,0.3483879351352784,0.39215686274509803,29.43934325040452
H,established,calibrated,changed,357,66,0.268220129760449,0.18487394957983194,-14.880479311755233
H,established,calibrated,retention_unidentifiable,357,0,0.0,0.0,
H,everyday,repaired,absent,479,33,0.0663338036991147,0.06889352818371608,0.0
H,everyday,repaired,retained_high_usage,479,174,0.35956412128047016,0.36325678496868474,-4.791760258712203
H,everyday,repaired,retained_reduced,479,184,0.35946923626818866,0.38413361169102295,32.712864762698565
H,everyday,repaired,changed,479,88,0.2146328387522264,0.1837160751565762,-7.281896589520633
H,everyday,repaired,retention_unidentifiable,479,0,0.0,0.0,
H,everyday,calibrated,absent,479,33,0.06678163766798058,0.06889352818371608,0.0
H,everyday,calibrated,retained_high_usage,479,174,0.33324748817911987,0.36325678496868474,-4.791760258712203
H,everyday,calibrated,retained_reduced,479,184,0.338435839888599,0.38413361169102295,32.712864762698565
H,everyday,calibrated,changed,479,88,0.2615350342643005,0.1837160751565762,-7.281896589520633
H,everyday,calibrated,retention_unidentifiable,479,0,0.0,0.0,
H,interrupted,repaired,absent,222,79,0.3473577442116463,0.35585585585585583,0.0
H,interrupted,repaired,retained_high_usage,222,28,0.18668067480984726,0.12612612612612611,17.132130429285642
H,interrupted,repaired,retained_reduced,222,56,0.24843946816275153,0.25225225225225223,41.81905919865567
H,interrupted,repaired,changed,222,59,0.21752211281575495,0.26576576576576577,8.585515445932213
H,interrupted,repaired,retention_unidentifiable,222,0,0.0,0.0,
H,interrupted,calibrated,absent,222,79,0.32386748248355585,0.35585585585585583,0.0
H,interrupted,calibrated,retained_high_usage,222,28,0.16578352265717072,0.12612612612612611,17.132130429285642
H,interrupted,calibrated,retained_reduced,222,56,0.24942270761898838,0.25225225225225223,41.81905919865567
H,interrupted,calibrated,changed,222,59,0.26092628724028505,0.26576576576576577,8.585515445932213
H,interrupted,calibrated,retention_unidentifiable,222,0,0.0,0.0,
H,platoon,repaired,absent,260,36,0.1677827876050767,0.13846153846153847,0.0
H,platoon,repaired,retained_high_usage,260,55,0.20408493078281587,0.21153846153846154,21.236305708841645
H,platoon,repaired,retained_reduced,260,65,0.28016108340556845,0.25,-3.276970695289981
H,platoon,repaired,changed,260,104,0.34797119820653893,0.4,-14.11971800116276
H,platoon,repaired,retention_unidentifiable,260,0,0.0,0.0,
H,platoon,calibrated,absent,260,36,0.17627923519125097,0.13846153846153847,0.0
H,platoon,calibrated,retained_high_usage,260,55,0.18104176862717886,0.21153846153846154,21.236305708841645
H,platoon,calibrated,retained_reduced,260,65,0.287726049119287,0.25,-3.276970695289981
H,platoon,calibrated,changed,260,104,0.35495294706228314,0.4,-14.11971800116276
H,platoon,calibrated,retention_unidentifiable,260,0,0.0,0.0,
H,uncertain,repaired,absent,586,310,0.4990470341249207,0.5290102389078498,0.0
H,uncertain,repaired,retained_high_usage,586,32,0.09686369757334297,0.05460750853242321,11.769196047140124
H,uncertain,repaired,retained_reduced,586,114,0.21619081620135247,0.1945392491467577,10.136376307558832
H,uncertain,repaired,changed,586,130,0.18789845210038392,0.22184300341296928,32.13758878534083
H,uncertain,repaired,retention_unidentifiable,586,0,0.0,0.0,
H,uncertain,calibrated,absent,586,310,0.46675431280282564,0.5290102389078498,0.0
H,uncertain,calibrated,retained_high_usage,586,32,0.1019142154599398,0.05460750853242321,11.769196047140124
H,uncertain,calibrated,retained_reduced,586,114,0.21727308957059033,0.1945392491467577,10.136376307558832
H,uncertain,calibrated,changed,586,130,0.21405838216664425,0.22184300341296928,32.13758878534083
H,uncertain,calibrated,retention_unidentifiable,586,0,0.0,0.0,
H,uncertain_role,repaired,absent,823,366,0.44226159632344203,0.44471445929526127,0.0
H,uncertain_role,repaired,retained_high_usage,823,65,0.1038721940513943,0.07897934386391252,7.0327111296117675
H,uncertain_role,repaired,retained_reduced,823,184,0.2399682660225276,0.2235722964763062,13.876720571317112
H,uncertain_role,repaired,changed,823,208,0.21389794360263603,0.25273390036452004,15.120183370674026
H,uncertain_role,repaired,retention_unidentifiable,823,0,0.0,0.0,
H,uncertain_role,calibrated,absent,823,366,0.42199431981206675,0.44471445929526127,0.0
H,uncertain_role,calibrated,retained_high_usage,823,65,0.10859811989141743,0.07897934386391252,7.0327111296117675
H,uncertain_role,calibrated,retained_reduced,823,184,0.2334970205768521,0.2235722964763062,13.876720571317112
H,uncertain_role,calibrated,changed,823,208,0.23591053971966372,0.25273390036452004,15.120183370674026
H,uncertain_role,calibrated,retention_unidentifiable,823,0,0.0,0.0,
H,unstable,repaired,absent,653,310,0.4779001789726461,0.47473200612557426,0.0
H,unstable,repaired,retained_high_usage,653,51,0.08584727815843664,0.0781010719754977,2.6882699923057527
H,unstable,repaired,retained_reduced,653,143,0.2320365098920725,0.21898928024502298,13.608782161782301
H,unstable,repaired,changed,653,149,0.2042160329768447,0.22817764165390506,22.125073432041308
H,unstable,repaired,retention_unidentifiable,653,0,0.0,0.0,
H,unstable,calibrated,absent,653,310,0.4603025732084851,0.47473200612557426,0.0
H,unstable,calibrated,retained_high_usage,653,51,0.0968044376195315,0.0781010719754977,2.6882699923057527
H,unstable,calibrated,retained_reduced,653,143,0.22402473710192425,0.21898928024502298,13.608782161782301
H,unstable,calibrated,changed,653,149,0.2188682520700591,0.22817764165390506,22.125073432041308
H,unstable,calibrated,retention_unidentifiable,653,0,0.0,0.0,
H,young,repaired,absent,255,26,0.11517899524050336,0.10196078431372549,0.0
H,young,repaired,retained_high_usage,255,67,0.252587088709946,0.2627450980392157,3.514480396481558
H,young,repaired,retained_reduced,255,77,0.3356154421366063,0.30196078431372547,-15.287789925079153
H,young,repaired,changed,255,85,0.2966184739129443,0.3333333333333333,-22.687721851406074
H,young,repaired,retention_unidentifiable,255,0,0.0,0.0,
H,young,calibrated,absent,255,26,0.11835602060128614,0.10196078431372549,0.0
H,young,calibrated,retained_high_usage,255,67,0.22379330168715394,0.2627450980392157,3.514480396481558
H,young,calibrated,retained_reduced,255,77,0.31956120680192523,0.30196078431372547,-15.287789925079153
H,young,calibrated,changed,255,85,0.3382894709096346,0.3333333333333333,-22.687721851406074
H,young,calibrated,retention_unidentifiable,255,0,0.0,0.0,
P,RP,repaired,absent,1909,969,0.536406279778768,0.5075955997904662,0.0
P,RP,repaired,retained_high_usage,1909,204,0.09501906198092067,0.106862231534835,-0.4293617621690556
P,RP,repaired,retained_reduced,1909,618,0.3130585132196636,0.3237297014143531,0.7036313282820746
P,RP,repaired,changed,1909,118,0.055516145020647695,0.061812467260345734,4.870808881359221
P,RP,repaired,retention_unidentifiable,1909,0,0.0,0.0,
P,RP,calibrated,absent,1909,969,0.536406279778768,0.5075955997904662,0.0
P,RP,calibrated,retained_high_usage,1909,204,0.09501906198092067,0.106862231534835,-0.4293617621690556
P,RP,calibrated,retained_reduced,1909,618,0.3130585132196636,0.3237297014143531,0.7036313282820746
P,RP,calibrated,changed,1909,118,0.055516145020647695,0.061812467260345734,4.870808881359221
P,RP,calibrated,retention_unidentifiable,1909,0,0.0,0.0,
P,SP,repaired,absent,608,164,0.289421281135709,0.26973684210526316,0.0
P,SP,repaired,retained_high_usage,608,81,0.14391588670087674,0.13322368421052633,-2.2250330895358803
P,SP,repaired,retained_reduced,608,197,0.3275108823997419,0.32401315789473684,6.941497294798419
P,SP,repaired,changed,608,166,0.23915194976367238,0.2730263157894737,-2.369906077274333
P,SP,repaired,retention_unidentifiable,608,0,0.0,0.0,
P,SP,calibrated,absent,608,164,0.29305167203433496,0.26973684210526316,0.0
P,SP,calibrated,retained_high_usage,608,81,0.1572845846859056,0.13322368421052633,-2.2250330895358803
P,SP,calibrated,retained_reduced,608,197,0.291080757807795,0.32401315789473684,6.941497294798419
P,SP,calibrated,changed,608,166,0.2585829854719644,0.2730263157894737,-2.369906077274333
P,SP,calibrated,retention_unidentifiable,608,0,0.0,0.0,
P,aging33plus,repaired,absent,437,285,0.6689418269723897,0.6521739130434783,0.0
P,aging33plus,repaired,retained_high_usage,437,46,0.09866542070953532,0.10526315789473684,-3.620710669954872
P,aging33plus,repaired,retained_reduced,437,95,0.19451154965658432,0.21739130434782608,1.6391445854817037
P,aging33plus,repaired,changed,437,11,0.03788120266149064,0.02517162471395881,0.26205113567154664
P,aging33plus,repaired,retention_unidentifiable,437,0,0.0,0.0,
P,aging33plus,calibrated,absent,437,285,0.6657646105646328,0.6521739130434783,0.0
P,aging33plus,calibrated,retained_high_usage,437,46,0.10038901670882198,0.10526315789473684,-3.620710669954872
P,aging33plus,calibrated,retained_reduced,437,95,0.18701182219679652,0.21739130434782608,1.6391445854817037
P,aging33plus,calibrated,changed,437,11,0.04683455052974872,0.02517162471395881,0.26205113567154664
P,aging33plus,calibrated,retention_unidentifiable,437,0,0.0,0.0,
P,all,repaired,absent,2517,1133,0.47674522329288005,0.45013905442987684,0.0
P,all,repaired,retained_high_usage,2517,285,0.10683045229865341,0.11323003575685339,-0.9397104552101532
P,all,repaired,retained_reduced,2517,815,0.3165495900815975,0.32379817242749304,2.2114345128265156
P,all,repaired,changed,2517,284,0.099874734326869,0.11283273738577672,0.6385599970874949
P,all,repaired,retention_unidentifiable,2517,0,0.0,0.0,
P,all,calibrated,absent,2517,1133,0.47762217111424066,0.45013905442987684,0.0
P,all,calibrated,retained_high_usage,2517,285,0.11005976035383716,0.11323003575685339,-0.9397104552101532
P,all,calibrated,retained_reduced,2517,815,0.307749623553229,0.32379817242749304,2.2114345128265156
P,all,calibrated,changed,2517,284,0.1045684449786932,0.11283273738577672,0.6385599970874949
P,all,calibrated,retention_unidentifiable,2517,0,0.0,0.0,
P,demonstrated_reliever,repaired,absent,1767,911,0.5478232929597575,0.5155631013016412,0.0
P,demonstrated_reliever,repaired,retained_high_usage,1767,201,0.10016026580752306,0.11375212224108659,-0.5727519765984773
P,demonstrated_reliever,repaired,retained_reduced,1767,599,0.32157214992035227,0.3389926428975665,0.0488359561634432
P,demonstrated_reliever,repaired,changed,1767,56,0.030444291312367283,0.03169213355970572,19.402930914603523
P,demonstrated_reliever,repaired,retention_unidentifiable,1767,0,0.0,0.0,
P,demonstrated_reliever,calibrated,absent,1767,911,0.5478232929597575,0.5155631013016412,0.0
P,demonstrated_reliever,calibrated,retained_high_usage,1767,201,0.10016026580752306,0.11375212224108659,-0.5727519765984773
P,demonstrated_reliever,calibrated,retained_reduced,1767,599,0.32157214992035227,0.3389926428975665,0.0488359561634432
P,demonstrated_reliever,calibrated,changed,1767,56,0.030444291312367283,0.03169213355970572,19.402930914603523
P,demonstrated_reliever,calibrated,retention_unidentifiable,1767,0,0.0,0.0,
P,demonstrated_starter,repaired,absent,481,126,0.2791183663379263,0.26195426195426197,0.0
P,demonstrated_starter,repaired,retained_high_usage,481,80,0.1744104582622774,0.16632016632016633,-1.5682606629853635
P,demonstrated_starter,repaired,retained_reduced,481,171,0.3610595899335768,0.35550935550935553,7.340996693913346
P,demonstrated_starter,repaired,changed,481,104,0.18541158546621953,0.21621621621621623,-5.547115258329129
P,demonstrated_starter,repaired,retention_unidentifiable,481,0,0.0,0.0,
P,demonstrated_starter,calibrated,absent,481,126,0.28370730119523313,0.26195426195426197,0.0
P,demonstrated_starter,calibrated,retained_high_usage,481,80,0.1913089372121684,0.16632016632016633,-1.5682606629853635
P,demonstrated_starter,calibrated,retained_reduced,481,171,0.3150107006364798,0.35550935550935553,7.340996693913346
P,demonstrated_starter,calibrated,changed,481,104,0.20997306095611873,0.21621621621621623,-5.547115258329129
P,demonstrated_starter,calibrated,retention_unidentifiable,481,0,0.0,0.0,
P,demonstrated_swingman,repaired,absent,269,96,0.36322689278715703,0.35687732342007433,0.0
P,demonstrated_swingman,repaired,retained_high_usage,269,4,0.02980530977569494,0.01486988847583643,-6.808369849942654
P,demonstrated_swingman,repaired,retained_reduced,269,45,0.20396902069913803,0.16728624535315986,11.505687901167246
P,demonstrated_swingman,repaired,changed,269,124,0.40299877673801004,0.46096654275092935,-2.6476863320864448
P,demonstrated_swingman,repaired,retention_unidentifiable,269,0,0.0,0.0,
P,demonstrated_swingman,calibrated,absent,269,96,0.36322689278715703,0.35687732342007433,0.0
P,demonstrated_swingman,calibrated,retained_high_usage,269,4,0.02980530977569494,0.01486988847583643,-6.808369849942654
P,demonstrated_swingman,calibrated,retained_reduced,269,45,0.20396902069913803,0.16728624535315986,11.505687901167246
P,demonstrated_swingman,calibrated,changed,269,124,0.40299877673801004,0.46096654275092935,-2.6476863320864448
P,demonstrated_swingman,calibrated,retention_unidentifiable,269,0,0.0,0.0,
P,established,repaired,absent,520,42,0.10239992697460486,0.08076923076923077,0.0
P,established,repaired,retained_high_usage,520,179,0.33349969318272116,0.34423076923076923,-1.4064345911504277
P,established,repaired,retained_reduced,520,238,0.4688895700828831,0.4576923076923077,4.245779217637211
P,established,repaired,changed,520,61,0.09521080975979096,0.11730769230769231,-5.021048536755162
P,established,repaired,retention_unidentifiable,520,0,0.0,0.0,
P,established,calibrated,absent,520,42,0.09855214577974741,0.08076923076923077,0.0
P,established,calibrated,retained_high_usage,520,179,0.33982154820117466,0.34423076923076923,-1.4064345911504277
P,established,calibrated,retained_reduced,520,238,0.4569312362448176,0.4576923076923077,4.245779217637211
P,established,calibrated,changed,520,61,0.10469506977426041,0.11730769230769231,-5.021048536755162
P,established,calibrated,retention_unidentifiable,520,0,0.0,0.0,
P,interrupted,repaired,absent,167,68,0.41788848249222504,0.40718562874251496,0.0
P,interrupted,repaired,retained_high_usage,167,16,0.08346966678267888,0.09580838323353294,0.45655297929275696
P,interrupted,repaired,retained_reduced,167,43,0.3227207843002455,0.25748502994011974,5.520144023310087
P,interrupted,repaired,changed,167,40,0.1759210664248506,0.23952095808383234,-2.3469233410947323
P,interrupted,repaired,retention_unidentifiable,167,0,0.0,0.0,
P,interrupted,calibrated,absent,167,68,0.41349755241059694,0.40718562874251496,0.0
P,interrupted,calibrated,retained_high_usage,167,16,0.09944306749302154,0.09580838323353294,0.45655297929275696
P,interrupted,calibrated,retained_reduced,167,43,0.2624575053495185,0.25748502994011974,5.520144023310087
P,interrupted,calibrated,changed,167,40,0.22460187474686302,0.23952095808383234,-2.3469233410947323
P,interrupted,calibrated,retention_unidentifiable,167,0,0.0,0.0,
P,reliever,repaired,absent,1767,911,0.5478232929597575,0.5155631013016412,0.0
P,reliever,repaired,retained_high_usage,1767,201,0.10016026580752306,0.11375212224108659,-0.5727519765984773
P,reliever,repaired,retained_reduced,1767,599,0.32157214992035227,0.3389926428975665,0.0488359561634432
P,reliever,repaired,changed,1767,56,0.030444291312367283,0.03169213355970572,19.402930914603523
P,reliever,repaired,retention_unidentifiable,1767,0,0.0,0.0,
P,reliever,calibrated,absent,1767,911,0.5478232929597575,0.5155631013016412,0.0
P,reliever,calibrated,retained_high_usage,1767,201,0.10016026580752306,0.11375212224108659,-0.5727519765984773
P,reliever,calibrated,retained_reduced,1767,599,0.32157214992035227,0.3389926428975665,0.0488359561634432
P,reliever,calibrated,changed,1767,56,0.030444291312367283,0.03169213355970572,19.402930914603523
P,reliever,calibrated,retention_unidentifiable,1767,0,0.0,0.0,
P,starter,repaired,absent,481,126,0.2791183663379263,0.26195426195426197,0.0
P,starter,repaired,retained_high_usage,481,80,0.1744104582622774,0.16632016632016633,-1.5682606629853635
P,starter,repaired,retained_reduced,481,171,0.3610595899335768,0.35550935550935553,7.340996693913346
P,starter,repaired,changed,481,104,0.18541158546621953,0.21621621621621623,-5.547115258329129
P,starter,repaired,retention_unidentifiable,481,0,0.0,0.0,
P,starter,calibrated,absent,481,126,0.28370730119523313,0.26195426195426197,0.0
P,starter,calibrated,retained_high_usage,481,80,0.1913089372121684,0.16632016632016633,-1.5682606629853635
P,starter,calibrated,retained_reduced,481,171,0.3150107006364798,0.35550935550935553,7.340996693913346
P,starter,calibrated,changed,481,104,0.20997306095611873,0.21621621621621623,-5.547115258329129
P,starter,calibrated,retention_unidentifiable,481,0,0.0,0.0,
P,swingman,repaired,absent,269,96,0.36322689278715703,0.35687732342007433,0.0
P,swingman,repaired,retained_high_usage,269,4,0.02980530977569494,0.01486988847583643,-6.808369849942654
P,swingman,repaired,retained_reduced,269,45,0.20396902069913803,0.16728624535315986,11.505687901167246
P,swingman,repaired,changed,269,124,0.40299877673801004,0.46096654275092935,-2.6476863320864448
P,swingman,repaired,retention_unidentifiable,269,0,0.0,0.0,
P,swingman,calibrated,absent,269,96,0.36322689278715703,0.35687732342007433,0.0
P,swingman,calibrated,retained_high_usage,269,4,0.02980530977569494,0.01486988847583643,-6.808369849942654
P,swingman,calibrated,retained_reduced,269,45,0.20396902069913803,0.16728624535315986,11.505687901167246
P,swingman,calibrated,changed,269,124,0.40299877673801004,0.46096654275092935,-2.6476863320864448
P,swingman,calibrated,retention_unidentifiable,269,0,0.0,0.0,
P,uncertain_role,repaired,absent,1362,905,0.6922834259091225,0.6644640234948604,0.0
P,uncertain_role,repaired,retained_high_usage,1362,55,0.032674247180124814,0.04038179148311307,-2.065582708751853
P,uncertain_role,repaired,retained_reduced,1362,322,0.2158386931877149,0.23641703377386197,2.4233963469546156
P,uncertain_role,repaired,changed,1362,80,0.0592036337230378,0.05873715124816446,0.6012846953482155
P,uncertain_role,repaired,retention_unidentifiable,1362,0,0.0,0.0,
P,uncertain_role,calibrated,absent,1362,905,0.6932413644714802,0.6644640234948604,0.0
P,uncertain_role,calibrated,retained_high_usage,1362,55,0.03287082644464674,0.04038179148311307,-2.065582708751853
P,uncertain_role,calibrated,retained_reduced,1362,322,0.21474232397623533,0.23641703377386197,2.4233963469546156
P,uncertain_role,calibrated,changed,1362,80,0.059145485107637674,0.05873715124816446,0.6012846953482155
P,uncertain_role,calibrated,retention_unidentifiable,1362,0,0.0,0.0,
P,unstable,repaired,absent,1362,905,0.6922834259091225,0.6644640234948604,0.0
P,unstable,repaired,retained_high_usage,1362,55,0.032674247180124814,0.04038179148311307,-2.065582708751853
P,unstable,repaired,retained_reduced,1362,322,0.2158386931877149,0.23641703377386197,2.4233963469546156
P,unstable,repaired,changed,1362,80,0.0592036337230378,0.05873715124816446,0.6012846953482155
P,unstable,repaired,retention_unidentifiable,1362,0,0.0,0.0,
P,unstable,calibrated,absent,1362,905,0.6932413644714802,0.6644640234948604,0.0
P,unstable,calibrated,retained_high_usage,1362,55,0.03287082644464674,0.04038179148311307,-2.065582708751853
P,unstable,calibrated,retained_reduced,1362,322,0.21474232397623533,0.23641703377386197,2.4233963469546156
P,unstable,calibrated,changed,1362,80,0.059145485107637674,0.05873715124816446,0.6012846953482155
P,unstable,calibrated,retention_unidentifiable,1362,0,0.0,0.0,
P,young,repaired,absent,468,118,0.28641530413879956,0.25213675213675213,0.0
P,young,repaired,retained_high_usage,468,35,0.07912531830909883,0.07478632478632478,2.5781860969628774
P,young,repaired,retained_reduced,468,212,0.4381753647275066,0.452991452991453,-1.0654535026687046
P,young,repaired,changed,468,103,0.19628401282459498,0.22008547008547008,5.178729688648986
P,young,repaired,retention_unidentifiable,468,0,0.0,0.0,
P,young,calibrated,absent,468,118,0.29418602398792587,0.25213675213675213,0.0
P,young,calibrated,retained_high_usage,468,35,0.08319690995096987,0.07478632478632478,2.5781860969628774
P,young,calibrated,retained_reduced,468,212,0.4288292969811326,0.452991452991453,-1.0654535026687046
P,young,calibrated,changed,468,103,0.1937877690799717,0.22008547008547008,5.178729688648986
P,young,calibrated,retention_unidentifiable,468,0,0.0,0.0,
