name,mlbam_id,target_year,publication_date,own_input_cutoff,forecast_type,horizon,information_dates_identical,source_url,public_forecast,actual,production,prior_joint,new_selected,fit_partition,not_population_sample
Starlin Castro,516770,2017,2017-01-03,2016-12-31,ZiPS conditional talent total; not roster allocation,next full MLB regular season,False,https://blogs.fangraphs.com/2017-zips-projections-new-york-yankees/,624,473.0,540.8128075618482,569.8671136051892,572.2911974967775,0,True
Jacoby Ellsbury,453056,2017,2017-01-03,2016-12-31,ZiPS conditional talent total; not roster allocation,next full MLB regular season,False,https://blogs.fangraphs.com/2017-zips-projections-new-york-yankees/,561,409.0,459.50006510146125,445.91490439040933,537.5903827255748,1,True
Brett Gardner,458731,2017,2017-01-03,2016-12-31,ZiPS conditional talent total; not roster allocation,next full MLB regular season,False,https://blogs.fangraphs.com/2017-zips-projections-new-york-yankees/,587,682.0,483.62171895560635,603.2101064462313,598.2754922894507,1,True
Chase Headley,452104,2017,2017-01-03,2016-12-31,ZiPS conditional talent total; not roster allocation,next full MLB regular season,False,https://blogs.fangraphs.com/2017-zips-projections-new-york-yankees/,531,586.0,474.3384321411073,403.5555310524008,476.5844196352424,4,True
Didi Gregorius,544369,2017,2017-01-03,2016-12-31,ZiPS conditional talent total; not roster allocation,next full MLB regular season,False,https://blogs.fangraphs.com/2017-zips-projections-new-york-yankees/,586,570.0,476.594138349086,518.648584998546,514.3853696139887,4,True
Gary Sanchez,596142,2017,2017-01-03,2016-12-31,ZiPS conditional talent total; not roster allocation,next full MLB regular season,False,https://blogs.fangraphs.com/2017-zips-projections-new-york-yankees/,499,525.0,193.97135279672582,237.66328173724307,245.31909933356673,2,True
Aaron Judge,592450,2018,2018-01-05,2017-12-31,ZiPS conditional talent total; not roster allocation,next full MLB regular season,False,https://blogs.fangraphs.com/2018-zips-projections-new-york-yankees/,621,498.0,402.30025296496547,539.6021962693152,587.2964434274512,0,True
Giancarlo Stanton,519317,2018,2018-01-05,2017-12-31,ZiPS conditional talent total; not roster allocation,next full MLB regular season,False,https://blogs.fangraphs.com/2018-zips-projections-new-york-yankees/,593,705.0,497.71947281188704,551.3723100357957,568.8893498816535,2,True
Todd Frazier,453943,2018,2018-01-05,2017-12-31,ZiPS conditional talent total; not roster allocation,next full MLB regular season,False,https://blogs.fangraphs.com/2018-zips-projections-new-york-yankees/,583,472.0,516.6377670285189,491.456058981813,567.2302310109335,3,True
Gary Sanchez,596142,2018,2018-01-05,2017-12-31,ZiPS conditional talent total; not roster allocation,next full MLB regular season,False,https://blogs.fangraphs.com/2018-zips-projections-new-york-yankees/,532,374.0,333.442257005671,460.7262122761307,480.8662507182947,2,True
Brett Gardner,458731,2018,2018-01-05,2017-12-31,ZiPS conditional talent total; not roster allocation,next full MLB regular season,False,https://blogs.fangraphs.com/2018-zips-projections-new-york-yankees/,608,609.0,473.99038918531045,493.3005827713864,573.8892584831182,1,True
Didi Gregorius,544369,2018,2018-01-05,2017-12-31,ZiPS conditional talent total; not roster allocation,next full MLB regular season,False,https://blogs.fangraphs.com/2018-zips-projections-new-york-yankees/,593,569.0,496.40707761406543,452.81585388403244,481.28305041693983,4,True
Aaron Hicks,543305,2018,2018-01-05,2017-12-31,ZiPS conditional talent total; not roster allocation,next full MLB regular season,False,https://blogs.fangraphs.com/2018-zips-projections-new-york-yankees/,423,581.0,332.3668560510108,318.35754476633866,352.9330763413293,0,True
Jacoby Ellsbury,453056,2018,2018-01-05,2017-12-31,ZiPS conditional talent total; not roster allocation,next full MLB regular season,False,https://blogs.fangraphs.com/2018-zips-projections-new-york-yankees/,473,0,403.1834709320495,241.99536307803427,249.25911159894815,1,True
Paul Skenes,694973,2025,2025-01-22,2024-12-31,ZiPS conditional talent total; not roster allocation,next full MLB regular season,False,https://blogs.fangraphs.com/2025-zips-projections-pittsburgh-pirates/,155.3,187.66666666666666,123.96053062561414,124.43386348980927,129.31045098458515,3,True
Mitch Keller,656605,2025,2025-01-22,2024-12-31,ZiPS conditional talent total; not roster allocation,next full MLB regular season,False,https://blogs.fangraphs.com/2025-zips-projections-pittsburgh-pirates/,168,176.33333333333334,140.36221361397392,144.73791122156604,145.14888859673218,0,True
Jared Jones,683003,2025,2025-01-22,2024-12-31,ZiPS conditional talent total; not roster allocation,next full MLB regular season,False,https://blogs.fangraphs.com/2025-zips-projections-pittsburgh-pirates/,129.7,0,114.42600105097215,125.70627912184136,127.8098835379581,3,True
Bailey Falter,663559,2025,2025-01-22,2024-12-31,ZiPS conditional talent total; not roster allocation,next full MLB regular season,False,https://blogs.fangraphs.com/2025-zips-projections-pittsburgh-pirates/,125.7,125.33333333333333,96.33876230235956,73.26200713388366,75.20067697437514,4,True
Johan Oviedo,670912,2025,2025-01-22,2024-12-31,ZiPS conditional talent total; not roster allocation,next full MLB regular season,False,https://blogs.fangraphs.com/2025-zips-projections-pittsburgh-pirates/,109.7,40.333333333333336,118.37604903051864,6.905485666710448,7.860605684122577,2,True
