id,name,mlbam_id,role,status,baseline_rank,hybrid_rank,rank_change,baseline_neutral,baseline_contender,baseline_balanced,baseline_rebuild,baseline_AB,baseline_PA,baseline_H,baseline_HR,baseline_R,baseline_RBI,baseline_SB,baseline_BB,baseline_HBP,baseline_SF,baseline_TB,hybrid_neutral,hybrid_contender,hybrid_balanced,hybrid_rebuild,hybrid_AB,hybrid_PA,hybrid_H,hybrid_HR,hybrid_R,hybrid_RBI,hybrid_SB,hybrid_BB,hybrid_HBP,hybrid_SF,hybrid_TB,neutral_delta,hybrid_method,role_evidence_group,absence_probability,verified_injury_status,mixture_constraint_residual,baseline_IP,baseline_K,baseline_ER,baseline_SV,baseline_HLD,baseline_QA3,hybrid_IP,hybrid_K,hybrid_ER,hybrid_SV,hybrid_HLD,hybrid_QA3,hybrid_GS,hybrid_RA
02mwm,Matt Olson,621566,H,supported_MLB,123,117,6,32.88385996179118,38.60266247224066,32.88385996179118,30.315539433616028,527.502764552782,600.5484155182885,132.92179259629182,26.54553114768292,76.75108737785507,78.17423301030155,2.338138988826018,63.39992229096049,3.9974741657046335,4.761027441036654,243.285413906323,33.40749077739536,39.37895221844115,33.40749077739536,30.74495595443263,568.2619027419939,646.9516526239263,143.19240741929323,28.59665399491906,82.681498338371,84.21460773479023,2.518802554128732,68.29871404617221,4.306351413136493,5.128903001947436,262.08361643941174,0.5236308156041787,hybrid_half,demonstrated_everyday,0.009016876971756524,not assessed,0.0,,,,,,,,,,,,,,
01ub6,Jose Ramirez,608070,H,supported_MLB,72,65,7,42.27014558110056,50.82297282918439,42.27014558110056,38.457465640610394,468.86395890737356,529.7791098709511,122.2299378276841,18.500748340782565,73.01827250365315,62.798499652513584,28.33996620672203,51.763322816202646,3.6674850906590057,4.88779389360537,207.14160948681973,43.066995784382925,52.00431400245381,43.066995784382925,39.11094254019029,494.0463940000577,558.2332654833274,128.79484309978363,19.494413742882454,76.94004527584107,66.17137383355038,29.86209079312179,54.54350348958684,3.8644637739089007,5.150314716828747,218.26707570531934,0.7968502032823679,hybrid_half,demonstrated_everyday,0.027333044069021664,not assessed,0.0,,,,,,,,,,,,,,
01cgo,Freddie Freeman,518692,H,supported_MLB,159,143,16,28.625845894024106,35.63778950929173,28.625845894024106,25.576342941194536,476.84132809916247,542.9999444093711,135.35056842987416,16.324017901908423,66.66823220132419,66.13733876609585,7.683487014891038,54.296241724830814,6.210653783340504,5.138561921621756,216.85176779986568,29.14121635158354,36.40183316328566,29.14121635158354,25.998985349207665,497.93825935393085,567.0239369274133,141.3388950894817,17.046242808149252,69.61784044361937,69.06345864518379,8.02342818147623,56.698474944898585,6.485432264552716,5.365907751818505,226.44595892416643,0.5153704575594347,hybrid_half,demonstrated_everyday,0.04302774007013423,not assessed,-1.1368683772161603e-13,,,,,,,,,,,,,,
03ynj,Juan Soto,665742,H,supported_MLB,10,10,0,87.92913544913269,96.92951318310311,87.92913544913269,83.67850684089271,528.1015367508638,640.1656812624801,140.52225139025805,32.525463954321886,93.67359683242742,88.11886762848529,14.973007731887956,104.91339353724887,2.75551098835824,4.101295375678649,263.3148819783182,86.3701884175694,94.61835318371327,86.3701884175694,82.40005341439054,493.3036906886301,597.983666478066,131.26291141128058,30.382285021822078,87.50122433238617,82.3125092342643,13.986401214231348,98.00040453017841,2.5739439211885062,3.8310514259702733,245.9644482239484,-1.5589470315632923,hybrid_half,other_hitter,0.019166498394980087,not assessed,-1.1368683772161603e-13,,,,,,,,,,,,,,
02z0s,Aaron Judge,592450,H,supported_MLB,16,19,-3,71.39504593539526,84.81976467551206,71.39504593539526,65.33877241632001,384.5364530893556,469.40924238138865,111.41691532655064,30.2285381696642,78.07297232554089,73.14681371913568,7.182962988654602,76.81896290212342,4.554875632760198,2.986516895570044,224.93500147087892,65.44066668162445,75.99231712669318,65.44066668162445,60.45573508050825,289.6657679165979,353.5992168470886,83.92875650065963,22.770722129371904,58.81124481312564,55.10044053400118,5.410822493704254,57.86661758808473,3.431122166255308,2.249700133761226,169.44029469487714,-5.95437925377081,hybrid_half,interrupted_everyday,0.1657970698062674,calf injury documented; 2027 availability timetable unknown,-5.684341886080802e-14,,,,,,,,,,,,,,
05wru,Paul Skenes,694973,SP,supported_MLB,5,6,-1,94.90674535679459,101.37559523087042,94.90674535679459,91.82262212562439,,,135.00909256016635,,,,,43.94086358210871,,,,89.71023088493054,93.67169244234584,89.71023088493054,87.56109072146856,,,104.46968161691873,,,,,34.001324957795866,,,,-5.196514471864049,incumbent_strong_quarter,demonstrated_rotation,0.04202873322747742,not assessed,-1.4210854715202004e-14,165.31663391067949,182.9642190295954,56.86804887888769,0.005342540626964054,0.03591745472101012,19.409455184247133,127.92157759991477,141.57723266521347,44.004347025036026,0.0041340439206022945,0.027792832231072356,14.56229584263699,21.648958895741835,0.7405792723391386
04eor,Cade Smith,671922,RP,supported_MLB,84,82,2,39.23292976251089,44.03186955015092,39.23292976251089,37.104849078802964,,,48.071255704583805,,,,,19.799096062920693,,,,39.31842144695229,44.15861212533854,39.31842144695229,37.17495866860856,,,48.512836127663256,,,,,19.980969681321334,,,,0.08549168444140065,incumbent,other_hitter,0.023450345785401644,not assessed,0,61.02604008066736,76.8329784819344,20.042276725630675,15.808142383702176,9.168349764121258,0.029438867731469146,61.58662257851783,77.53876281494635,20.226384190814603,15.437435978579497,8.95334879187111,0.1434692618849576,0.4487760456468009,59.8691292742833
01sb3,Zack Wheeler,554430,SP,supported_MLB,39,49,-10,53.01369209090248,63.89175905368665,53.01369209090248,48.33351620473646,,,113.09374027080392,,,,,39.81231394904846,,,,49.32540862136428,58.42382906721399,49.32540862136428,45.30884728137104,,,92.32882265565354,,,,,32.502453852097425,,,,-3.6882834695381987,incumbent_strong_quarter,demonstrated_rotation,0.02329510426288701,not assessed,0.0,142.42533592391857,162.15387634936357,50.30739667851799,0.004006675638048774,0.020033378190243867,17.28719626568439,116.27490213608338,132.3811243357752,41.07055523211483,0.0032710178612744456,0.016355089306372226,13.696925930575523,20.866790326723915,0.7985062594374281
061yu,Jacob Misiorowski,694819,SP,supported_MLB,7,5,2,93.40712846448892,99.65660546028792,93.40712846448892,90.43278610586479,,,88.01663966385692,,,,,39.61637813057445,,,,92.61842320777478,98.4873392801546,92.61842320777478,89.78598867302624,,,87.20571849836388,,,,,39.25138169752554,,,,-0.7887052567141382,incumbent_strong_quarter,demonstrated_rotation,0.016580174907293962,not assessed,0.0,129.0654038970866,166.21059057244688,39.751853774032746,0.005265829035681654,0.03540172909553595,16.010747162511446,127.87628933701288,164.6792473362242,39.38560916714866,0.005170243492908551,0.03475911546950031,13.997755770681115,21.310376424672206,0.39654716349400526
04ptt,Tarik Skubal,669373,SP,supported_MLB,6,7,-1,94.82778322180556,105.85465352072904,94.82778322180556,89.78803282377787,,,129.74571916980318,,,,,32.83750162166161,,,,89.58893232674781,98.08798641383986,89.58893232674781,85.49178237901191,,,103.65310401101344,,,,,26.233689965503597,,,,-5.238850895057752,incumbent_strong_quarter,demonstrated_rotation,0.06144276935394837,not assessed,0.0,160.4238350890381,181.423708769202,51.33334644934409,0.007009253989277155,0.03504626994638577,18.24381821586366,128.16167323846327,144.9383507636727,41.00991333504913,0.0055996524389318545,0.02799826219465927,15.034625957953404,21.290859897985538,1.3172626365043603
05y7s,Nolan McLean,690997,SP,supported_MLB,66,68,-2,42.900822540382514,46.49507543197708,42.900822540382514,41.19931552332413,,,99.47253461655957,,,,,44.273590344563964,,,,42.28915384620634,45.588268343450544,42.28915384620634,40.697701342648955,,,98.79874665121196,,,,,43.97369839477211,,,,-0.6116686941761742,incumbent_strong_quarter,demonstrated_rotation,0.021824143435586384,not assessed,0.0,120.12640244516551,124.68689119529931,44.63343404670919,0.004762953110360397,0.03289411042348443,15.0625582054342,119.312713273576,123.8423110602113,44.33110465670486,0.004643302056042643,0.03206777119615646,13.148343765478069,20.43191312115753,0.5481201561389105
03dbm,Logan Webb,657277,SP,supported_MLB,61,71,-10,44.893181293991105,50.53439630982133,44.893181293991105,42.35174264072759,,,174.6042348683287,,,,,44.667924685170284,,,,41.602231024963345,45.65551815183088,41.602231024963345,39.65291672637462,,,131.58713651884233,,,,,33.66312568531535,,,,-3.2909502690277606,incumbent_strong_quarter,demonstrated_rotation,0.0471473932656525,not assessed,-2.842170943040401e-14,175.8191901748255,158.01753715009502,76.94420938842366,0.006966007344432128,0.03483003672216064,18.67699390405458,132.50276430931862,119.08688955351582,57.987529298840826,0.005249797979495152,0.026248989897475757,13.459835616014406,22.304725053849197,0.9002247320177943
05ajh,Garrett Crochet,676979,SP,supported_MLB,27,41,-14,59.38290891546941,65.71184723918054,59.38290891546941,56.46721161324983,,,112.56405672730034,,,,,33.131315098899776,,,,50.79403005880952,52.97871849829456,50.79403005880952,49.423687117682185,,,50.186367558320676,,,,,14.77150349398039,,,,-8.588878856659889,incumbent_strong_quarter,interrupted_rotation,0.30131149509380434,not assessed,-7.105427357601002e-15,124.62035890841109,148.80740240249648,51.19211291932754,0.0074941128545731785,0.032788952020160196,13.916253918228646,55.56163591881732,66.34536111703025,22.823859318436675,0.003341229102592645,0.014618861879884619,6.0182276723158425,9.726132361310857,1.5580761801622562
