name,mlbam_id,current_role,cohort,age,reference_forecast_year,pipeline_forecast_year,steamer_IP_notation,steamer_IP,steamer_GP,steamer_GS,production_IP,joint_IP,revised_IP,production_gap,revised_gap,conditional_SP_IP,conditional_SP_GS,model_IP_per_start,conditional_workload_difference,absence_contribution,role_transition_contribution,observed_latest_MLB_IP,current_GS,current_GP,source_url,source_asof,retrieved,no_extra_workload_aging_multiplier
Paul Skenes,694973,SP,young_entry,24.08810584748489,2026,2027,194.0,194.0,32,32,165.31663391067949,132.85881839037788,113.10985522852538,-28.683366089320515,-80.89014477147462,118.35508723295278,20.183595225760644,5.863924930574028,-75.64491276704722,-4.974314387428594,-0.2709176169988358,174.33333333333334,32.0,32.0,https://www.fangraphs.com/projections?lg=all&players=0&pos=all&stats=sta&team=27&type=steamer,Unknown revision date; indexed2026 preseason-labelled page,2026-10-09,True
Mitch Keller,656605,SP,stable_rotation,30.237444985181078,2026,2027,179.2,179.66666666666666,31,31,135.4189822046864,82.6601003749365,98.94931005177622,-44.24768446198027,-80.71735661489043,159.79021104889554,29.126408414378798,5.397446040911702,-19.876455617771114,-44.546929353765066,-16.29397164335425,115.66666666666667,22.0,22.0,https://www.fangraphs.com/projections?lg=all&players=0&pos=all&stats=sta&team=27&type=steamer,Unknown revision date; indexed2026 preseason-labelled page,2026-10-09,True
Bubba Chandler,696149,SP,young_entry,23.79241189073013,2026,2027,162.1,162.33333333333334,38,26,105.38955790305066,88.70797058287059,77.47664848997307,-56.943775430282685,-84.85668484336027,82.06764380875862,15.074430847241628,5.348553613565236,-80.26568952457473,-3.7968440514375574,-0.7941512673479797,154.0,30.0,31.0,https://www.fangraphs.com/projections?lg=all&players=0&pos=all&stats=sta&team=27&type=steamer,Unknown revision date; indexed2026 preseason-labelled page,2026-10-09,True
Jared Jones,683003,SP,young_entry,24.898526321553486,2026,2027,107.0,107.0,24,18,111.96664170706183,106.8711552273957,117.73248494819318,4.966641707061825,10.732484948193175,124.3149026782704,22.661786242285427,5.466995563672096,17.3149026782704,-4.977065140966061,-1.605352589111157,101.66666666666667,21.0,21.0,https://www.fangraphs.com/projections?lg=all&players=0&pos=all&stats=sta&team=27&type=steamer,Unknown revision date; indexed2026 preseason-labelled page,2026-10-09,True
Braxton Ashcraft,677952,SP,unstable_rotation,26.735661923242777,2026,2027,145.1,145.33333333333334,45,23,149.44982643547814,147.2785950723073,155.43545941328557,4.116493102144801,10.102126079952228,159.84903993853501,27.157775312663322,5.885940144147207,14.515706605201672,-3.607386933053002,-0.8061935921964339,165.33333333333334,28.0,28.0,https://www.fangraphs.com/projections?lg=all&players=0&pos=all&stats=sta&team=27&type=steamer,Unknown revision date; indexed2026 preseason-labelled page,2026-10-09,True
Carmen Mlodzinski,669387,RP,relief_swing,27.359904720836155,2026,2027,108.2,108.66666666666667,61,11,67.11852948162766,79.64077487265389,79.64077487265389,-41.54813718503901,-29.02589179401278,121.52842247143349,20.021373935022357,5.730977287082883,12.861755804766815,-12.474918239166064,-29.41272935961352,123.0,12.0,37.0,https://www.fangraphs.com/projections?lg=all&players=0&pos=all&stats=sta&team=27&type=steamer,Unknown revision date; indexed2026 preseason-labelled page,2026-10-09,True
Hunter Barco,682995,RP,young_entry,25.5391965611888,2026,2027,94.2,94.66666666666667,41,11,17.170216972685235,24.51096963523763,24.51096963523763,-77.49644969398143,-70.15569703142904,51.60072189329002,9.322467009936664,5.121000322822211,-43.06594477337665,-18.327280329292094,-8.7624719287603,17.666666666666668,0.0,7.0,https://www.fangraphs.com/projections?lg=all&players=0&pos=all&stats=sta&team=27&type=steamer,Unknown revision date; indexed2026 preseason-labelled page,2026-10-09,True
Jacob Misiorowski,694819,SP,young_entry,24.241428639876247,2026,2027,143.0,143.0,32,24,129.0654038970866,124.5032283740379,137.99547222593782,-13.934596102913389,-5.004527774062183,140.55601665181308,23.51690280737274,5.976808162329421,-2.4439833481869186,-2.3304433403595834,-0.2301010855156704,174.66666666666666,30.0,30.0,https://www.fangraphs.com/projections?pos=&sortcol=18&sortdir=desc&statgroup=standard&stats=pit&type=steamer,Unknown revision date; indexed2026 preseason-labelled page,2026-10-09,True
Nolan McLean,690997,SP,young_entry,24.93411911264434,2026,2027,149.0,149.0,26,26,120.12640244516551,117.95831945351436,123.37589473376089,-28.87359755483449,-25.624105266239113,126.58111105849534,21.80685857309756,5.804646764420002,-22.41888894150466,-2.762524323976493,-0.4426920007579601,179.66666666666666,31.0,31.0,https://www.fangraphs.com/projections?pos=&sortcol=18&sortdir=desc&statgroup=standard&stats=pit&type=steamer,Unknown revision date; indexed2026 preseason-labelled page,2026-10-09,True
Zack Wheeler,554430,SP,stable_rotation,36.08561435210853,2026,2027,154.2,154.66666666666666,26,26,142.42533592391857,110.4695618972974,133.69092285244136,-12.24133074274809,-20.975743814225297,136.81924916770697,24.684713248889107,5.516713223561077,-17.847417498959686,-3.1872186745316538,0.05889235926602455,162.0,28.0,28.0,https://www.fangraphs.com/projections?pos=all&stats=pit&type=steamer,Unknown revision date; indexed2026 preseason-labelled page,2026-10-09,True
