name,mlbam_id,anchor,cohort,age,latest_IP,lag1_IP,current_GS,current_GP,combined_debut_capacity,baseline_IP,prior_linear_IP,joint_IP,revised_IP,actual_IP,MAE_change_vs_joint,absence_probability
Framber Valdez,664285,2018,young_entry,24.611046085819694,37.0,0.0,5.0,8.0,140.0,64.53063822049822,71.71619739117753,67.78360061232435,98.39292074630356,70.66666666666667,24.843188025294566,0.17324373907348095
Kris Bubic,663460,2022,young_entry,24.862933530462637,129.0,130.0,27.0,28.0,50.0,97.25883694750009,92.69440727790882,80.91500099114432,104.10409956694822,16.0,23.189098575803897,0.12072044831033392
Trevor Richards,670950,2018,young_entry,25.125772603133534,126.33333333333333,0.0,25.0,25.0,165.66666666666666,125.85762773501425,121.26893502992144,126.47344792116216,105.36652734160774,135.33333333333334,21.106920579554426,0.038140618585276766
Erick Fedde,607200,2018,young_entry,25.342067256685628,50.333333333333336,15.333333333333334,11.0,11.0,105.66666666666666,47.724793078134375,38.94313254979324,54.12289156827812,34.07506980933304,78.0,20.047821758945084,0.15929437875022717
Edward Cabrera,665795,2022,young_entry,24.21404956980636,71.66666666666667,26.333333333333332,14.0,14.0,87.66666666666667,69.99911646427749,90.40064497108122,92.15911425169404,72.4409271805283,99.66666666666667,19.71818707116573,0.07309729763383842
Ian Anderson,666120,2022,young_entry,24.16202933667358,111.66666666666667,128.33333333333334,22.0,22.0,32.333333333333336,108.51260212395896,111.73703798823573,104.82859465542194,122.91252486350956,0,18.083930208087622,0.055345423248143316
Jesús Luzardo,666200,2022,unstable_rotation,24.74794143616912,100.33333333333333,95.33333333333333,18.0,18.0,55.0,93.49409547688904,106.28994836487533,108.45393252099423,91.12793038338975,178.66666666666666,17.326002137604476,0.0816476843188976
Ken Waldichuk,686610,2022,young_entry,24.474150735470268,34.666666666666664,0.0,7.0,7.0,129.66666666666666,65.33997005696953,72.07353550865228,77.69032502399024,65.31957551843028,141.0,12.370749505559957,0.05893173517850414
Xzavion Curry,675540,2022,young_entry,23.926569334072568,9.333333333333334,0.0,2.0,2.0,131.33333333333334,41.23567213244613,8.400237724693056,16.55057062452848,6.329954394318163,95.0,10.220616230210311,0.47031667985642356
Kyle Muller,666205,2022,young_entry,24.7287760871202,12.333333333333334,36.666666666666664,3.0,3.0,116.33333333333334,48.35373780229105,52.62483989951551,36.323228607996754,27.056346737372245,77.0,9.266881870624509,0.277573156634138
Ryan Weathers,677960,2022,young_entry,22.535712574522407,3.6666666666666665,94.66666666666667,1.0,1.0,104.66666666666667,55.96355690942254,24.68295896524571,26.12249927791329,19.700256720248426,57.666666666666664,6.4222425576648625,0.371748085984182
José Buttó,676130,2022,young_entry,24.282497244981073,4.0,0.0,1.0,1.0,133.0,37.920241207224336,15.485029405956858,27.094666663545013,21.09950192050816,42.0,5.995164743036852,0.37436227592954857
Elvin Rodríguez,660730,2022,young_entry,24.249642360897212,29.666666666666668,0.0,5.0,7.0,129.0,53.87575253485424,27.739438211419362,45.785364518130955,50.95939904370452,3.3333333333333335,5.174034525573568,0.17019963307637495
Jaime Barria,642545,2018,young_entry,21.949800475026866,129.33333333333334,0.0,26.0,26.0,147.33333333333334,130.06173363609437,122.70528642259366,92.97693910671538,95.92196409761439,82.66666666666667,2.9450249908990145,0.013427881247930087
Bryse Wilson,669060,2022,stable_rotation,24.52617096860305,115.66666666666667,74.0,20.0,25.0,132.66666666666669,79.91095751914179,80.64658661476294,68.52704187853142,83.4171093430217,76.66666666666667,-1.3891821117802152,0.11563528346685915
Tommy Romero,676720,2022,young_entry,24.977925624756153,8.333333333333334,0.0,2.0,4.0,94.33333333333333,37.79927037977237,10.452048836221206,15.689556113811673,14.208768455451809,0,-1.4807876583598638,0.41649346700817996
Yohander Méndez,622795,2018,young_entry,23.450173514856566,27.666666666666668,12.333333333333334,5.0,8.0,114.0,50.84441811925311,56.12058120819105,45.36771810852579,43.2592983668071,4.666666666666667,-2.1084197417186914,0.16486161028655585
Trevor Oaks,656805,2018,young_entry,25.26266795348296,13.666666666666666,0.0,2.0,4.0,142.0,40.88492510465175,18.665948540130984,19.311544078438764,16.382157517374885,0,-2.929386561063879,0.36683127509310626
Konnor Pilkington,663455,2022,young_entry,24.797223762294912,58.0,0.0,11.0,15.0,114.66666666666666,66.53443000521158,51.16632142899721,58.003780227460254,51.71821765157881,2.0,-6.285562575881443,0.05958021833754717
Jen-Ho Tseng,627500,2018,young_entry,23.74039165759735,2.0,6.0,1.0,1.0,151.33333333333334,34.65831098825156,38.33758570808604,25.20120082359299,17.394403721676422,0,-7.806797101916569,0.3669938062371902
Beau Brieske,689225,2022,young_entry,24.23869073286926,81.66666666666667,0.0,15.0,15.0,99.0,96.7901273570935,82.85649738749379,68.15645108118714,59.41628440126434,35.0,-8.740166679922801,0.04100610629462647
Aaron Nola,605400,2018,stable_rotation,25.071014462993762,212.33333333333334,168.0,33.0,33.0,187.0,158.7551129469036,181.15473330269057,163.34410650345575,172.94245468163913,202.33333333333334,-9.598348178183386,0.02905264675918662
Zach Davies,605200,2018,interrupted,25.39134958281142,66.0,191.33333333333334,13.0,13.0,162.33333333333334,129.92953062090345,97.85339852386782,94.79131603930941,107.11055142934619,159.66666666666666,-12.31923539003678,0.11819542025209216
Dustin May,669160,2022,unstable_rotation,24.813651204336843,30.0,23.0,6.0,6.0,141.33333333333334,52.242866693738385,68.5616900065676,64.14387000797468,45.80111462508928,48.0,-13.944984633063967,0.16210896187739882
Luis Patiño,672715,2022,young_entry,22.678083738885807,20.0,77.33333333333333,6.0,6.0,17.333333333333332,56.721552434140015,39.97360732777273,43.81784895651069,29.036626652752425,21.666666666666668,-14.781222303758263,0.24139677654331823
Eric Skoglund,607215,2018,young_entry,25.676091911538226,70.0,18.0,13.0,14.0,122.0,52.36054637683464,28.957842939687996,45.58499260562326,27.544410002627995,21.0,-18.04058260299527,0.30820782058653895
Roansy Contreras,672710,2022,young_entry,22.645228854801946,95.0,3.0,18.0,21.0,61.0,78.57193757953252,104.33422446492287,107.41767958948367,73.57132011105568,68.33333333333333,-33.846359478427985,0.05062716353614495
