id,name,mlbam_id,role,status,age,cohort,baseline_rank,revised_rank,prior_joint_rank,baseline_neutral,baseline_contender,baseline_balanced,baseline_rebuild,revised_neutral,revised_contender,revised_balanced,revised_rebuild,prior_joint_neutral,prior_joint_contender,prior_joint_balanced,prior_joint_rebuild,neutral_delta,neutral_rank_change,review_large_change,baseline_AB,baseline_PA,baseline_H,baseline_HR,baseline_R,baseline_RBI,baseline_SB,baseline_BB,baseline_HBP,baseline_SF,baseline_TB,prior_joint_AB,prior_joint_PA,prior_joint_H,prior_joint_HR,prior_joint_R,prior_joint_RBI,prior_joint_SB,prior_joint_BB,prior_joint_HBP,prior_joint_SF,prior_joint_TB,revised_AB,revised_PA,revised_H,revised_HR,revised_R,revised_RBI,revised_SB,revised_BB,revised_HBP,revised_SF,revised_TB,absence_probability,expert_unconstrained_workload,mixture_constraint_residual,latest_MLB_exposure,previous_MLB_exposure,current_GP,current_GS,debut_MLB_exposure,verified_debut_MiLB_exposure,debut_capacity,current_MiLB_exposure,current_combined_capacity,capacity_missing,durability_run,years_since_debut,conditional_neutral,conditional_contender,conditional_balanced,conditional_rebuild,baseline_IP,baseline_K,baseline_ER,baseline_SV,baseline_HLD,baseline_QA3,prior_joint_IP,prior_joint_K,prior_joint_ER,prior_joint_SV,prior_joint_HLD,prior_joint_QA3,prior_joint_GS,prior_joint_RA,revised_IP,revised_K,revised_ER,revised_SV,revised_HLD,revised_QA3,revised_GS,revised_RA
02mwm,Matt Olson,621566,H,supported_MLB,32.25528244933161,durable,123,115,116,32.88385996179118,38.60266247224066,32.88385996179118,30.315539433616028,33.57806827792123,39.631835663503395,33.57806827792123,30.884842291566727,33.31694263209307,39.24471337183213,33.31694263209307,30.67069968768247,0.6942083161300516,8,False,527.502764552782,600.5484155182885,132.92179259629182,26.54553114768292,76.75108737785507,78.17423301030155,2.338138988826018,63.39992229096049,3.9974741657046335,4.761027441036654,243.285413906323,561.6463646180683,639.4200315498782,141.52540348014458,28.2637401504272,81.71894462544134,83.23420601267463,2.489479394784289,67.5036004825014,4.256218135133587,5.06919382000232,259.0325159735084,580.7244656586084,661.1399619860869,146.33276291036805,29.223807773655032,84.49478789748078,86.0615199460939,2.574042462265968,69.79657448132924,4.400794090304018,5.241385074116199,267.83137736360834,0.009016876971756516,661.139961986087,-1.1368683772161603e-13,698.0,724.0,0.0,0.0,28.0,0.0,28.0,0.0,698.0,False,6.0,10.0,33.95059869641103,40.18411703313157,33.95059869641103,31.190345160074685,,,,,,,,,,,,,,,,,,,,,,
01ub6,Jose Ramirez,608070,H,supported_MLB,33.7830345592312,everyday,72,66,69,42.27014558110056,50.82297282918439,42.27014558110056,38.457465640610394,42.73838002821284,51.5171367119798,42.73838002821284,38.84145298668254,41.679374995961446,49.947147469152455,41.679374995961446,37.97298947589402,0.46823444711228035,6,False,468.86395890737356,529.7791098709511,122.2299378276841,18.500748340782565,73.01827250365315,62.798499652513584,28.33996620672203,51.763322816202646,3.6674850906590057,4.88779389360537,207.14160948681973,450.16246114906863,508.64789974608476,117.3545728847076,17.762812107789955,70.1058049667484,60.29366647400858,27.209574747927572,49.69864787751564,3.5212007305614406,4.692835281820975,198.87938699802584,483.6716700478882,546.510649752006,126.09021665204341,19.085040931648532,75.32434330878212,64.78180851054385,29.235002016893972,53.39811755223175,3.783311992690841,5.042160717320175,213.6835777063648,0.027333044069021664,546.510649752006,0.0,544.0,673.0,0.0,0.0,14.0,0.0,14.0,0.0,544.0,False,0.0,13.0,42.7379134726411,51.51644503705238,42.7379134726411,38.841070376140124,,,,,,,,,,,,,,,,,,,,,,
01cgo,Freddie Freeman,518692,H,supported_MLB,36.79747017392554,durable,159,143,154,28.625845894024106,35.63778950929173,28.625845894024106,25.576342941194536,29.58667235558199,37.06222769695808,29.58667235558199,26.36429266442586,28.505390271202707,35.45921242390658,28.505390271202707,25.477560300976773,0.9608264615578825,16,False,476.84132809916247,542.9999444093711,135.35056842987416,16.324017901908423,66.66823220132419,66.13733876609585,7.683487014891038,54.296241724830814,6.210653783340504,5.138561921621756,216.85176779986568,471.9104207166411,537.3849058696746,133.9509390819739,16.155214957109578,65.9788312224879,65.45342763514992,7.604033828657663,53.734776676842245,6.146430829527681,5.085425225153201,214.60935314377951,516.1732096805029,587.7888673773534,146.5148535195756,17.670491668368577,72.16730885357795,71.59262509126125,8.317253392914829,58.774824481795136,6.722934671666218,5.5624121566785245,234.73861516229675,0.04302774007013423,587.7888673773534,0.0,657.0,627.0,0.0,0.0,24.0,0.0,24.0,0.0,657.0,False,6.0,16.0,29.58667235558199,37.06222769695808,29.58667235558199,26.364292664425857,,,,,,,,,,,,,,,,,,,,,,
03ynj,Juan Soto,665742,H,supported_MLB,27.68023984065381,everyday,10,10,10,87.92913544913269,96.92951318310311,87.92913544913269,83.67850684089271,86.38411060202756,94.63899300993722,86.38411060202756,82.41147064927061,86.4729961412521,94.77076702061284,86.4729961412521,82.48436345440598,-1.5450248471051253,0,False,528.1015367508638,640.1656812624801,140.52225139025805,32.525463954321886,93.67359683242742,88.11886762848529,14.973007731887956,104.91339353724887,2.75551098835824,4.101295375678649,263.3148819783182,496.8754181694475,602.3133212829148,132.21331043879505,30.60226562280032,88.134770226026,82.90848663479146,14.087668677900377,98.70996893157796,2.5925803644402454,3.858789859549518,247.7453349183074,493.78761219485256,598.5702770427964,131.3916778223176,30.412089463604612,87.58706136355885,82.39325623494858,14.000121606902187,98.09654105675588,2.5764689110533396,3.8348096143063124,246.20573465360303,0.019166498394980087,598.5702770427965,-1.1368683772161603e-13,482.0,715.0,0.0,0.0,494.0,0.0,494.0,0.0,482.0,False,0.0,8.0,86.43596167577547,94.71586292606995,86.43596167577547,82.45399241656527,,,,,,,,,,,,,,,,,,,,,,
02z0s,Aaron Judge,592450,H,supported_MLB,34.17729316823754,interrupted,16,25,17,71.39504593539526,84.81976467551206,71.39504593539526,65.33877241632001,60.42665417373021,68.55897596110852,60.42665417373021,56.34386896738323,67.94163439216632,79.70003548744708,67.94163439216632,62.50671607882169,-10.968391761665046,-9,True,384.5364530893556,469.40924238138865,111.41691532655064,30.2285381696642,78.07297232554089,73.14681371913568,7.182962988654602,76.81896290212342,4.554875632760198,2.986516895570044,224.93500147087892,330.1030906985476,402.96164503434784,95.6452055713072,25.949513490692222,67.02129084936062,62.792458528832256,6.1661729697631,65.94479372377077,3.9101066024870574,2.5637581293808234,193.09414905994734,207.31748042096677,253.0754643285033,60.06888027442534,16.297295925511516,42.09195716419076,39.436087266216035,3.872594592271052,41.415875424739525,2.455697846662331,1.610139046766404,121.27057757146595,0.16579706980626743,253.0754643285033,0.0,285.0,679.0,0.0,0.0,95.0,0.0,95.0,0.0,285.0,False,0.0,10.0,60.500889990467854,68.66903156062044,60.500889990467854,56.40474790191781,,,,,,,,,,,,,,,,,,,,,,
05wru,Paul Skenes,694973,SP,supported_MLB,24.08810584748489,young_entry,5,7,6,94.90674535679459,101.37559523087042,94.90674535679459,91.82262212562439,87.76364289815693,90.78584949884792,87.76364289815693,85.9647426536429,90.36285146840999,94.63921125907153,90.36285146840999,88.09628852117727,-7.143102458637657,-2,False,,,135.00909256016635,,,,,43.94086358210871,,,,,,108.50177677336627,,,,,35.31363466864431,,,,,,92.37339614757605,,,,,30.064395825250514,,,,0.04202873322747744,113.10985522852535,2.842170943040401e-14,174.33333333333334,187.66666666666666,32.0,32.0,133.0,27.333333333333332,160.33333333333334,0.0,174.33333333333334,False,2.0,2.0,87.76332816084174,90.78538289653336,87.76332816084174,85.96448454545131,165.31663391067949,182.9642190295954,56.86804887888769,0.005342540626964054,0.03591745472101012,19.409455184247133,132.85881839037788,147.04152493888884,45.70273177892954,0.00429360081989414,0.028865519947627215,15.124339888575232,22.4845186577189,0.7691625517245764,113.10985522852538,125.18435584418732,38.90919276335545,0.0036553732227267532,0.02457476908140775,12.87616370482226,19.14227960981062,0.6548294341828259
04eor,Cade Smith,671922,RP,supported_MLB,27.143610067284065,relief_swing,84,82,81,39.23292976251089,44.03186955015092,39.23292976251089,37.104849078802964,39.31842144695229,44.15861212533854,39.31842144695229,37.17495866860856,39.31842144695229,44.15861212533854,39.31842144695229,37.17495866860856,0.08549168444140065,2,False,,,48.071255704583805,,,,,19.799096062920693,,,,,,48.512836127663256,,,,,19.980969681321334,,,,,,48.512836127663256,,,,,19.980969681321334,,,,0.023450345785401644,,,74.0,73.66666666666667,69.0,0.0,75.33333333333333,0.0,75.33333333333333,0.0,74.0,False,3.0,2.0,39.18610999506465,43.962458613466296,39.18610999506465,37.066453359828685,61.02604008066736,76.8329784819344,20.042276725630675,15.808142383702176,9.168349764121258,0.029438867731469146,61.58662257851783,77.53876281494635,20.226384190814603,15.808142383702176,9.168349764121258,0.1434692618849576,0.4487760456468009,59.8691292742833,61.58662257851783,77.53876281494635,20.226384190814603,15.437435978579497,8.95334879187111,0.1434692618849576,0.4487760456468009,59.8691292742833
01sb3,Zack Wheeler,554430,SP,supported_MLB,36.08561435210853,stable_rotation,39,38,48,53.01369209090248,63.89175905368665,53.01369209090248,48.33351620473646,51.672254928578305,61.9030603689406,51.672254928578305,47.23343717582238,48.54827817379922,57.27172269775048,48.54827817379922,44.6715420596969,-1.3414371623241763,1,False,,,113.09374027080392,,,,,39.81231394904846,,,,,,87.71905546156648,,,,,30.879680581679764,,,,,,106.15812423791473,,,,,37.37077366335042,,,,0.023295104262887032,133.69092285244136,0.0,162.0,149.66666666666666,28.0,28.0,100.0,68.66666666666667,168.66666666666669,20.0,182.0,False,1.0,13.0,51.652046502650315,61.87310110495678,51.652046502650315,47.21686475171254,142.42533592391857,162.15387634936357,50.30739667851799,0.004006675638048774,0.020033378190243867,17.28719626568439,110.4695618972974,125.77163721651051,39.01999623324135,0.0031077034119565716,0.015538517059782856,13.013069708883073,19.824959154969715,0.7586386660559324,133.69092285244136,152.20958569356932,47.222232228735265,0.0037609612092280704,0.01880480604614035,15.748494595652874,23.99228384198651,0.9181090395819156
061yu,Jacob Misiorowski,694819,SP,supported_MLB,24.241428639876247,young_entry,7,5,5,93.40712846448892,99.65660546028792,93.40712846448892,90.43278610586479,94.33201688368881,101.02776501547189,94.33201688368881,91.19126394040195,92.05301657436608,97.64911632063975,92.05301657436608,89.32231285004237,0.9248884191998883,2,False,,,88.01663966385692,,,,,39.61637813057445,,,,,,84.90544683471093,,,,,38.21602710573077,,,,,,94.10653348932273,,,,,42.35744547290988,,,,0.016580174907293962,137.9954722259378,2.842170943040401e-14,174.66666666666666,66.0,30.0,30.0,66.0,63.333333333333336,129.33333333333334,0.0,174.66666666666666,False,1.0,1.0,94.22096451234279,100.86312837721809,94.22096451234279,91.1001926712735,129.0654038970866,166.21059057244688,39.751853774032746,0.005265829035681654,0.03540172909553595,16.010747162511446,124.5032283740379,160.33541515684345,38.34671398592724,0.005079693668575053,0.03415035655822891,13.628529514553929,20.74826128044149,0.38608722784764826,137.99547222593782,177.71074387436644,42.50229471081292,0.005173233644983209,0.034779218012325794,15.105434539062676,22.996721857364356,0.4279269704330763
04ptt,Tarik Skubal,669373,SP,supported_MLB,29.607726373573723,stable_rotation,6,6,7,94.82778322180556,105.85465352072904,94.82778322180556,89.78803282377787,89.26668235950737,97.61024649130769,89.26668235950737,85.22751324961396,89.69655940084147,98.24754500272097,89.69655940084147,85.58004464762887,-5.56110086229819,0,False,,,129.74571916980318,,,,,32.83750162166161,,,,,,104.18295773881529,,,,,26.36779128890191,,,,,,102.0635428276079,,,,,25.831385995308654,,,,0.06144276935394837,126.19626349097979,-1.4210854715202004e-14,158.66666666666666,195.33333333333334,26.0,26.0,32.0,0.0,32.0,5.0,163.66666666666666,False,3.0,6.0,89.23628275192631,97.5651786630775,89.23628275192631,85.20258329260491,160.4238350890381,181.423708769202,51.33334644934409,0.007009253989277155,0.03504626994638577,18.24381821586366,128.81680982095776,145.67924633246747,41.21954772723383,0.005628276730963162,0.028141383654815808,15.111479928569485,21.399694472624574,1.3239962169900132,126.19626349097977,142.71566405728836,40.38101015849502,0.0055137795628379315,0.02756889781418966,14.804064046105163,20.964356174068428,1.2970618950474013
05y7s,Nolan McLean,690997,SP,supported_MLB,24.93411911264434,young_entry,66,67,67,42.900822540382514,46.49507543197708,42.900822540382514,41.19931552332413,42.62030722127561,46.079207688166804,42.62030722127561,40.969271933877124,42.17870741569635,45.424530020658324,42.17870741569635,40.60712699042813,-0.28051531910690386,-1,False,,,99.47253461655957,,,,,44.273590344563964,,,,,,97.67721979776245,,,,,43.474525224394434,,,,,,102.16332721156046,,,,,45.471217905905135,,,,0.021824143435586394,123.37589473376087,1.4210854715202004e-14,179.66666666666666,48.0,31.0,31.0,48.0,113.66666666666667,161.66666666666669,0.0,179.66666666666666,False,1.0,1.0,42.62013707540386,46.07895544461723,42.62013707540386,40.969132401507956,120.12640244516551,124.68689119529931,44.63343404670919,0.004762953110360397,0.03289411042348443,15.0625582054342,117.95831945351436,122.43649892033058,43.827874342548185,0.0046769896800202765,0.03230042610527466,12.999088627015357,20.19997759556203,0.541898098725603,123.37589473376089,128.05974747985346,45.840795599174875,0.0046450414054608645,0.032079783565479095,13.596109180866202,21.127719697944023,0.5667863283788354
03dbm,Logan Webb,657277,SP,supported_MLB,29.6132021875877,stable_rotation,61,71,70,44.893181293991105,50.53439630982133,44.893181293991105,42.35174264072759,42.107852866439856,46.40510935100493,42.107852866439856,40.06756453843129,41.43369041113784,45.40565441877287,41.43369041113784,39.51470078902239,-2.7853284275512493,-10,False,,,174.6042348683287,,,,,44.667924685170284,,,,,,129.20752134962473,,,,,33.05436341080089,,,,,,138.72598202649536,,,,,35.489412508858784,,,,0.0471473932656525,139.69128431792703,0.0,160.66666666666666,207.0,27.0,27.0,39.666666666666664,63.333333333333336,103.0,3.3333333333333335,164.0,False,5.0,7.0,42.107852866439856,46.40510935100493,42.107852866439856,40.06756453843129,175.8191901748255,158.01753715009502,76.94420938842366,0.006966007344432128,0.03483003672216064,18.67699390405458,130.10659097311586,116.93332822272487,56.9388857308184,0.005154860896450216,0.025774304482251077,13.216428624614013,21.901367525997163,0.883945113168366,139.69128431792703,125.54757354588884,61.133460002908166,0.005534609228629965,0.027673046143149825,14.19005659021558,23.51479763740531,0.9490635885660794
05ajh,Garrett Crochet,676979,SP,supported_MLB,27.025880065983557,interrupted,27,44,40,59.38290891546941,65.71184723918054,59.38290891546941,56.46721161324983,50.63561915079707,52.74387219072099,50.63561915079707,49.29377829843207,50.84683369481367,53.05700060081908,50.84683369481367,49.46699005743221,-8.747289764672338,-17,False,,,112.56405672730034,,,,,33.131315098899776,,,,,,50.57564753940679,,,,,14.886081433777843,,,,,,49.018527615062354,,,,,14.427769674588035,,,,0.3013114950938044,54.268713141264904,-7.105427357601002e-15,30.0,205.33333333333334,6.0,6.0,6.0,0.0,6.0,0.0,30.0,False,0.0,6.0,50.63561915079707,52.74387219072099,50.63561915079707,49.29377829843207,124.62035890841109,148.80740240249648,51.19211291932754,0.0074941128545731785,0.032788952020160196,13.916253918228646,55.99261017800148,66.85998136506426,23.000896867796435,0.0033671459733514253,0.014732255826348045,6.064909185014056,9.801574932787108,1.5701616905399394,54.2687131412649,64.80150037292826,22.292746670357413,0.0032634784903163064,0.014278680040494351,5.8781831342211985,9.499804646882103,1.5218196490292093
