id,name,owner,season,season_age,role,MLB_IP,verified_MiLB_IP,combined_IP,status,source,mlbam_id
05ucd,Mason Miller,Ohtani and the Bums,2023,25.0,SP,33.333333333333336,19.333333333333332,52.66666666666667,Verified official six-level affiliated workload,https://statsapi.mlb.com/api/v1/stats?stats=season&group=pitching&season=2023&sportId=11&playerPool=ALL&limit=10000;https://statsapi.mlb.com/api/v1/stats?stats=season&group=pitching&season=2023&sportId=12&playerPool=ALL&limit=10000;https://statsapi.mlb.com/api/v1/stats?stats=season&group=pitching&season=2023&sportId=14&playerPool=ALL&limit=10000,695243
05ucd,Mason Miller,Ohtani and the Bums,2024,26.0,RP,65.0,0.0,65.0,Verified official six-level affiliated workload,Exhaustive six-level queries: no recorded affiliated MiLB IP,695243
05jp7,Gavin Williams,TheMissingSox,2023,24.0,SP,82.0,60.333333333333336,142.33333333333334,Verified official six-level affiliated workload,https://statsapi.mlb.com/api/v1/stats?stats=season&group=pitching&season=2023&sportId=11&playerPool=ALL&limit=10000;https://statsapi.mlb.com/api/v1/stats?stats=season&group=pitching&season=2023&sportId=12&playerPool=ALL&limit=10000,668909
05jp7,Gavin Williams,TheMissingSox,2024,25.0,SP,76.0,17.0,93.0,Verified official six-level affiliated workload,https://statsapi.mlb.com/api/v1/stats?stats=season&group=pitching&season=2024&sportId=11&playerPool=ALL&limit=10000;https://statsapi.mlb.com/api/v1/stats?stats=season&group=pitching&season=2024&sportId=12&playerPool=ALL&limit=10000,668909
05jp7,Gavin Williams,TheMissingSox,2025,26.0,SP,167.66666666666666,0.0,167.66666666666666,Verified official six-level affiliated workload,Exhaustive six-level queries: no recorded affiliated MiLB IP,668909
04n0m,Logan Gilbert,Sodo Mojo,2023,26.0,SP,190.66666666666666,0.0,190.66666666666666,Verified official six-level affiliated workload,Exhaustive six-level queries: no recorded affiliated MiLB IP,669302
0596g,Reid Detmers,How Lowe Can You Go?,2023,24.0,SP,148.66666666666666,0.0,148.66666666666666,Verified official six-level affiliated workload,Exhaustive six-level queries: no recorded affiliated MiLB IP,672282
0596g,Reid Detmers,How Lowe Can You Go?,2024,25.0,SP,87.33333333333333,78.0,165.33333333333331,Verified official six-level affiliated workload,https://statsapi.mlb.com/api/v1/stats?stats=season&group=pitching&season=2024&sportId=11&playerPool=ALL&limit=10000,672282
0596g,Reid Detmers,How Lowe Can You Go?,2025,26.0,RP,63.666666666666664,0.0,63.666666666666664,Verified official six-level affiliated workload,Exhaustive six-level queries: no recorded affiliated MiLB IP,672282
05jpd,Ian Seymour,Yoho and a Bottle of Rum,2025,26.0,RP,57.0,86.0,143.0,Verified official six-level affiliated workload,https://statsapi.mlb.com/api/v1/stats?stats=season&group=pitching&season=2025&sportId=11&playerPool=ALL&limit=10000,693855
05wru,Paul Skenes,EpSkenes Island,2024,22.0,SP,133.0,27.333333333333332,160.33333333333334,Verified official six-level affiliated workload,https://statsapi.mlb.com/api/v1/stats?stats=season&group=pitching&season=2024&sportId=11&playerPool=ALL&limit=10000,694973
05wru,Paul Skenes,EpSkenes Island,2025,23.0,SP,187.66666666666666,0.0,187.66666666666666,Verified official six-level affiliated workload,Exhaustive six-level queries: no recorded affiliated MiLB IP,694973
05wru,Paul Skenes,EpSkenes Island,2026,24.0,SP,174.33333333333334,0.0,174.33333333333334,Verified official six-level affiliated workload,Exhaustive six-level queries: no recorded affiliated MiLB IP,694973
04eor,Cade Smith,The Sandlot Sluggers,2024,25.0,RP,75.33333333333333,0.0,75.33333333333333,Verified official six-level affiliated workload,Exhaustive six-level queries: no recorded affiliated MiLB IP,671922
04eor,Cade Smith,The Sandlot Sluggers,2025,26.0,RP,73.66666666666667,0.0,73.66666666666667,Verified official six-level affiliated workload,Exhaustive six-level queries: no recorded affiliated MiLB IP,671922
05y62,Bryan Woo,Miller & Miller LLP,2023,23.0,SP,87.66666666666667,44.0,131.66666666666669,Verified official six-level affiliated workload,https://statsapi.mlb.com/api/v1/stats?stats=season&group=pitching&season=2023&sportId=12&playerPool=ALL&limit=10000,693433
05y62,Bryan Woo,Miller & Miller LLP,2024,24.0,SP,121.33333333333333,14.0,135.33333333333331,Verified official six-level affiliated workload,https://statsapi.mlb.com/api/v1/stats?stats=season&group=pitching&season=2024&sportId=11&playerPool=ALL&limit=10000;https://statsapi.mlb.com/api/v1/stats?stats=season&group=pitching&season=2024&sportId=13&playerPool=ALL&limit=10000,693433
05y62,Bryan Woo,Miller & Miller LLP,2025,25.0,SP,186.66666666666666,0.0,186.66666666666666,Verified official six-level affiliated workload,Exhaustive six-level queries: no recorded affiliated MiLB IP,693433
05y62,Bryan Woo,Miller & Miller LLP,2026,26.0,SP,173.0,0.0,173.0,Verified official six-level affiliated workload,Exhaustive six-level queries: no recorded affiliated MiLB IP,693433
041r1,Jesus Luzardo,TheMissingSox,2023,26.0,SP,178.66666666666666,0.0,178.66666666666666,Verified official six-level affiliated workload,Exhaustive six-level queries: no recorded affiliated MiLB IP,666200
04pr8,Taj Bradley,TheMissingSox,2023,22.0,SP,104.66666666666667,37.666666666666664,142.33333333333334,Verified official six-level affiliated workload,https://statsapi.mlb.com/api/v1/stats?stats=season&group=pitching&season=2023&sportId=11&playerPool=ALL&limit=10000,671737
04pr8,Taj Bradley,TheMissingSox,2024,23.0,SP,138.0,11.0,149.0,Verified official six-level affiliated workload,https://statsapi.mlb.com/api/v1/stats?stats=season&group=pitching&season=2024&sportId=11&playerPool=ALL&limit=10000,671737
04pr8,Taj Bradley,TheMissingSox,2025,24.0,SP,142.66666666666666,21.333333333333332,164.0,Verified official six-level affiliated workload,https://statsapi.mlb.com/api/v1/stats?stats=season&group=pitching&season=2025&sportId=11&playerPool=ALL&limit=10000,671737
04pr8,Taj Bradley,TheMissingSox,2026,25.0,SP,178.33333333333334,1.6666666666666667,180.0,Verified official six-level affiliated workload,https://statsapi.mlb.com/api/v1/stats?stats=season&group=pitching&season=2026&sportId=11&playerPool=ALL&limit=10000,671737
05r8n,Yoshinobu Yamamoto,Sodo Mojo,2024,26.0,SP,90.0,4.0,94.0,Verified official six-level affiliated workload,https://statsapi.mlb.com/api/v1/stats?stats=season&group=pitching&season=2024&sportId=11&playerPool=ALL&limit=10000,808967
052c8,Cristopher Sanchez,TheMissingSox,2023,26.0,SP,99.33333333333333,49.666666666666664,149.0,Verified official six-level affiliated workload,https://statsapi.mlb.com/api/v1/stats?stats=season&group=pitching&season=2023&sportId=11&playerPool=ALL&limit=10000,650911
04pmq,Braxton Ashcraft,How Lowe Can You Go?,2025,26.0,RP,69.66666666666667,48.333333333333336,118.0,Verified official six-level affiliated workload,https://statsapi.mlb.com/api/v1/stats?stats=season&group=pitching&season=2025&sportId=11&playerPool=ALL&limit=10000,677952
05u6q,Cam Schlittler,Yoho and a Bottle of Rum,2025,24.0,SP,73.0,76.66666666666667,149.66666666666669,Verified official six-level affiliated workload,https://statsapi.mlb.com/api/v1/stats?stats=season&group=pitching&season=2025&sportId=11&playerPool=ALL&limit=10000;https://statsapi.mlb.com/api/v1/stats?stats=season&group=pitching&season=2025&sportId=12&playerPool=ALL&limit=10000,693645
05u6q,Cam Schlittler,Yoho and a Bottle of Rum,2026,25.0,SP,193.66666666666666,0.0,193.66666666666666,Verified official six-level affiliated workload,Exhaustive six-level queries: no recorded affiliated MiLB IP,693645
05y23,Tanner Bibee,EpSkenes Island,2023,24.0,SP,142.0,15.333333333333334,157.33333333333334,Verified official six-level affiliated workload,https://statsapi.mlb.com/api/v1/stats?stats=season&group=pitching&season=2023&sportId=11&playerPool=ALL&limit=10000,676440
05y23,Tanner Bibee,EpSkenes Island,2024,25.0,SP,173.66666666666666,0.0,173.66666666666666,Verified official six-level affiliated workload,Exhaustive six-level queries: no recorded affiliated MiLB IP,676440
05y23,Tanner Bibee,EpSkenes Island,2025,26.0,SP,182.33333333333334,0.0,182.33333333333334,Verified official six-level affiliated workload,Exhaustive six-level queries: no recorded affiliated MiLB IP,676440
061yu,Jacob Misiorowski,Shea Stadiums,2025,23.0,SP,66.0,63.333333333333336,129.33333333333334,Verified official six-level affiliated workload,https://statsapi.mlb.com/api/v1/stats?stats=season&group=pitching&season=2025&sportId=11&playerPool=ALL&limit=10000,694819
061yu,Jacob Misiorowski,Shea Stadiums,2026,24.0,SP,174.66666666666666,0.0,174.66666666666666,Verified official six-level affiliated workload,Exhaustive six-level queries: no recorded affiliated MiLB IP,694819
05tzn,Parker Messick,Young Guns,2025,24.0,SP,39.666666666666664,98.66666666666667,138.33333333333334,Verified official six-level affiliated workload,https://statsapi.mlb.com/api/v1/stats?stats=season&group=pitching&season=2025&sportId=11&playerPool=ALL&limit=10000,800048
05tzn,Parker Messick,Young Guns,2026,25.0,SP,186.33333333333334,0.0,186.33333333333334,Verified official six-level affiliated workload,Exhaustive six-level queries: no recorded affiliated MiLB IP,800048
04ptt,Tarik Skubal,Cafécitos de Spokane,2023,26.0,SP,80.33333333333333,14.666666666666666,95.0,Verified official six-level affiliated workload,https://statsapi.mlb.com/api/v1/stats?stats=season&group=pitching&season=2023&sportId=11&playerPool=ALL&limit=10000;https://statsapi.mlb.com/api/v1/stats?stats=season&group=pitching&season=2023&sportId=13&playerPool=ALL&limit=10000,669373
05y7s,Nolan McLean,TheMissingSox,2025,24.0,SP,48.0,113.66666666666667,161.66666666666669,Verified official six-level affiliated workload,https://statsapi.mlb.com/api/v1/stats?stats=season&group=pitching&season=2025&sportId=11&playerPool=ALL&limit=10000;https://statsapi.mlb.com/api/v1/stats?stats=season&group=pitching&season=2025&sportId=12&playerPool=ALL&limit=10000,690997
05y7s,Nolan McLean,TheMissingSox,2026,25.0,SP,179.66666666666666,0.0,179.66666666666666,Verified official six-level affiliated workload,Exhaustive six-level queries: no recorded affiliated MiLB IP,690997
043ia,Adrian Morejon,How Lowe Can You Go?,2023,24.0,RP,9.0,29.333333333333332,38.33333333333333,Verified official six-level affiliated workload,https://statsapi.mlb.com/api/v1/stats?stats=season&group=pitching&season=2023&sportId=11&playerPool=ALL&limit=10000;https://statsapi.mlb.com/api/v1/stats?stats=season&group=pitching&season=2023&sportId=14&playerPool=ALL&limit=10000;https://statsapi.mlb.com/api/v1/stats?stats=season&group=pitching&season=2023&sportId=16&playerPool=ALL&limit=10000,670970
043ia,Adrian Morejon,How Lowe Can You Go?,2024,25.0,RP,63.666666666666664,6.333333333333333,70.0,Verified official six-level affiliated workload,https://statsapi.mlb.com/api/v1/stats?stats=season&group=pitching&season=2024&sportId=11&playerPool=ALL&limit=10000,670970
043ia,Adrian Morejon,How Lowe Can You Go?,2025,26.0,RP,73.66666666666667,0.0,73.66666666666667,Verified official six-level affiliated workload,Exhaustive six-level queries: no recorded affiliated MiLB IP,670970
051bm,Louis Varland,Yoho and a Bottle of Rum,2023,25.0,SP,68.0,81.66666666666667,149.66666666666669,Verified official six-level affiliated workload,https://statsapi.mlb.com/api/v1/stats?stats=season&group=pitching&season=2023&sportId=11&playerPool=ALL&limit=10000,686973
051bm,Louis Varland,Yoho and a Bottle of Rum,2024,26.0,RP,49.666666666666664,83.33333333333333,133.0,Verified official six-level affiliated workload,https://statsapi.mlb.com/api/v1/stats?stats=season&group=pitching&season=2024&sportId=11&playerPool=ALL&limit=10000,686973
05y2k,Mason Montgomery,TheMissingSox,2024,24.0,RP,9.666666666666666,87.66666666666667,97.33333333333334,Verified official six-level affiliated workload,https://statsapi.mlb.com/api/v1/stats?stats=season&group=pitching&season=2024&sportId=11&playerPool=ALL&limit=10000,682254
05y2k,Mason Montgomery,TheMissingSox,2025,25.0,RP,46.0,9.0,55.0,Verified official six-level affiliated workload,https://statsapi.mlb.com/api/v1/stats?stats=season&group=pitching&season=2025&sportId=11&playerPool=ALL&limit=10000,682254
05y2k,Mason Montgomery,TheMissingSox,2026,26.0,RP,68.66666666666667,0.0,68.66666666666667,Verified official six-level affiliated workload,Exhaustive six-level queries: no recorded affiliated MiLB IP,682254
05ycf,Noah Cameron,Cafécitos de Spokane,2025,26.0,SP,138.33333333333334,32.666666666666664,171.0,Verified official six-level affiliated workload,https://statsapi.mlb.com/api/v1/stats?stats=season&group=pitching&season=2025&sportId=11&playerPool=ALL&limit=10000,702070
04ak5,Trevor Rogers,Ohtani and the Bums,2023,25.0,SP,18.0,9.0,27.0,Verified official six-level affiliated workload,https://statsapi.mlb.com/api/v1/stats?stats=season&group=pitching&season=2023&sportId=11&playerPool=ALL&limit=10000;https://statsapi.mlb.com/api/v1/stats?stats=season&group=pitching&season=2023&sportId=14&playerPool=ALL&limit=10000,669432
04ak5,Trevor Rogers,Ohtani and the Bums,2024,26.0,SP,124.33333333333333,28.666666666666668,153.0,Verified official six-level affiliated workload,https://statsapi.mlb.com/api/v1/stats?stats=season&group=pitching&season=2024&sportId=11&playerPool=ALL&limit=10000,669432
05xod,Sean Burke,EpSkenes Island,2024,24.0,SP,19.0,71.66666666666667,90.66666666666667,Verified official six-level affiliated workload,https://statsapi.mlb.com/api/v1/stats?stats=season&group=pitching&season=2024&sportId=11&playerPool=ALL&limit=10000;https://statsapi.mlb.com/api/v1/stats?stats=season&group=pitching&season=2024&sportId=16&playerPool=ALL&limit=10000,680732
05xod,Sean Burke,EpSkenes Island,2025,25.0,SP,134.33333333333334,12.666666666666666,147.0,Verified official six-level affiliated workload,https://statsapi.mlb.com/api/v1/stats?stats=season&group=pitching&season=2025&sportId=11&playerPool=ALL&limit=10000,680732
05xod,Sean Burke,EpSkenes Island,2026,26.0,SP,172.33333333333334,0.0,172.33333333333334,Verified official six-level affiliated workload,Exhaustive six-level queries: no recorded affiliated MiLB IP,680732
05aoc,Eury Perez,Shea Stadiums,2023,20.0,SP,91.33333333333333,36.666666666666664,128.0,Verified official six-level affiliated workload,https://statsapi.mlb.com/api/v1/stats?stats=season&group=pitching&season=2023&sportId=12&playerPool=ALL&limit=10000,691587
05aoc,Eury Perez,Shea Stadiums,2025,22.0,SP,95.33333333333333,22.666666666666668,118.0,Verified official six-level affiliated workload,https://statsapi.mlb.com/api/v1/stats?stats=season&group=pitching&season=2025&sportId=11&playerPool=ALL&limit=10000;https://statsapi.mlb.com/api/v1/stats?stats=season&group=pitching&season=2025&sportId=14&playerPool=ALL&limit=10000,691587
05aoc,Eury Perez,Shea Stadiums,2026,23.0,SP,159.0,3.6666666666666665,162.66666666666666,Verified official six-level affiliated workload,https://statsapi.mlb.com/api/v1/stats?stats=season&group=pitching&season=2026&sportId=11&playerPool=ALL&limit=10000,691587
04c0o,Jose Soriano,Shea Stadiums,2023,24.0,RP,42.0,23.333333333333332,65.33333333333333,Verified official six-level affiliated workload,https://statsapi.mlb.com/api/v1/stats?stats=season&group=pitching&season=2023&sportId=12&playerPool=ALL&limit=10000,667755
04c0o,Jose Soriano,Shea Stadiums,2024,25.0,SP,113.0,0.0,113.0,Verified official six-level affiliated workload,Exhaustive six-level queries: no recorded affiliated MiLB IP,667755
04c0o,Jose Soriano,Shea Stadiums,2025,26.0,SP,169.0,0.0,169.0,Verified official six-level affiliated workload,Exhaustive six-level queries: no recorded affiliated MiLB IP,667755
06gwk,Payton Tolle,TheMissingSox,2025,22.0,RP,16.333333333333332,91.66666666666667,108.0,Verified official six-level affiliated workload,https://statsapi.mlb.com/api/v1/stats?stats=season&group=pitching&season=2025&sportId=11&playerPool=ALL&limit=10000;https://statsapi.mlb.com/api/v1/stats?stats=season&group=pitching&season=2025&sportId=12&playerPool=ALL&limit=10000;https://statsapi.mlb.com/api/v1/stats?stats=season&group=pitching&season=2025&sportId=13&playerPool=ALL&limit=10000,801139
06gwk,Payton Tolle,TheMissingSox,2026,23.0,SP,148.66666666666666,15.0,163.66666666666666,Verified official six-level affiliated workload,https://statsapi.mlb.com/api/v1/stats?stats=season&group=pitching&season=2026&sportId=11&playerPool=ALL&limit=10000,801139
03dbm,Logan Webb,EpSkenes Island,2023,26.0,SP,216.0,0.0,216.0,Verified official six-level affiliated workload,Exhaustive six-level queries: no recorded affiliated MiLB IP,657277
05rb3,Chase Burns,How Lowe Can You Go?,2025,22.0,SP,43.333333333333336,66.0,109.33333333333334,Verified official six-level affiliated workload,https://statsapi.mlb.com/api/v1/stats?stats=season&group=pitching&season=2025&sportId=11&playerPool=ALL&limit=10000;https://statsapi.mlb.com/api/v1/stats?stats=season&group=pitching&season=2025&sportId=12&playerPool=ALL&limit=10000;https://statsapi.mlb.com/api/v1/stats?stats=season&group=pitching&season=2025&sportId=13&playerPool=ALL&limit=10000,695505
05rb3,Chase Burns,How Lowe Can You Go?,2026,23.0,SP,154.33333333333334,0.0,154.33333333333334,Verified official six-level affiliated workload,Exhaustive six-level queries: no recorded affiliated MiLB IP,695505
04cwf,Shane Baz,Flying Squirrels,2024,25.0,SP,79.33333333333333,39.333333333333336,118.66666666666666,Verified official six-level affiliated workload,https://statsapi.mlb.com/api/v1/stats?stats=season&group=pitching&season=2024&sportId=11&playerPool=ALL&limit=10000,669358
04cwf,Shane Baz,Flying Squirrels,2025,26.0,SP,166.33333333333334,0.0,166.33333333333334,Verified official six-level affiliated workload,Exhaustive six-level queries: no recorded affiliated MiLB IP,669358
066er,Grant Taylor,How Lowe Can You Go?,2025,23.0,RP,36.666666666666664,26.666666666666668,63.33333333333333,Verified official six-level affiliated workload,https://statsapi.mlb.com/api/v1/stats?stats=season&group=pitching&season=2025&sportId=12&playerPool=ALL&limit=10000,691799
066er,Grant Taylor,How Lowe Can You Go?,2026,24.0,RP,84.0,0.0,84.0,Verified official six-level affiliated workload,Exhaustive six-level queries: no recorded affiliated MiLB IP,691799
04apj,Jhoan Duran,Young Guns,2023,25.0,RP,62.333333333333336,0.0,62.333333333333336,Verified official six-level affiliated workload,Exhaustive six-level queries: no recorded affiliated MiLB IP,661395
04apj,Jhoan Duran,Young Guns,2024,26.0,RP,54.333333333333336,2.0,56.333333333333336,Verified official six-level affiliated workload,https://statsapi.mlb.com/api/v1/stats?stats=season&group=pitching&season=2024&sportId=11&playerPool=ALL&limit=10000,661395
03poo,Peter Lambert,Flying Squirrels,2023,26.0,RP,87.33333333333333,21.666666666666668,109.0,Verified official six-level affiliated workload,https://statsapi.mlb.com/api/v1/stats?stats=season&group=pitching&season=2023&sportId=11&playerPool=ALL&limit=10000,663567
0403o,Andres Munoz,Sodo Mojo,2023,24.0,RP,49.0,3.0,52.0,Verified official six-level affiliated workload,https://statsapi.mlb.com/api/v1/stats?stats=season&group=pitching&season=2023&sportId=11&playerPool=ALL&limit=10000,662253
0403o,Andres Munoz,Sodo Mojo,2024,25.0,RP,59.333333333333336,0.0,59.333333333333336,Verified official six-level affiliated workload,Exhaustive six-level queries: no recorded affiliated MiLB IP,662253
0403o,Andres Munoz,Sodo Mojo,2025,26.0,RP,62.333333333333336,0.0,62.333333333333336,Verified official six-level affiliated workload,Exhaustive six-level queries: no recorded affiliated MiLB IP,662253
04yie,George Kirby,Yoho and a Bottle of Rum,2023,25.0,SP,190.66666666666666,0.0,190.66666666666666,Verified official six-level affiliated workload,Exhaustive six-level queries: no recorded affiliated MiLB IP,669923
04yie,George Kirby,Yoho and a Bottle of Rum,2024,26.0,SP,191.0,0.0,191.0,Verified official six-level affiliated workload,Exhaustive six-level queries: no recorded affiliated MiLB IP,669923
05y72,Landen Roupp,Ohtani and the Bums,2024,26.0,RP,50.333333333333336,26.333333333333332,76.66666666666667,Verified official six-level affiliated workload,https://statsapi.mlb.com/api/v1/stats?stats=season&group=pitching&season=2024&sportId=11&playerPool=ALL&limit=10000;https://statsapi.mlb.com/api/v1/stats?stats=season&group=pitching&season=2024&sportId=16&playerPool=ALL&limit=10000,694738
05yaz,Will Warren,Flying Squirrels,2024,25.0,SP,22.666666666666668,109.66666666666667,132.33333333333334,Verified official six-level affiliated workload,https://statsapi.mlb.com/api/v1/stats?stats=season&group=pitching&season=2024&sportId=11&playerPool=ALL&limit=10000,701542
05yaz,Will Warren,Flying Squirrels,2025,26.0,SP,162.33333333333334,0.0,162.33333333333334,Verified official six-level affiliated workload,Exhaustive six-level queries: no recorded affiliated MiLB IP,701542
04mnw,Ryan Weathers,How Lowe Can You Go?,2023,23.0,SP,57.666666666666664,79.66666666666667,137.33333333333334,Verified official six-level affiliated workload,https://statsapi.mlb.com/api/v1/stats?stats=season&group=pitching&season=2023&sportId=11&playerPool=ALL&limit=10000,677960
04mnw,Ryan Weathers,How Lowe Can You Go?,2024,24.0,SP,86.66666666666667,10.666666666666666,97.33333333333334,Verified official six-level affiliated workload,https://statsapi.mlb.com/api/v1/stats?stats=season&group=pitching&season=2024&sportId=11&playerPool=ALL&limit=10000;https://statsapi.mlb.com/api/v1/stats?stats=season&group=pitching&season=2024&sportId=14&playerPool=ALL&limit=10000,677960
04mnw,Ryan Weathers,How Lowe Can You Go?,2025,25.0,SP,38.333333333333336,18.0,56.333333333333336,Verified official six-level affiliated workload,https://statsapi.mlb.com/api/v1/stats?stats=season&group=pitching&season=2025&sportId=11&playerPool=ALL&limit=10000;https://statsapi.mlb.com/api/v1/stats?stats=season&group=pitching&season=2025&sportId=14&playerPool=ALL&limit=10000,677960
04mnw,Ryan Weathers,How Lowe Can You Go?,2026,26.0,SP,137.33333333333334,0.0,137.33333333333334,Verified official six-level affiliated workload,Exhaustive six-level queries: no recorded affiliated MiLB IP,677960
05a1v,Keider Montero,The Sandlot Sluggers,2024,24.0,SP,98.33333333333333,48.333333333333336,146.66666666666666,Verified official six-level affiliated workload,https://statsapi.mlb.com/api/v1/stats?stats=season&group=pitching&season=2024&sportId=11&playerPool=ALL&limit=10000,672456
05a1v,Keider Montero,The Sandlot Sluggers,2025,25.0,SP,90.66666666666667,42.666666666666664,133.33333333333334,Verified official six-level affiliated workload,https://statsapi.mlb.com/api/v1/stats?stats=season&group=pitching&season=2025&sportId=11&playerPool=ALL&limit=10000,672456
05a1v,Keider Montero,The Sandlot Sluggers,2026,26.0,SP,155.0,4.0,159.0,Verified official six-level affiliated workload,https://statsapi.mlb.com/api/v1/stats?stats=season&group=pitching&season=2026&sportId=11&playerPool=ALL&limit=10000,672456
0510l,Emerson Hancock,Cafécitos de Spokane,2023,24.0,SP,12.0,98.0,110.0,Verified official six-level affiliated workload,https://statsapi.mlb.com/api/v1/stats?stats=season&group=pitching&season=2023&sportId=12&playerPool=ALL&limit=10000,676106
0510l,Emerson Hancock,Cafécitos de Spokane,2024,25.0,SP,60.666666666666664,94.33333333333333,155.0,Verified official six-level affiliated workload,https://statsapi.mlb.com/api/v1/stats?stats=season&group=pitching&season=2024&sportId=11&playerPool=ALL&limit=10000,676106
0510l,Emerson Hancock,Cafécitos de Spokane,2025,26.0,SP,90.0,44.666666666666664,134.66666666666666,Verified official six-level affiliated workload,https://statsapi.mlb.com/api/v1/stats?stats=season&group=pitching&season=2025&sportId=11&playerPool=ALL&limit=10000,676106
051eh,Kevin Kelly,The Sandlot Sluggers,2023,25.0,RP,67.0,0.0,67.0,Verified official six-level affiliated workload,Exhaustive six-level queries: no recorded affiliated MiLB IP,687330
051eh,Kevin Kelly,The Sandlot Sluggers,2024,26.0,RP,70.66666666666667,4.666666666666667,75.33333333333334,Verified official six-level affiliated workload,https://statsapi.mlb.com/api/v1/stats?stats=season&group=pitching&season=2024&sportId=11&playerPool=ALL&limit=10000,687330
0629b,Walbert Urena,Cafécitos de Spokane,2026,22.0,SP,148.33333333333334,8.333333333333334,156.66666666666669,Verified official six-level affiliated workload,https://statsapi.mlb.com/api/v1/stats?stats=season&group=pitching&season=2026&sportId=11&playerPool=ALL&limit=10000,700712
0516x,Brent Headrick,Miller & Miller LLP,2023,25.0,RP,25.666666666666668,75.0,100.66666666666667,Verified official six-level affiliated workload,https://statsapi.mlb.com/api/v1/stats?stats=season&group=pitching&season=2023&sportId=11&playerPool=ALL&limit=10000,687396
0516x,Brent Headrick,Miller & Miller LLP,2024,26.0,RP,3.0,19.333333333333332,22.333333333333332,Verified official six-level affiliated workload,https://statsapi.mlb.com/api/v1/stats?stats=season&group=pitching&season=2024&sportId=11&playerPool=ALL&limit=10000;https://statsapi.mlb.com/api/v1/stats?stats=season&group=pitching&season=2024&sportId=14&playerPool=ALL&limit=10000,687396
05y9r,Justin Wrobleski,Shea Stadiums,2024,24.0,SP,36.333333333333336,95.66666666666667,132.0,Verified official six-level affiliated workload,https://statsapi.mlb.com/api/v1/stats?stats=season&group=pitching&season=2024&sportId=11&playerPool=ALL&limit=10000;https://statsapi.mlb.com/api/v1/stats?stats=season&group=pitching&season=2024&sportId=12&playerPool=ALL&limit=10000,680736
05y9r,Justin Wrobleski,Shea Stadiums,2025,25.0,RP,66.66666666666667,51.666666666666664,118.33333333333334,Verified official six-level affiliated workload,https://statsapi.mlb.com/api/v1/stats?stats=season&group=pitching&season=2025&sportId=11&playerPool=ALL&limit=10000,680736
05y9r,Justin Wrobleski,Shea Stadiums,2026,26.0,SP,140.0,1.3333333333333333,141.33333333333334,Verified official six-level affiliated workload,https://statsapi.mlb.com/api/v1/stats?stats=season&group=pitching&season=2026&sportId=11&playerPool=ALL&limit=10000,680736
04ew7,Aaron Ashby,Yoho and a Bottle of Rum,2024,26.0,RP,28.333333333333332,84.0,112.33333333333333,Verified official six-level affiliated workload,https://statsapi.mlb.com/api/v1/stats?stats=season&group=pitching&season=2024&sportId=11&playerPool=ALL&limit=10000,676879
04eos,Joey Cantillo,Flying Squirrels,2024,24.0,SP,38.666666666666664,39.666666666666664,78.33333333333333,Verified official six-level affiliated workload,https://statsapi.mlb.com/api/v1/stats?stats=season&group=pitching&season=2024&sportId=11&playerPool=ALL&limit=10000;https://statsapi.mlb.com/api/v1/stats?stats=season&group=pitching&season=2024&sportId=16&playerPool=ALL&limit=10000,676282
04eos,Joey Cantillo,Flying Squirrels,2025,25.0,RP,95.33333333333333,21.333333333333332,116.66666666666666,Verified official six-level affiliated workload,https://statsapi.mlb.com/api/v1/stats?stats=season&group=pitching&season=2025&sportId=11&playerPool=ALL&limit=10000,676282
04eos,Joey Cantillo,Flying Squirrels,2026,26.0,SP,159.0,0.0,159.0,Verified official six-level affiliated workload,Exhaustive six-level queries: no recorded affiliated MiLB IP,676282
05rik,Bubba Chandler,TheMissingSox,2025,23.0,SP,31.333333333333332,100.0,131.33333333333334,Verified official six-level affiliated workload,https://statsapi.mlb.com/api/v1/stats?stats=season&group=pitching&season=2025&sportId=11&playerPool=ALL&limit=10000,696149
05rik,Bubba Chandler,TheMissingSox,2026,24.0,SP,154.0,0.0,154.0,Verified official six-level affiliated workload,Exhaustive six-level queries: no recorded affiliated MiLB IP,696149
05vy6,Bryce Miller,Miller & Miller LLP,2023,25.0,SP,131.33333333333334,19.666666666666668,151.0,Verified official six-level affiliated workload,https://statsapi.mlb.com/api/v1/stats?stats=season&group=pitching&season=2023&sportId=12&playerPool=ALL&limit=10000,682243
05vy6,Bryce Miller,Miller & Miller LLP,2024,26.0,SP,180.33333333333334,0.0,180.33333333333334,Verified official six-level affiliated workload,Exhaustive six-level queries: no recorded affiliated MiLB IP,682243
05jp9,Bryce Elder,EpSkenes Island,2023,24.0,SP,174.66666666666666,6.0,180.66666666666666,Verified official six-level affiliated workload,https://statsapi.mlb.com/api/v1/stats?stats=season&group=pitching&season=2023&sportId=11&playerPool=ALL&limit=10000,693821
05jp9,Bryce Elder,EpSkenes Island,2024,25.0,SP,49.666666666666664,101.33333333333333,151.0,Verified official six-level affiliated workload,https://statsapi.mlb.com/api/v1/stats?stats=season&group=pitching&season=2024&sportId=11&playerPool=ALL&limit=10000,693821
05jp9,Bryce Elder,EpSkenes Island,2025,26.0,SP,156.33333333333334,12.333333333333334,168.66666666666669,Verified official six-level affiliated workload,https://statsapi.mlb.com/api/v1/stats?stats=season&group=pitching&season=2025&sportId=11&playerPool=ALL&limit=10000,693821
05sr2,Michael McGreevy,Miller & Miller LLP,2024,24.0,SP,23.0,150.0,173.0,Verified official six-level affiliated workload,https://statsapi.mlb.com/api/v1/stats?stats=season&group=pitching&season=2024&sportId=11&playerPool=ALL&limit=10000,700241
05sr2,Michael McGreevy,Miller & Miller LLP,2025,25.0,SP,95.66666666666667,75.0,170.66666666666669,Verified official six-level affiliated workload,https://statsapi.mlb.com/api/v1/stats?stats=season&group=pitching&season=2025&sportId=11&playerPool=ALL&limit=10000,700241
05sr2,Michael McGreevy,Miller & Miller LLP,2026,26.0,SP,168.66666666666666,0.0,168.66666666666666,Verified official six-level affiliated workload,Exhaustive six-level queries: no recorded affiliated MiLB IP,700241
05h2u,Jared Jones,TheMissingSox,2024,23.0,SP,121.66666666666667,11.0,132.66666666666669,Verified official six-level affiliated workload,https://statsapi.mlb.com/api/v1/stats?stats=season&group=pitching&season=2024&sportId=11&playerPool=ALL&limit=10000,683003
05h2u,Jared Jones,TheMissingSox,2026,25.0,SP,101.66666666666667,18.666666666666668,120.33333333333334,Verified official six-level affiliated workload,https://statsapi.mlb.com/api/v1/stats?stats=season&group=pitching&season=2026&sportId=11&playerPool=ALL&limit=10000;https://statsapi.mlb.com/api/v1/stats?stats=season&group=pitching&season=2026&sportId=12&playerPool=ALL&limit=10000;https://statsapi.mlb.com/api/v1/stats?stats=season&group=pitching&season=2026&sportId=14&playerPool=ALL&limit=10000,683003
064zm,Didier Fuentes,Flying Squirrels,2025,20.0,SP,13.0,57.0,70.0,Verified official six-level affiliated workload,https://statsapi.mlb.com/api/v1/stats?stats=season&group=pitching&season=2025&sportId=11&playerPool=ALL&limit=10000;https://statsapi.mlb.com/api/v1/stats?stats=season&group=pitching&season=2025&sportId=12&playerPool=ALL&limit=10000;https://statsapi.mlb.com/api/v1/stats?stats=season&group=pitching&season=2025&sportId=13&playerPool=ALL&limit=10000,800311
064zm,Didier Fuentes,Flying Squirrels,2026,21.0,RP,73.33333333333333,16.666666666666668,90.0,Verified official six-level affiliated workload,https://statsapi.mlb.com/api/v1/stats?stats=season&group=pitching&season=2026&sportId=11&playerPool=ALL&limit=10000,800311
03pjf,Michael Soroka,Flying Squirrels,2023,26.0,SP,32.333333333333336,87.0,119.33333333333334,Verified official six-level affiliated workload,https://statsapi.mlb.com/api/v1/stats?stats=season&group=pitching&season=2023&sportId=11&playerPool=ALL&limit=10000,647336
04pkt,J.T. Ginn,Sodo Mojo,2024,25.0,SP,34.0,102.66666666666667,136.66666666666669,Verified official six-level affiliated workload,https://statsapi.mlb.com/api/v1/stats?stats=season&group=pitching&season=2024&sportId=11&playerPool=ALL&limit=10000;https://statsapi.mlb.com/api/v1/stats?stats=season&group=pitching&season=2024&sportId=12&playerPool=ALL&limit=10000,669372
04pkt,J.T. Ginn,Sodo Mojo,2025,26.0,SP,90.33333333333333,21.333333333333332,111.66666666666666,Verified official six-level affiliated workload,https://statsapi.mlb.com/api/v1/stats?stats=season&group=pitching&season=2025&sportId=11&playerPool=ALL&limit=10000,669372
05133,Andre Pallante,The Sandlot Sluggers,2023,25.0,RP,68.0,9.666666666666666,77.66666666666667,Verified official six-level affiliated workload,https://statsapi.mlb.com/api/v1/stats?stats=season&group=pitching&season=2023&sportId=11&playerPool=ALL&limit=10000,669467
05133,Andre Pallante,The Sandlot Sluggers,2024,26.0,SP,121.33333333333333,16.333333333333332,137.66666666666666,Verified official six-level affiliated workload,https://statsapi.mlb.com/api/v1/stats?stats=season&group=pitching&season=2024&sportId=11&playerPool=ALL&limit=10000,669467
05js3,Kyle Harrison,TheMissingSox,2023,22.0,SP,34.666666666666664,67.66666666666667,102.33333333333334,Verified official six-level affiliated workload,https://statsapi.mlb.com/api/v1/stats?stats=season&group=pitching&season=2023&sportId=11&playerPool=ALL&limit=10000;https://statsapi.mlb.com/api/v1/stats?stats=season&group=pitching&season=2023&sportId=16&playerPool=ALL&limit=10000,690986
05js3,Kyle Harrison,TheMissingSox,2024,23.0,SP,124.33333333333333,0.0,124.33333333333333,Verified official six-level affiliated workload,Exhaustive six-level queries: no recorded affiliated MiLB IP,690986
05js3,Kyle Harrison,TheMissingSox,2025,24.0,SP,35.666666666666664,76.33333333333333,112.0,Verified official six-level affiliated workload,https://statsapi.mlb.com/api/v1/stats?stats=season&group=pitching&season=2025&sportId=11&playerPool=ALL&limit=10000,690986
05js3,Kyle Harrison,TheMissingSox,2026,25.0,SP,115.66666666666667,5.666666666666667,121.33333333333334,Verified official six-level affiliated workload,https://statsapi.mlb.com/api/v1/stats?stats=season&group=pitching&season=2026&sportId=13&playerPool=ALL&limit=10000,690986
05gdz,Roki Sasaki,TheMissingSox,2025,23.0,SP,36.333333333333336,20.666666666666668,57.0,Verified official six-level affiliated workload,https://statsapi.mlb.com/api/v1/stats?stats=season&group=pitching&season=2025&sportId=11&playerPool=ALL&limit=10000,808963
05gdz,Roki Sasaki,TheMissingSox,2026,24.0,SP,122.33333333333333,0.0,122.33333333333333,Verified official six-level affiliated workload,Exhaustive six-level queries: no recorded affiliated MiLB IP,808963
04cd5,MacKenzie Gore,Ohtani and the Bums,2023,24.0,SP,136.33333333333334,0.0,136.33333333333334,Verified official six-level affiliated workload,Exhaustive six-level queries: no recorded affiliated MiLB IP,669022
04cd5,MacKenzie Gore,Ohtani and the Bums,2024,25.0,SP,166.33333333333334,0.0,166.33333333333334,Verified official six-level affiliated workload,Exhaustive six-level queries: no recorded affiliated MiLB IP,669022
04cd5,MacKenzie Gore,Ohtani and the Bums,2025,26.0,SP,159.66666666666666,0.0,159.66666666666666,Verified official six-level affiliated workload,Exhaustive six-level queries: no recorded affiliated MiLB IP,669022
05xpq,Christian Scott,TheMissingSox,2024,25.0,SP,47.333333333333336,42.333333333333336,89.66666666666667,Verified official six-level affiliated workload,https://statsapi.mlb.com/api/v1/stats?stats=season&group=pitching&season=2024&sportId=11&playerPool=ALL&limit=10000,681035
05uo2,Logan Henderson,Yoho and a Bottle of Rum,2025,23.0,SP,25.333333333333332,77.66666666666667,103.0,Verified official six-level affiliated workload,https://statsapi.mlb.com/api/v1/stats?stats=season&group=pitching&season=2025&sportId=11&playerPool=ALL&limit=10000,701656
05uo2,Logan Henderson,Yoho and a Bottle of Rum,2026,24.0,SP,98.33333333333333,24.0,122.33333333333333,Verified official six-level affiliated workload,https://statsapi.mlb.com/api/v1/stats?stats=season&group=pitching&season=2026&sportId=11&playerPool=ALL&limit=10000,701656
05y5d,Bradgley Rodriguez,Flying Squirrels,2025,21.0,RP,7.666666666666667,36.666666666666664,44.33333333333333,Verified official six-level affiliated workload,https://statsapi.mlb.com/api/v1/stats?stats=season&group=pitching&season=2025&sportId=11&playerPool=ALL&limit=10000;https://statsapi.mlb.com/api/v1/stats?stats=season&group=pitching&season=2025&sportId=12&playerPool=ALL&limit=10000,699134
05y5d,Bradgley Rodriguez,Flying Squirrels,2026,22.0,RP,74.0,1.0,75.0,Verified official six-level affiliated workload,https://statsapi.mlb.com/api/v1/stats?stats=season&group=pitching&season=2026&sportId=12&playerPool=ALL&limit=10000,699134
04mlt,Shane McClanahan,Young Guns,2023,26.0,SP,115.0,0.0,115.0,Verified official six-level affiliated workload,Exhaustive six-level queries: no recorded affiliated MiLB IP,663556
05a2d,Max Meyer,How Lowe Can You Go?,2024,25.0,SP,57.0,58.0,115.0,Verified official six-level affiliated workload,https://statsapi.mlb.com/api/v1/stats?stats=season&group=pitching&season=2024&sportId=11&playerPool=ALL&limit=10000,676974
05a2d,Max Meyer,How Lowe Can You Go?,2025,26.0,SP,64.66666666666667,0.0,64.66666666666667,Verified official six-level affiliated workload,Exhaustive six-level queries: no recorded affiliated MiLB IP,676974
04pxo,Erik Sabrowski,How Lowe Can You Go?,2024,26.0,RP,12.666666666666666,48.666666666666664,61.33333333333333,Verified official six-level affiliated workload,https://statsapi.mlb.com/api/v1/stats?stats=season&group=pitching&season=2024&sportId=11&playerPool=ALL&limit=10000;https://statsapi.mlb.com/api/v1/stats?stats=season&group=pitching&season=2024&sportId=12&playerPool=ALL&limit=10000,681870
05ydo,Juan Morillo,Sodo Mojo,2025,26.0,RP,34.333333333333336,21.0,55.333333333333336,Verified official six-level affiliated workload,https://statsapi.mlb.com/api/v1/stats?stats=season&group=pitching&season=2025&sportId=11&playerPool=ALL&limit=10000,666661
04pps,Hogan Harris,Ohtani and the Bums,2023,26.0,RP,63.0,57.0,120.0,Verified official six-level affiliated workload,https://statsapi.mlb.com/api/v1/stats?stats=season&group=pitching&season=2023&sportId=11&playerPool=ALL&limit=10000,663687
05nso,Abner Uribe,Flying Squirrels,2023,23.0,RP,30.666666666666668,23.0,53.66666666666667,Verified official six-level affiliated workload,https://statsapi.mlb.com/api/v1/stats?stats=season&group=pitching&season=2023&sportId=11&playerPool=ALL&limit=10000;https://statsapi.mlb.com/api/v1/stats?stats=season&group=pitching&season=2023&sportId=12&playerPool=ALL&limit=10000,682842
05nso,Abner Uribe,Flying Squirrels,2024,24.0,RP,14.333333333333334,8.666666666666666,23.0,Verified official six-level affiliated workload,https://statsapi.mlb.com/api/v1/stats?stats=season&group=pitching&season=2024&sportId=11&playerPool=ALL&limit=10000,682842
05nso,Abner Uribe,Flying Squirrels,2025,25.0,RP,75.33333333333333,0.0,75.33333333333333,Verified official six-level affiliated workload,Exhaustive six-level queries: no recorded affiliated MiLB IP,682842
05nso,Abner Uribe,Flying Squirrels,2026,26.0,RP,59.333333333333336,2.0,61.333333333333336,Verified official six-level affiliated workload,https://statsapi.mlb.com/api/v1/stats?stats=season&group=pitching&season=2026&sportId=13&playerPool=ALL&limit=10000,682842
05u6r,Robert Gasser,Young Guns,2024,25.0,SP,28.0,12.0,40.0,Verified official six-level affiliated workload,https://statsapi.mlb.com/api/v1/stats?stats=season&group=pitching&season=2024&sportId=11&playerPool=ALL&limit=10000,688107
05u6r,Robert Gasser,Young Guns,2025,26.0,SP,5.666666666666667,38.0,43.666666666666664,Verified official six-level affiliated workload,https://statsapi.mlb.com/api/v1/stats?stats=season&group=pitching&season=2025&sportId=11&playerPool=ALL&limit=10000;https://statsapi.mlb.com/api/v1/stats?stats=season&group=pitching&season=2025&sportId=13&playerPool=ALL&limit=10000;https://statsapi.mlb.com/api/v1/stats?stats=season&group=pitching&season=2025&sportId=16&playerPool=ALL&limit=10000,688107
064no,Spencer Miles,Yoho and a Bottle of Rum,2026,26.0,RP,95.66666666666667,0.0,95.66666666666667,Verified official six-level affiliated workload,Exhaustive six-level queries: no recorded affiliated MiLB IP,693686
04tlv,Bryan Abreu,How Lowe Can You Go?,2023,26.0,RP,72.0,0.0,72.0,Verified official six-level affiliated workload,Exhaustive six-level queries: no recorded affiliated MiLB IP,650556
05144,Hunter Brown,EpSkenes Island,2023,25.0,SP,155.66666666666666,0.0,155.66666666666666,Verified official six-level affiliated workload,Exhaustive six-level queries: no recorded affiliated MiLB IP,686613
05144,Hunter Brown,EpSkenes Island,2024,26.0,SP,170.0,0.0,170.0,Verified official six-level affiliated workload,Exhaustive six-level queries: no recorded affiliated MiLB IP,686613
06guh,Brandyn Garcia,Cafécitos de Spokane,2025,25.0,RP,14.333333333333334,44.333333333333336,58.66666666666667,Verified official six-level affiliated workload,https://statsapi.mlb.com/api/v1/stats?stats=season&group=pitching&season=2025&sportId=11&playerPool=ALL&limit=10000;https://statsapi.mlb.com/api/v1/stats?stats=season&group=pitching&season=2025&sportId=12&playerPool=ALL&limit=10000,805299
06guh,Brandyn Garcia,Cafécitos de Spokane,2026,26.0,RP,51.333333333333336,12.333333333333334,63.66666666666667,Verified official six-level affiliated workload,https://statsapi.mlb.com/api/v1/stats?stats=season&group=pitching&season=2026&sportId=11&playerPool=ALL&limit=10000,805299
0648r,Andrew Morris,How Lowe Can You Go?,2026,25.0,RP,73.66666666666667,7.333333333333333,81.0,Verified official six-level affiliated workload,https://statsapi.mlb.com/api/v1/stats?stats=season&group=pitching&season=2026&sportId=11&playerPool=ALL&limit=10000,702193
060i2,Jake Bennett,Cafécitos de Spokane,2026,25.0,SP,113.33333333333333,39.333333333333336,152.66666666666666,Verified official six-level affiliated workload,https://statsapi.mlb.com/api/v1/stats?stats=season&group=pitching&season=2026&sportId=11&playerPool=ALL&limit=10000,687562
041r5,Dustin May,Ohtani and the Bums,2023,26.0,SP,48.0,0.0,48.0,Verified official six-level affiliated workload,Exhaustive six-level queries: no recorded affiliated MiLB IP,669160
06apx,Trey Yesavage,Miller & Miller LLP,2025,22.0,SP,14.0,98.0,112.0,Verified official six-level affiliated workload,https://statsapi.mlb.com/api/v1/stats?stats=season&group=pitching&season=2025&sportId=11&playerPool=ALL&limit=10000;https://statsapi.mlb.com/api/v1/stats?stats=season&group=pitching&season=2025&sportId=12&playerPool=ALL&limit=10000;https://statsapi.mlb.com/api/v1/stats?stats=season&group=pitching&season=2025&sportId=13&playerPool=ALL&limit=10000;https://statsapi.mlb.com/api/v1/stats?stats=season&group=pitching&season=2025&sportId=14&playerPool=ALL&limit=10000,702056
06apx,Trey Yesavage,Miller & Miller LLP,2026,23.0,SP,97.66666666666667,12.666666666666666,110.33333333333334,Verified official six-level affiliated workload,https://statsapi.mlb.com/api/v1/stats?stats=season&group=pitching&season=2026&sportId=11&playerPool=ALL&limit=10000;https://statsapi.mlb.com/api/v1/stats?stats=season&group=pitching&season=2026&sportId=14&playerPool=ALL&limit=10000,702056
0657l,Jack Perkins,How Lowe Can You Go?,2025,25.0,RP,38.666666666666664,44.0,82.66666666666666,Verified official six-level affiliated workload,https://statsapi.mlb.com/api/v1/stats?stats=season&group=pitching&season=2025&sportId=11&playerPool=ALL&limit=10000,678022
0657l,Jack Perkins,How Lowe Can You Go?,2026,26.0,RP,121.0,7.666666666666667,128.66666666666666,Verified official six-level affiliated workload,https://statsapi.mlb.com/api/v1/stats?stats=season&group=pitching&season=2026&sportId=11&playerPool=ALL&limit=10000,678022
05itb,Randy Vasquez,Miller & Miller LLP,2023,24.0,RP,37.666666666666664,80.33333333333333,118.0,Verified official six-level affiliated workload,https://statsapi.mlb.com/api/v1/stats?stats=season&group=pitching&season=2023&sportId=11&playerPool=ALL&limit=10000,681190
05itb,Randy Vasquez,Miller & Miller LLP,2024,25.0,SP,98.0,41.666666666666664,139.66666666666666,Verified official six-level affiliated workload,https://statsapi.mlb.com/api/v1/stats?stats=season&group=pitching&season=2024&sportId=11&playerPool=ALL&limit=10000,681190
05itb,Randy Vasquez,Miller & Miller LLP,2025,26.0,SP,133.66666666666666,8.0,141.66666666666666,Verified official six-level affiliated workload,https://statsapi.mlb.com/api/v1/stats?stats=season&group=pitching&season=2025&sportId=11&playerPool=ALL&limit=10000,681190
04mlx,Matthew Liberatore,Yoho and a Bottle of Rum,2023,23.0,SP,61.666666666666664,64.66666666666667,126.33333333333334,Verified official six-level affiliated workload,https://statsapi.mlb.com/api/v1/stats?stats=season&group=pitching&season=2023&sportId=11&playerPool=ALL&limit=10000,669461
04mlx,Matthew Liberatore,Yoho and a Bottle of Rum,2024,24.0,RP,86.0,0.0,86.0,Verified official six-level affiliated workload,Exhaustive six-level queries: no recorded affiliated MiLB IP,669461
04mlx,Matthew Liberatore,Yoho and a Bottle of Rum,2025,25.0,SP,151.66666666666666,0.0,151.66666666666666,Verified official six-level affiliated workload,Exhaustive six-level queries: no recorded affiliated MiLB IP,669461
04mlx,Matthew Liberatore,Yoho and a Bottle of Rum,2026,26.0,SP,155.0,0.0,155.0,Verified official six-level affiliated workload,Exhaustive six-level queries: no recorded affiliated MiLB IP,669461
04xne,Yoendrys Gomez,Shea Stadiums,2023,23.0,RP,2.0,65.33333333333333,67.33333333333333,Verified official six-level affiliated workload,https://statsapi.mlb.com/api/v1/stats?stats=season&group=pitching&season=2023&sportId=12&playerPool=ALL&limit=10000,672782
04xne,Yoendrys Gomez,Shea Stadiums,2024,24.0,RP,11.333333333333334,83.33333333333333,94.66666666666666,Verified official six-level affiliated workload,https://statsapi.mlb.com/api/v1/stats?stats=season&group=pitching&season=2024&sportId=11&playerPool=ALL&limit=10000,672782
04xne,Yoendrys Gomez,Shea Stadiums,2025,25.0,RP,62.666666666666664,46.666666666666664,109.33333333333333,Verified official six-level affiliated workload,https://statsapi.mlb.com/api/v1/stats?stats=season&group=pitching&season=2025&sportId=11&playerPool=ALL&limit=10000,672782
04xne,Yoendrys Gomez,Shea Stadiums,2026,26.0,RP,67.0,0.0,67.0,Verified official six-level affiliated workload,Exhaustive six-level queries: no recorded affiliated MiLB IP,672782
05w7z,Edgardo Henriquez,TheMissingSox,2024,22.0,RP,3.3333333333333335,53.0,56.333333333333336,Verified official six-level affiliated workload,https://statsapi.mlb.com/api/v1/stats?stats=season&group=pitching&season=2024&sportId=11&playerPool=ALL&limit=10000;https://statsapi.mlb.com/api/v1/stats?stats=season&group=pitching&season=2024&sportId=12&playerPool=ALL&limit=10000;https://statsapi.mlb.com/api/v1/stats?stats=season&group=pitching&season=2024&sportId=13&playerPool=ALL&limit=10000;https://statsapi.mlb.com/api/v1/stats?stats=season&group=pitching&season=2024&sportId=14&playerPool=ALL&limit=10000,683618
05w7z,Edgardo Henriquez,TheMissingSox,2025,23.0,RP,19.0,23.666666666666668,42.66666666666667,Verified official six-level affiliated workload,https://statsapi.mlb.com/api/v1/stats?stats=season&group=pitching&season=2025&sportId=11&playerPool=ALL&limit=10000,683618
05w7z,Edgardo Henriquez,TheMissingSox,2026,24.0,RP,60.0,0.0,60.0,Verified official six-level affiliated workload,Exhaustive six-level queries: no recorded affiliated MiLB IP,683618
05y2l,Emmet Sheehan,The Sandlot Sluggers,2023,23.0,SP,60.333333333333336,63.0,123.33333333333334,Verified official six-level affiliated workload,https://statsapi.mlb.com/api/v1/stats?stats=season&group=pitching&season=2023&sportId=11&playerPool=ALL&limit=10000;https://statsapi.mlb.com/api/v1/stats?stats=season&group=pitching&season=2023&sportId=12&playerPool=ALL&limit=10000,686218
05y2l,Emmet Sheehan,The Sandlot Sluggers,2025,25.0,SP,73.33333333333333,19.666666666666668,93.0,Verified official six-level affiliated workload,https://statsapi.mlb.com/api/v1/stats?stats=season&group=pitching&season=2025&sportId=11&playerPool=ALL&limit=10000;https://statsapi.mlb.com/api/v1/stats?stats=season&group=pitching&season=2025&sportId=16&playerPool=ALL&limit=10000,686218
05y2l,Emmet Sheehan,The Sandlot Sluggers,2026,26.0,SP,112.33333333333333,18.0,130.33333333333331,Verified official six-level affiliated workload,https://statsapi.mlb.com/api/v1/stats?stats=season&group=pitching&season=2026&sportId=11&playerPool=ALL&limit=10000,686218
05uc4,Troy Melton,EpSkenes Island,2025,24.0,RP,45.666666666666664,75.33333333333333,121.0,Verified official six-level affiliated workload,https://statsapi.mlb.com/api/v1/stats?stats=season&group=pitching&season=2025&sportId=11&playerPool=ALL&limit=10000;https://statsapi.mlb.com/api/v1/stats?stats=season&group=pitching&season=2025&sportId=12&playerPool=ALL&limit=10000,675512
05uc4,Troy Melton,EpSkenes Island,2026,25.0,SP,114.33333333333333,11.666666666666666,126.0,Verified official six-level affiliated workload,https://statsapi.mlb.com/api/v1/stats?stats=season&group=pitching&season=2026&sportId=11&playerPool=ALL&limit=10000;https://statsapi.mlb.com/api/v1/stats?stats=season&group=pitching&season=2026&sportId=14&playerPool=ALL&limit=10000,675512
05143,Hunter Gaddis,How Lowe Can You Go?,2023,25.0,SP,42.0,74.33333333333333,116.33333333333333,Verified official six-level affiliated workload,https://statsapi.mlb.com/api/v1/stats?stats=season&group=pitching&season=2023&sportId=11&playerPool=ALL&limit=10000,683769
05143,Hunter Gaddis,How Lowe Can You Go?,2024,26.0,RP,74.66666666666667,0.0,74.66666666666667,Verified official six-level affiliated workload,Exhaustive six-level queries: no recorded affiliated MiLB IP,683769
05joq,Connor Prielipp,EpSkenes Island,2026,25.0,SP,125.66666666666667,18.666666666666668,144.33333333333334,Verified official six-level affiliated workload,https://statsapi.mlb.com/api/v1/stats?stats=season&group=pitching&season=2026&sportId=11&playerPool=ALL&limit=10000,687570
066cf,Zebby Matthews,TheMissingSox,2024,24.0,SP,37.666666666666664,97.0,134.66666666666666,Verified official six-level affiliated workload,https://statsapi.mlb.com/api/v1/stats?stats=season&group=pitching&season=2024&sportId=11&playerPool=ALL&limit=10000;https://statsapi.mlb.com/api/v1/stats?stats=season&group=pitching&season=2024&sportId=12&playerPool=ALL&limit=10000;https://statsapi.mlb.com/api/v1/stats?stats=season&group=pitching&season=2024&sportId=13&playerPool=ALL&limit=10000,805673
066cf,Zebby Matthews,TheMissingSox,2025,25.0,SP,79.33333333333333,36.666666666666664,116.0,Verified official six-level affiliated workload,https://statsapi.mlb.com/api/v1/stats?stats=season&group=pitching&season=2025&sportId=11&playerPool=ALL&limit=10000,805673
066cf,Zebby Matthews,TheMissingSox,2026,26.0,SP,130.33333333333334,34.333333333333336,164.66666666666669,Verified official six-level affiliated workload,https://statsapi.mlb.com/api/v1/stats?stats=season&group=pitching&season=2026&sportId=11&playerPool=ALL&limit=10000,805673
04t40,Brayan Bello,EpSkenes Island,2023,24.0,SP,157.0,6.0,163.0,Verified official six-level affiliated workload,https://statsapi.mlb.com/api/v1/stats?stats=season&group=pitching&season=2023&sportId=11&playerPool=ALL&limit=10000,678394
04t40,Brayan Bello,EpSkenes Island,2024,25.0,SP,162.33333333333334,2.6666666666666665,165.0,Verified official six-level affiliated workload,https://statsapi.mlb.com/api/v1/stats?stats=season&group=pitching&season=2024&sportId=12&playerPool=ALL&limit=10000,678394
04t40,Brayan Bello,EpSkenes Island,2025,26.0,SP,166.66666666666666,14.0,180.66666666666666,Verified official six-level affiliated workload,https://statsapi.mlb.com/api/v1/stats?stats=season&group=pitching&season=2025&sportId=11&playerPool=ALL&limit=10000;https://statsapi.mlb.com/api/v1/stats?stats=season&group=pitching&season=2025&sportId=12&playerPool=ALL&limit=10000,678394
05jq2,Andrew Abbott,EpSkenes Island,2023,24.0,SP,109.33333333333333,54.0,163.33333333333331,Verified official six-level affiliated workload,https://statsapi.mlb.com/api/v1/stats?stats=season&group=pitching&season=2023&sportId=11&playerPool=ALL&limit=10000;https://statsapi.mlb.com/api/v1/stats?stats=season&group=pitching&season=2023&sportId=12&playerPool=ALL&limit=10000,671096
05jq2,Andrew Abbott,EpSkenes Island,2024,25.0,SP,138.0,0.0,138.0,Verified official six-level affiliated workload,Exhaustive six-level queries: no recorded affiliated MiLB IP,671096
05jq2,Andrew Abbott,EpSkenes Island,2025,26.0,SP,166.33333333333334,10.0,176.33333333333334,Verified official six-level affiliated workload,https://statsapi.mlb.com/api/v1/stats?stats=season&group=pitching&season=2025&sportId=11&playerPool=ALL&limit=10000,671096
06f1r,Connelly Early,TheMissingSox,2025,23.0,SP,19.333333333333332,100.33333333333333,119.66666666666666,Verified official six-level affiliated workload,https://statsapi.mlb.com/api/v1/stats?stats=season&group=pitching&season=2025&sportId=11&playerPool=ALL&limit=10000;https://statsapi.mlb.com/api/v1/stats?stats=season&group=pitching&season=2025&sportId=12&playerPool=ALL&limit=10000,813349
06f1r,Connelly Early,TheMissingSox,2026,24.0,SP,94.66666666666667,2.6666666666666665,97.33333333333334,Verified official six-level affiliated workload,https://statsapi.mlb.com/api/v1/stats?stats=season&group=pitching&season=2026&sportId=11&playerPool=ALL&limit=10000,813349
05r3i,Andrew Painter,TheMissingSox,2026,23.0,SP,126.66666666666667,23.666666666666668,150.33333333333334,Verified official six-level affiliated workload,https://statsapi.mlb.com/api/v1/stats?stats=season&group=pitching&season=2026&sportId=11&playerPool=ALL&limit=10000,691725
04o2w,Ben Brown,Young Guns,2024,25.0,SP,55.333333333333336,0.0,55.333333333333336,Verified official six-level affiliated workload,Exhaustive six-level queries: no recorded affiliated MiLB IP,676962
04o2w,Ben Brown,Young Guns,2025,26.0,SP,106.33333333333333,11.0,117.33333333333333,Verified official six-level affiliated workload,https://statsapi.mlb.com/api/v1/stats?stats=season&group=pitching&season=2025&sportId=11&playerPool=ALL&limit=10000,676962
066b2,Drew Sommers,Yoho and a Bottle of Rum,2025,25.0,RP,3.0,63.333333333333336,66.33333333333334,Verified official six-level affiliated workload,https://statsapi.mlb.com/api/v1/stats?stats=season&group=pitching&season=2025&sportId=11&playerPool=ALL&limit=10000;https://statsapi.mlb.com/api/v1/stats?stats=season&group=pitching&season=2025&sportId=12&playerPool=ALL&limit=10000,805427
066b2,Drew Sommers,Yoho and a Bottle of Rum,2026,26.0,RP,39.666666666666664,21.0,60.666666666666664,Verified official six-level affiliated workload,https://statsapi.mlb.com/api/v1/stats?stats=season&group=pitching&season=2026&sportId=11&playerPool=ALL&limit=10000,805427
06ekq,Zac Thornton,The Sandlot Sluggers,2026,24.0,SP,84.33333333333333,62.666666666666664,147.0,Verified official six-level affiliated workload,https://statsapi.mlb.com/api/v1/stats?stats=season&group=pitching&season=2026&sportId=11&playerPool=ALL&limit=10000;https://statsapi.mlb.com/api/v1/stats?stats=season&group=pitching&season=2026&sportId=12&playerPool=ALL&limit=10000,804267
061bo,Rhett Lowder,Flying Squirrels,2024,22.0,SP,30.666666666666668,108.66666666666667,139.33333333333334,Verified official six-level affiliated workload,https://statsapi.mlb.com/api/v1/stats?stats=season&group=pitching&season=2024&sportId=11&playerPool=ALL&limit=10000;https://statsapi.mlb.com/api/v1/stats?stats=season&group=pitching&season=2024&sportId=12&playerPool=ALL&limit=10000;https://statsapi.mlb.com/api/v1/stats?stats=season&group=pitching&season=2024&sportId=13&playerPool=ALL&limit=10000,695076
061bo,Rhett Lowder,Flying Squirrels,2026,24.0,SP,133.33333333333334,5.0,138.33333333333334,Verified official six-level affiliated workload,https://statsapi.mlb.com/api/v1/stats?stats=season&group=pitching&season=2026&sportId=11&playerPool=ALL&limit=10000,695076
05jnq,Clayton Beeter,Miller & Miller LLP,2024,25.0,RP,3.6666666666666665,39.0,42.666666666666664,Verified official six-level affiliated workload,https://statsapi.mlb.com/api/v1/stats?stats=season&group=pitching&season=2024&sportId=11&playerPool=ALL&limit=10000;https://statsapi.mlb.com/api/v1/stats?stats=season&group=pitching&season=2024&sportId=12&playerPool=ALL&limit=10000,690925
05jnq,Clayton Beeter,Miller & Miller LLP,2025,26.0,RP,25.333333333333332,27.666666666666668,53.0,Verified official six-level affiliated workload,https://statsapi.mlb.com/api/v1/stats?stats=season&group=pitching&season=2025&sportId=11&playerPool=ALL&limit=10000;https://statsapi.mlb.com/api/v1/stats?stats=season&group=pitching&season=2025&sportId=12&playerPool=ALL&limit=10000;https://statsapi.mlb.com/api/v1/stats?stats=season&group=pitching&season=2025&sportId=14&playerPool=ALL&limit=10000,690925
05y0j,Spencer Arrighetti,The Sandlot Sluggers,2024,24.0,SP,145.0,8.333333333333334,153.33333333333334,Verified official six-level affiliated workload,https://statsapi.mlb.com/api/v1/stats?stats=season&group=pitching&season=2024&sportId=11&playerPool=ALL&limit=10000,681293
05y0j,Spencer Arrighetti,The Sandlot Sluggers,2025,25.0,SP,35.333333333333336,11.0,46.333333333333336,Verified official six-level affiliated workload,https://statsapi.mlb.com/api/v1/stats?stats=season&group=pitching&season=2025&sportId=11&playerPool=ALL&limit=10000;https://statsapi.mlb.com/api/v1/stats?stats=season&group=pitching&season=2025&sportId=12&playerPool=ALL&limit=10000,681293
05y0j,Spencer Arrighetti,The Sandlot Sluggers,2026,26.0,SP,110.66666666666667,20.333333333333332,131.0,Verified official six-level affiliated workload,https://statsapi.mlb.com/api/v1/stats?stats=season&group=pitching&season=2026&sportId=11&playerPool=ALL&limit=10000,681293
062ob,Jose Ferrer,Sodo Mojo,2023,23.0,RP,34.0,40.0,74.0,Verified official six-level affiliated workload,https://statsapi.mlb.com/api/v1/stats?stats=season&group=pitching&season=2023&sportId=11&playerPool=ALL&limit=10000,678606
062ob,Jose Ferrer,Sodo Mojo,2024,24.0,RP,32.0,8.666666666666666,40.666666666666664,Verified official six-level affiliated workload,https://statsapi.mlb.com/api/v1/stats?stats=season&group=pitching&season=2024&sportId=12&playerPool=ALL&limit=10000;https://statsapi.mlb.com/api/v1/stats?stats=season&group=pitching&season=2024&sportId=16&playerPool=ALL&limit=10000,678606
062ob,Jose Ferrer,Sodo Mojo,2025,25.0,RP,76.33333333333333,0.0,76.33333333333333,Verified official six-level affiliated workload,Exhaustive six-level queries: no recorded affiliated MiLB IP,678606
062ob,Jose Ferrer,Sodo Mojo,2026,26.0,RP,64.66666666666667,0.0,64.66666666666667,Verified official six-level affiliated workload,Exhaustive six-level queries: no recorded affiliated MiLB IP,678606
0515o,Brandon Sproat,TheMissingSox,2025,25.0,SP,20.666666666666668,121.0,141.66666666666666,Verified official six-level affiliated workload,https://statsapi.mlb.com/api/v1/stats?stats=season&group=pitching&season=2025&sportId=11&playerPool=ALL&limit=10000,687075
0515o,Brandon Sproat,TheMissingSox,2026,26.0,SP,97.0,22.333333333333332,119.33333333333333,Verified official six-level affiliated workload,https://statsapi.mlb.com/api/v1/stats?stats=season&group=pitching&season=2026&sportId=11&playerPool=ALL&limit=10000,687075
05t9g,Gage Jump,TheMissingSox,2026,23.0,SP,98.66666666666667,38.0,136.66666666666669,Verified official six-level affiliated workload,https://statsapi.mlb.com/api/v1/stats?stats=season&group=pitching&season=2026&sportId=11&playerPool=ALL&limit=10000,695611
04pmb,Kris Bubic,The Sandlot Sluggers,2023,26.0,SP,16.0,0.0,16.0,Verified official six-level affiliated workload,Exhaustive six-level queries: no recorded affiliated MiLB IP,663460
04esc,Keaton Winn,Yoho and a Bottle of Rum,2023,25.0,SP,42.333333333333336,58.0,100.33333333333334,Verified official six-level affiliated workload,https://statsapi.mlb.com/api/v1/stats?stats=season&group=pitching&season=2023&sportId=11&playerPool=ALL&limit=10000,676775
04esc,Keaton Winn,Yoho and a Bottle of Rum,2024,26.0,SP,55.333333333333336,3.6666666666666665,59.0,Verified official six-level affiliated workload,https://statsapi.mlb.com/api/v1/stats?stats=season&group=pitching&season=2024&sportId=16&playerPool=ALL&limit=10000,676775
05rb0,Jackson Jobe,TheMissingSox,2024,22.0,RP,4.0,91.66666666666667,95.66666666666667,Verified official six-level affiliated workload,https://statsapi.mlb.com/api/v1/stats?stats=season&group=pitching&season=2024&sportId=11&playerPool=ALL&limit=10000;https://statsapi.mlb.com/api/v1/stats?stats=season&group=pitching&season=2024&sportId=12&playerPool=ALL&limit=10000;https://statsapi.mlb.com/api/v1/stats?stats=season&group=pitching&season=2024&sportId=13&playerPool=ALL&limit=10000,695549
05rb0,Jackson Jobe,TheMissingSox,2025,23.0,SP,49.0,0.0,49.0,Verified official six-level affiliated workload,Exhaustive six-level queries: no recorded affiliated MiLB IP,695549
05rb0,Jackson Jobe,TheMissingSox,2026,24.0,SP,46.0,15.333333333333334,61.333333333333336,Verified official six-level affiliated workload,https://statsapi.mlb.com/api/v1/stats?stats=season&group=pitching&season=2026&sportId=12&playerPool=ALL&limit=10000;https://statsapi.mlb.com/api/v1/stats?stats=season&group=pitching&season=2026&sportId=13&playerPool=ALL&limit=10000;https://statsapi.mlb.com/api/v1/stats?stats=season&group=pitching&season=2026&sportId=14&playerPool=ALL&limit=10000;https://statsapi.mlb.com/api/v1/stats?stats=season&group=pitching&season=2026&sportId=16&playerPool=ALL&limit=10000,695549
0514f,Hayden Wesneski,Cafécitos de Spokane,2023,25.0,RP,89.33333333333333,20.0,109.33333333333333,Verified official six-level affiliated workload,https://statsapi.mlb.com/api/v1/stats?stats=season&group=pitching&season=2023&sportId=11&playerPool=ALL&limit=10000,669713
0514f,Hayden Wesneski,Cafécitos de Spokane,2024,26.0,RP,67.66666666666667,15.666666666666666,83.33333333333334,Verified official six-level affiliated workload,https://statsapi.mlb.com/api/v1/stats?stats=season&group=pitching&season=2024&sportId=11&playerPool=ALL&limit=10000,669713
05zq4,Ryan Johnson,Ohtani and the Bums,2025,23.0,RP,14.666666666666666,57.333333333333336,72.0,Verified official six-level affiliated workload,https://statsapi.mlb.com/api/v1/stats?stats=season&group=pitching&season=2025&sportId=13&playerPool=ALL&limit=10000,696270
05zq4,Ryan Johnson,Ohtani and the Bums,2026,24.0,SP,100.0,28.666666666666668,128.66666666666666,Verified official six-level affiliated workload,https://statsapi.mlb.com/api/v1/stats?stats=season&group=pitching&season=2026&sportId=11&playerPool=ALL&limit=10000;https://statsapi.mlb.com/api/v1/stats?stats=season&group=pitching&season=2026&sportId=12&playerPool=ALL&limit=10000;https://statsapi.mlb.com/api/v1/stats?stats=season&group=pitching&season=2026&sportId=14&playerPool=ALL&limit=10000,696270
04pko,Grayson Rodriguez,Young Guns,2023,23.0,SP,122.0,41.333333333333336,163.33333333333334,Verified official six-level affiliated workload,https://statsapi.mlb.com/api/v1/stats?stats=season&group=pitching&season=2023&sportId=11&playerPool=ALL&limit=10000,680570
04pko,Grayson Rodriguez,Young Guns,2024,24.0,SP,116.66666666666667,0.0,116.66666666666667,Verified official six-level affiliated workload,Exhaustive six-level queries: no recorded affiliated MiLB IP,680570
04pko,Grayson Rodriguez,Young Guns,2026,26.0,SP,98.66666666666667,19.0,117.66666666666667,Verified official six-level affiliated workload,https://statsapi.mlb.com/api/v1/stats?stats=season&group=pitching&season=2026&sportId=11&playerPool=ALL&limit=10000;https://statsapi.mlb.com/api/v1/stats?stats=season&group=pitching&season=2026&sportId=14&playerPool=ALL&limit=10000;https://statsapi.mlb.com/api/v1/stats?stats=season&group=pitching&season=2026&sportId=16&playerPool=ALL&limit=10000,680570
041ps,Nick Lodolo,Young Guns,2023,25.0,SP,34.333333333333336,7.333333333333333,41.66666666666667,Verified official six-level affiliated workload,https://statsapi.mlb.com/api/v1/stats?stats=season&group=pitching&season=2023&sportId=11&playerPool=ALL&limit=10000;https://statsapi.mlb.com/api/v1/stats?stats=season&group=pitching&season=2023&sportId=12&playerPool=ALL&limit=10000;https://statsapi.mlb.com/api/v1/stats?stats=season&group=pitching&season=2023&sportId=16&playerPool=ALL&limit=10000,666157
041ps,Nick Lodolo,Young Guns,2024,26.0,SP,115.33333333333333,7.666666666666667,123.0,Verified official six-level affiliated workload,https://statsapi.mlb.com/api/v1/stats?stats=season&group=pitching&season=2024&sportId=11&playerPool=ALL&limit=10000,666157
04yid,Ryne Nelson,Cafécitos de Spokane,2023,25.0,SP,144.0,21.666666666666668,165.66666666666666,Verified official six-level affiliated workload,https://statsapi.mlb.com/api/v1/stats?stats=season&group=pitching&season=2023&sportId=11&playerPool=ALL&limit=10000,669194
04yid,Ryne Nelson,Cafécitos de Spokane,2024,26.0,SP,150.66666666666666,0.0,150.66666666666666,Verified official six-level affiliated workload,Exhaustive six-level queries: no recorded affiliated MiLB IP,669194
05zd4,Hagen Smith,Young Guns,2026,23.0,RP,28.0,58.333333333333336,86.33333333333334,Verified official six-level affiliated workload,https://statsapi.mlb.com/api/v1/stats?stats=season&group=pitching&season=2026&sportId=11&playerPool=ALL&limit=10000,696146
04y9o,Jack Leiter,The Sandlot Sluggers,2024,24.0,SP,35.666666666666664,77.0,112.66666666666666,Verified official six-level affiliated workload,https://statsapi.mlb.com/api/v1/stats?stats=season&group=pitching&season=2024&sportId=11&playerPool=ALL&limit=10000,683004
04y9o,Jack Leiter,The Sandlot Sluggers,2025,25.0,SP,151.66666666666666,4.666666666666667,156.33333333333331,Verified official six-level affiliated workload,https://statsapi.mlb.com/api/v1/stats?stats=season&group=pitching&season=2025&sportId=11&playerPool=ALL&limit=10000,683004
04y9o,Jack Leiter,The Sandlot Sluggers,2026,26.0,SP,80.0,6.666666666666667,86.66666666666667,Verified official six-level affiliated workload,https://statsapi.mlb.com/api/v1/stats?stats=season&group=pitching&season=2026&sportId=11&playerPool=ALL&limit=10000;https://statsapi.mlb.com/api/v1/stats?stats=season&group=pitching&season=2026&sportId=12&playerPool=ALL&limit=10000,683004
05uc7,Noah Schultz,TheMissingSox,2026,23.0,SP,74.33333333333333,44.666666666666664,119.0,Verified official six-level affiliated workload,https://statsapi.mlb.com/api/v1/stats?stats=season&group=pitching&season=2026&sportId=11&playerPool=ALL&limit=10000,702273
04pvl,Mike Burrows,Yoho and a Bottle of Rum,2024,24.0,RP,3.3333333333333335,51.333333333333336,54.66666666666667,Verified official six-level affiliated workload,https://statsapi.mlb.com/api/v1/stats?stats=season&group=pitching&season=2024&sportId=11&playerPool=ALL&limit=10000;https://statsapi.mlb.com/api/v1/stats?stats=season&group=pitching&season=2024&sportId=14&playerPool=ALL&limit=10000;https://statsapi.mlb.com/api/v1/stats?stats=season&group=pitching&season=2024&sportId=16&playerPool=ALL&limit=10000,681347
04pvl,Mike Burrows,Yoho and a Bottle of Rum,2025,25.0,SP,96.0,32.333333333333336,128.33333333333334,Verified official six-level affiliated workload,https://statsapi.mlb.com/api/v1/stats?stats=season&group=pitching&season=2025&sportId=11&playerPool=ALL&limit=10000,681347
04pvl,Mike Burrows,Yoho and a Bottle of Rum,2026,26.0,SP,94.66666666666667,15.333333333333334,110.0,Verified official six-level affiliated workload,https://statsapi.mlb.com/api/v1/stats?stats=season&group=pitching&season=2026&sportId=11&playerPool=ALL&limit=10000,681347
05jrv,Will Klein,Yoho and a Bottle of Rum,2024,24.0,RP,7.333333333333333,43.0,50.333333333333336,Verified official six-level affiliated workload,https://statsapi.mlb.com/api/v1/stats?stats=season&group=pitching&season=2024&sportId=11&playerPool=ALL&limit=10000,694361
05jrv,Will Klein,Yoho and a Bottle of Rum,2025,25.0,RP,15.333333333333334,44.0,59.333333333333336,Verified official six-level affiliated workload,https://statsapi.mlb.com/api/v1/stats?stats=season&group=pitching&season=2025&sportId=11&playerPool=ALL&limit=10000,694361
05jrv,Will Klein,Yoho and a Bottle of Rum,2026,26.0,RP,41.666666666666664,0.0,41.666666666666664,Verified official six-level affiliated workload,Exhaustive six-level queries: no recorded affiliated MiLB IP,694361
05yj0,Chase Dollander,How Lowe Can You Go?,2025,23.0,SP,98.0,15.333333333333334,113.33333333333333,Verified official six-level affiliated workload,https://statsapi.mlb.com/api/v1/stats?stats=season&group=pitching&season=2025&sportId=11&playerPool=ALL&limit=10000,801403
05yj0,Chase Dollander,How Lowe Can You Go?,2026,24.0,RP,44.0,0.0,44.0,Verified official six-level affiliated workload,Exhaustive six-level queries: no recorded affiliated MiLB IP,801403
05u4l,Daniel Palencia,Flying Squirrels,2023,23.0,RP,28.333333333333332,29.0,57.33333333333333,Verified official six-level affiliated workload,https://statsapi.mlb.com/api/v1/stats?stats=season&group=pitching&season=2023&sportId=11&playerPool=ALL&limit=10000;https://statsapi.mlb.com/api/v1/stats?stats=season&group=pitching&season=2023&sportId=12&playerPool=ALL&limit=10000,694037
05u4l,Daniel Palencia,Flying Squirrels,2024,24.0,RP,14.666666666666666,39.0,53.666666666666664,Verified official six-level affiliated workload,https://statsapi.mlb.com/api/v1/stats?stats=season&group=pitching&season=2024&sportId=11&playerPool=ALL&limit=10000,694037
05u4l,Daniel Palencia,Flying Squirrels,2025,25.0,RP,52.666666666666664,4.666666666666667,57.33333333333333,Verified official six-level affiliated workload,https://statsapi.mlb.com/api/v1/stats?stats=season&group=pitching&season=2025&sportId=11&playerPool=ALL&limit=10000,694037
05u4l,Daniel Palencia,Flying Squirrels,2026,26.0,RP,29.666666666666668,5.0,34.66666666666667,Verified official six-level affiliated workload,https://statsapi.mlb.com/api/v1/stats?stats=season&group=pitching&season=2026&sportId=11&playerPool=ALL&limit=10000;https://statsapi.mlb.com/api/v1/stats?stats=season&group=pitching&season=2026&sportId=12&playerPool=ALL&limit=10000,694037
04ali,Edward Cabrera,Miller & Miller LLP,2023,25.0,SP,99.66666666666667,28.333333333333332,128.0,Verified official six-level affiliated workload,https://statsapi.mlb.com/api/v1/stats?stats=season&group=pitching&season=2023&sportId=11&playerPool=ALL&limit=10000,665795
04ali,Edward Cabrera,Miller & Miller LLP,2024,26.0,SP,96.33333333333333,22.666666666666668,119.0,Verified official six-level affiliated workload,https://statsapi.mlb.com/api/v1/stats?stats=season&group=pitching&season=2024&sportId=11&playerPool=ALL&limit=10000,665795
060eu,Ben Joyce,TheMissingSox,2023,23.0,RP,10.0,17.666666666666668,27.666666666666668,Verified official six-level affiliated workload,https://statsapi.mlb.com/api/v1/stats?stats=season&group=pitching&season=2023&sportId=12&playerPool=ALL&limit=10000;https://statsapi.mlb.com/api/v1/stats?stats=season&group=pitching&season=2023&sportId=14&playerPool=ALL&limit=10000,690829
060eu,Ben Joyce,TheMissingSox,2024,24.0,RP,34.666666666666664,19.0,53.666666666666664,Verified official six-level affiliated workload,https://statsapi.mlb.com/api/v1/stats?stats=season&group=pitching&season=2024&sportId=12&playerPool=ALL&limit=10000,690829
060eu,Ben Joyce,TheMissingSox,2025,25.0,RP,4.333333333333333,0.0,4.333333333333333,Verified official six-level affiliated workload,Exhaustive six-level queries: no recorded affiliated MiLB IP,690829
060eu,Ben Joyce,TheMissingSox,2026,26.0,RP,15.333333333333334,10.666666666666666,26.0,Verified official six-level affiliated workload,https://statsapi.mlb.com/api/v1/stats?stats=season&group=pitching&season=2026&sportId=11&playerPool=ALL&limit=10000;https://statsapi.mlb.com/api/v1/stats?stats=season&group=pitching&season=2026&sportId=14&playerPool=ALL&limit=10000;https://statsapi.mlb.com/api/v1/stats?stats=season&group=pitching&season=2026&sportId=16&playerPool=ALL&limit=10000,690829
060gd,Quinn Mathews,Young Guns,2026,26.0,SP,49.333333333333336,99.0,148.33333333333334,Verified official six-level affiliated workload,https://statsapi.mlb.com/api/v1/stats?stats=season&group=pitching&season=2026&sportId=11&playerPool=ALL&limit=10000,687273
05tzo,J.R. Ritchie,Ohtani and the Bums,2026,23.0,SP,73.33333333333333,82.33333333333333,155.66666666666666,Verified official six-level affiliated workload,https://statsapi.mlb.com/api/v1/stats?stats=season&group=pitching&season=2026&sportId=11&playerPool=ALL&limit=10000,702275
05138,Matt Brash,Cafécitos de Spokane,2023,25.0,RP,70.66666666666667,0.0,70.66666666666667,Verified official six-level affiliated workload,Exhaustive six-level queries: no recorded affiliated MiLB IP,666374
05ydp,Kade Anderson,Sodo Mojo,2026,22.0,SP,35.666666666666664,93.33333333333333,129.0,Verified official six-level affiliated workload,https://statsapi.mlb.com/api/v1/stats?stats=season&group=pitching&season=2026&sportId=12&playerPool=ALL&limit=10000,807739
0658b,Jonah Tong,TheMissingSox,2025,22.0,SP,18.666666666666668,113.66666666666667,132.33333333333334,Verified official six-level affiliated workload,https://statsapi.mlb.com/api/v1/stats?stats=season&group=pitching&season=2025&sportId=11&playerPool=ALL&limit=10000;https://statsapi.mlb.com/api/v1/stats?stats=season&group=pitching&season=2025&sportId=12&playerPool=ALL&limit=10000,804636
0658b,Jonah Tong,TheMissingSox,2026,23.0,SP,30.666666666666668,107.0,137.66666666666666,Verified official six-level affiliated workload,https://statsapi.mlb.com/api/v1/stats?stats=season&group=pitching&season=2026&sportId=11&playerPool=ALL&limit=10000,804636
06f14,Ethan Pecko,Young Guns,2026,24.0,SP,34.333333333333336,82.66666666666667,117.0,Verified official six-level affiliated workload,https://statsapi.mlb.com/api/v1/stats?stats=season&group=pitching&season=2026&sportId=11&playerPool=ALL&limit=10000;https://statsapi.mlb.com/api/v1/stats?stats=season&group=pitching&season=2026&sportId=14&playerPool=ALL&limit=10000,814490
051jg,Alex McFarlane,Cafécitos de Spokane,2026,25.0,RP,19.0,39.333333333333336,58.333333333333336,Verified official six-level affiliated workload,https://statsapi.mlb.com/api/v1/stats?stats=season&group=pitching&season=2026&sportId=11&playerPool=ALL&limit=10000;https://statsapi.mlb.com/api/v1/stats?stats=season&group=pitching&season=2026&sportId=12&playerPool=ALL&limit=10000,686934
05acp,Justin Martinez,TheMissingSox,2023,22.0,RP,10.0,49.333333333333336,59.333333333333336,Verified official six-level affiliated workload,https://statsapi.mlb.com/api/v1/stats?stats=season&group=pitching&season=2023&sportId=11&playerPool=ALL&limit=10000,679885
05acp,Justin Martinez,TheMissingSox,2024,23.0,RP,72.66666666666667,6.666666666666667,79.33333333333334,Verified official six-level affiliated workload,https://statsapi.mlb.com/api/v1/stats?stats=season&group=pitching&season=2024&sportId=11&playerPool=ALL&limit=10000,679885
05acp,Justin Martinez,TheMissingSox,2025,24.0,RP,15.333333333333334,2.0,17.333333333333336,Verified official six-level affiliated workload,https://statsapi.mlb.com/api/v1/stats?stats=season&group=pitching&season=2025&sportId=11&playerPool=ALL&limit=10000;https://statsapi.mlb.com/api/v1/stats?stats=season&group=pitching&season=2025&sportId=16&playerPool=ALL&limit=10000,679885
05acp,Justin Martinez,TheMissingSox,2026,25.0,RP,13.333333333333334,4.0,17.333333333333336,Verified official six-level affiliated workload,https://statsapi.mlb.com/api/v1/stats?stats=season&group=pitching&season=2026&sportId=11&playerPool=ALL&limit=10000;https://statsapi.mlb.com/api/v1/stats?stats=season&group=pitching&season=2026&sportId=14&playerPool=ALL&limit=10000,679885
06fzq,Craig Yoho,Yoho and a Bottle of Rum,2025,25.0,RP,8.666666666666666,47.666666666666664,56.33333333333333,Verified official six-level affiliated workload,https://statsapi.mlb.com/api/v1/stats?stats=season&group=pitching&season=2025&sportId=11&playerPool=ALL&limit=10000,684974
06fzq,Craig Yoho,Yoho and a Bottle of Rum,2026,26.0,RP,38.333333333333336,23.0,61.333333333333336,Verified official six-level affiliated workload,https://statsapi.mlb.com/api/v1/stats?stats=season&group=pitching&season=2026&sportId=11&playerPool=ALL&limit=10000,684974
045kb,Cristian Javier,Ohtani and the Bums,2023,26.0,SP,162.0,0.0,162.0,Verified official six-level affiliated workload,Exhaustive six-level queries: no recorded affiliated MiLB IP,664299
06ckl,Luis De Leon,Ohtani and the Bums,2026,23.0,RP,9.333333333333334,99.0,108.33333333333333,Verified official six-level affiliated workload,https://statsapi.mlb.com/api/v1/stats?stats=season&group=pitching&season=2026&sportId=11&playerPool=ALL&limit=10000;https://statsapi.mlb.com/api/v1/stats?stats=season&group=pitching&season=2026&sportId=12&playerPool=ALL&limit=10000,801725
062pn,David Sandlin,How Lowe Can You Go?,2026,25.0,SP,40.333333333333336,69.33333333333333,109.66666666666666,Verified official six-level affiliated workload,https://statsapi.mlb.com/api/v1/stats?stats=season&group=pitching&season=2026&sportId=11&playerPool=ALL&limit=10000;https://statsapi.mlb.com/api/v1/stats?stats=season&group=pitching&season=2026&sportId=13&playerPool=ALL&limit=10000,689818
05gww,Cade Horton,Young Guns,2025,24.0,SP,118.0,29.0,147.0,Verified official six-level affiliated workload,https://statsapi.mlb.com/api/v1/stats?stats=season&group=pitching&season=2025&sportId=11&playerPool=ALL&limit=10000,690990
05gww,Cade Horton,Young Guns,2026,25.0,SP,7.333333333333333,0.0,7.333333333333333,Verified official six-level affiliated workload,Exhaustive six-level queries: no recorded affiliated MiLB IP,690990
03poq,Tony Santillan,Sodo Mojo,2023,26.0,RP,3.3333333333333335,32.0,35.333333333333336,Verified official six-level affiliated workload,https://statsapi.mlb.com/api/v1/stats?stats=season&group=pitching&season=2023&sportId=11&playerPool=ALL&limit=10000,663574
05rgq,Kendry Rojas,How Lowe Can You Go?,2026,23.0,RP,29.666666666666668,39.333333333333336,69.0,Verified official six-level affiliated workload,https://statsapi.mlb.com/api/v1/stats?stats=season&group=pitching&season=2026&sportId=11&playerPool=ALL&limit=10000;https://statsapi.mlb.com/api/v1/stats?stats=season&group=pitching&season=2026&sportId=14&playerPool=ALL&limit=10000,696070
05mre,Spencer Strider,Cafécitos de Spokane,2023,24.0,SP,186.66666666666666,0.0,186.66666666666666,Verified official six-level affiliated workload,Exhaustive six-level queries: no recorded affiliated MiLB IP,675911
05mre,Spencer Strider,Cafécitos de Spokane,2024,25.0,SP,9.0,0.0,9.0,Verified official six-level affiliated workload,Exhaustive six-level queries: no recorded affiliated MiLB IP,675911
05mre,Spencer Strider,Cafécitos de Spokane,2025,26.0,SP,125.33333333333333,13.666666666666666,139.0,Verified official six-level affiliated workload,https://statsapi.mlb.com/api/v1/stats?stats=season&group=pitching&season=2025&sportId=11&playerPool=ALL&limit=10000,675911
041ma,Cole Ragans,How Lowe Can You Go?,2023,25.0,RP,96.0,28.333333333333332,124.33333333333333,Verified official six-level affiliated workload,https://statsapi.mlb.com/api/v1/stats?stats=season&group=pitching&season=2023&sportId=11&playerPool=ALL&limit=10000,666142
041ma,Cole Ragans,How Lowe Can You Go?,2024,26.0,SP,186.33333333333334,0.0,186.33333333333334,Verified official six-level affiliated workload,Exhaustive six-level queries: no recorded affiliated MiLB IP,666142
04aea,Hunter Greene,TheMissingSox,2023,24.0,SP,112.0,14.0,126.0,Verified official six-level affiliated workload,https://statsapi.mlb.com/api/v1/stats?stats=season&group=pitching&season=2023&sportId=11&playerPool=ALL&limit=10000;https://statsapi.mlb.com/api/v1/stats?stats=season&group=pitching&season=2023&sportId=16&playerPool=ALL&limit=10000,668881
04aea,Hunter Greene,TheMissingSox,2024,25.0,SP,150.33333333333334,0.0,150.33333333333334,Verified official six-level affiliated workload,Exhaustive six-level queries: no recorded affiliated MiLB IP,668881
04aea,Hunter Greene,TheMissingSox,2025,26.0,SP,107.66666666666667,13.0,120.66666666666667,Verified official six-level affiliated workload,https://statsapi.mlb.com/api/v1/stats?stats=season&group=pitching&season=2025&sportId=11&playerPool=ALL&limit=10000;https://statsapi.mlb.com/api/v1/stats?stats=season&group=pitching&season=2025&sportId=16&playerPool=ALL&limit=10000,668881
067xm,George Klassen,Ohtani and the Bums,2026,24.0,SP,27.0,91.0,118.0,Verified official six-level affiliated workload,https://statsapi.mlb.com/api/v1/stats?stats=season&group=pitching&season=2026&sportId=11&playerPool=ALL&limit=10000,691946
05g4k,Mick Abel,Ohtani and the Bums,2025,24.0,SP,39.0,98.33333333333333,137.33333333333331,Verified official six-level affiliated workload,https://statsapi.mlb.com/api/v1/stats?stats=season&group=pitching&season=2025&sportId=11&playerPool=ALL&limit=10000,690953
05g4k,Mick Abel,Ohtani and the Bums,2026,25.0,SP,20.333333333333332,8.0,28.333333333333332,Verified official six-level affiliated workload,https://statsapi.mlb.com/api/v1/stats?stats=season&group=pitching&season=2026&sportId=11&playerPool=ALL&limit=10000,690953
05ajh,Garrett Crochet,EpSkenes Island,2023,24.0,RP,12.666666666666666,12.333333333333334,25.0,Verified official six-level affiliated workload,https://statsapi.mlb.com/api/v1/stats?stats=season&group=pitching&season=2023&sportId=11&playerPool=ALL&limit=10000;https://statsapi.mlb.com/api/v1/stats?stats=season&group=pitching&season=2023&sportId=12&playerPool=ALL&limit=10000,676979
05ajh,Garrett Crochet,EpSkenes Island,2024,25.0,SP,146.0,0.0,146.0,Verified official six-level affiliated workload,Exhaustive six-level queries: no recorded affiliated MiLB IP,676979
05ajh,Garrett Crochet,EpSkenes Island,2025,26.0,SP,205.33333333333334,0.0,205.33333333333334,Verified official six-level affiliated workload,Exhaustive six-level queries: no recorded affiliated MiLB IP,676979
06htl,Ty Johnson,EpSkenes Island,2026,25.0,RP,7.666666666666667,62.333333333333336,70.0,Verified official six-level affiliated workload,https://statsapi.mlb.com/api/v1/stats?stats=season&group=pitching&season=2026&sportId=11&playerPool=ALL&limit=10000,694494
06mc1,Trey Gibson,Young Guns,2026,24.0,SP,39.666666666666664,91.66666666666667,131.33333333333334,Verified official six-level affiliated workload,https://statsapi.mlb.com/api/v1/stats?stats=season&group=pitching&season=2026&sportId=11&playerPool=ALL&limit=10000,694346
05xq2,Mitch Bratt,EpSkenes Island,2026,23.0,SP,44.0,63.0,107.0,Verified official six-level affiliated workload,https://statsapi.mlb.com/api/v1/stats?stats=season&group=pitching&season=2026&sportId=11&playerPool=ALL&limit=10000,683352
05uy5,AJ Smith-Shawver,Ohtani and the Bums,2023,20.0,SP,25.333333333333332,62.0,87.33333333333333,Verified official six-level affiliated workload,https://statsapi.mlb.com/api/v1/stats?stats=season&group=pitching&season=2023&sportId=11&playerPool=ALL&limit=10000;https://statsapi.mlb.com/api/v1/stats?stats=season&group=pitching&season=2023&sportId=12&playerPool=ALL&limit=10000;https://statsapi.mlb.com/api/v1/stats?stats=season&group=pitching&season=2023&sportId=13&playerPool=ALL&limit=10000,700363
05uy5,AJ Smith-Shawver,Ohtani and the Bums,2024,21.0,SP,4.333333333333333,89.0,93.33333333333333,Verified official six-level affiliated workload,https://statsapi.mlb.com/api/v1/stats?stats=season&group=pitching&season=2024&sportId=11&playerPool=ALL&limit=10000;https://statsapi.mlb.com/api/v1/stats?stats=season&group=pitching&season=2024&sportId=13&playerPool=ALL&limit=10000,700363
05uy5,AJ Smith-Shawver,Ohtani and the Bums,2025,22.0,SP,44.333333333333336,9.333333333333334,53.66666666666667,Verified official six-level affiliated workload,https://statsapi.mlb.com/api/v1/stats?stats=season&group=pitching&season=2025&sportId=11&playerPool=ALL&limit=10000,700363
05uy5,AJ Smith-Shawver,Ohtani and the Bums,2026,23.0,SP,31.333333333333332,28.666666666666668,60.0,Verified official six-level affiliated workload,https://statsapi.mlb.com/api/v1/stats?stats=season&group=pitching&season=2026&sportId=11&playerPool=ALL&limit=10000;https://statsapi.mlb.com/api/v1/stats?stats=season&group=pitching&season=2026&sportId=14&playerPool=ALL&limit=10000,700363
06fwg,Khristian Curtis,How Lowe Can You Go?,2026,24.0,RP,21.0,86.33333333333333,107.33333333333333,Verified official six-level affiliated workload,https://statsapi.mlb.com/api/v1/stats?stats=season&group=pitching&season=2026&sportId=11&playerPool=ALL&limit=10000;https://statsapi.mlb.com/api/v1/stats?stats=season&group=pitching&season=2026&sportId=12&playerPool=ALL&limit=10000,694753
05198,Gavin Collyer,Yoho and a Bottle of Rum,2026,25.0,RP,25.0,30.333333333333332,55.33333333333333,Verified official six-level affiliated workload,https://statsapi.mlb.com/api/v1/stats?stats=season&group=pitching&season=2026&sportId=11&playerPool=ALL&limit=10000,686560
05js6,Ricky Tiedemann,Miller & Miller LLP,2026,24.0,RP,6.0,12.0,18.0,Verified official six-level affiliated workload,https://statsapi.mlb.com/api/v1/stats?stats=season&group=pitching&season=2026&sportId=11&playerPool=ALL&limit=10000;https://statsapi.mlb.com/api/v1/stats?stats=season&group=pitching&season=2026&sportId=14&playerPool=ALL&limit=10000;https://statsapi.mlb.com/api/v1/stats?stats=season&group=pitching&season=2026&sportId=16&playerPool=ALL&limit=10000,694357
05xoo,Elmer Rodriguez,Miller & Miller LLP,2026,23.0,SP,26.666666666666668,106.33333333333333,133.0,Verified official six-level affiliated workload,https://statsapi.mlb.com/api/v1/stats?stats=season&group=pitching&season=2026&sportId=11&playerPool=ALL&limit=10000,695684
05y40,Eduardo Rivera,EpSkenes Island,2026,23.0,SP,10.0,55.666666666666664,65.66666666666666,Verified official six-level affiliated workload,https://statsapi.mlb.com/api/v1/stats?stats=season&group=pitching&season=2026&sportId=11&playerPool=ALL&limit=10000;https://statsapi.mlb.com/api/v1/stats?stats=season&group=pitching&season=2026&sportId=12&playerPool=ALL&limit=10000,700842
0569p,Coleman Crow,Yoho and a Bottle of Rum,2026,25.0,SP,18.666666666666668,105.33333333333333,124.0,Verified official six-level affiliated workload,https://statsapi.mlb.com/api/v1/stats?stats=season&group=pitching&season=2026&sportId=11&playerPool=ALL&limit=10000,689441
0662m,Luis Morales,Yoho and a Bottle of Rum,2025,23.0,SP,48.666666666666664,89.33333333333333,138.0,Verified official six-level affiliated workload,https://statsapi.mlb.com/api/v1/stats?stats=season&group=pitching&season=2025&sportId=11&playerPool=ALL&limit=10000;https://statsapi.mlb.com/api/v1/stats?stats=season&group=pitching&season=2025&sportId=12&playerPool=ALL&limit=10000,806960
0662m,Luis Morales,Yoho and a Bottle of Rum,2026,24.0,RP,16.0,71.33333333333333,87.33333333333333,Verified official six-level affiliated workload,https://statsapi.mlb.com/api/v1/stats?stats=season&group=pitching&season=2026&sportId=11&playerPool=ALL&limit=10000,806960
06f1b,Brody Hopkins,How Lowe Can You Go?,2026,24.0,RP,5.333333333333333,94.0,99.33333333333333,Verified official six-level affiliated workload,https://statsapi.mlb.com/api/v1/stats?stats=season&group=pitching&season=2026&sportId=11&playerPool=ALL&limit=10000,811315
062pm,Owen Murphy,Young Guns,2026,23.0,RP,12.0,117.33333333333333,129.33333333333331,Verified official six-level affiliated workload,https://statsapi.mlb.com/api/v1/stats?stats=season&group=pitching&season=2026&sportId=11&playerPool=ALL&limit=10000;https://statsapi.mlb.com/api/v1/stats?stats=season&group=pitching&season=2026&sportId=12&playerPool=ALL&limit=10000,702566
05gd5,Luis Perales,EpSkenes Island,2026,23.0,RP,11.0,96.33333333333333,107.33333333333333,Verified official six-level affiliated workload,https://statsapi.mlb.com/api/v1/stats?stats=season&group=pitching&season=2026&sportId=11&playerPool=ALL&limit=10000,691384
061lj,Winston Santos,Ohtani and the Bums,2026,24.0,RP,2.0,83.33333333333333,85.33333333333333,Verified official six-level affiliated workload,https://statsapi.mlb.com/api/v1/stats?stats=season&group=pitching&season=2026&sportId=11&playerPool=ALL&limit=10000;https://statsapi.mlb.com/api/v1/stats?stats=season&group=pitching&season=2026&sportId=12&playerPool=ALL&limit=10000,692437
0603p,Hurston Waldrep,Yoho and a Bottle of Rum,2024,22.0,SP,7.0,93.33333333333333,100.33333333333333,Verified official six-level affiliated workload,https://statsapi.mlb.com/api/v1/stats?stats=season&group=pitching&season=2024&sportId=11&playerPool=ALL&limit=10000;https://statsapi.mlb.com/api/v1/stats?stats=season&group=pitching&season=2024&sportId=12&playerPool=ALL&limit=10000;https://statsapi.mlb.com/api/v1/stats?stats=season&group=pitching&season=2024&sportId=14&playerPool=ALL&limit=10000;https://statsapi.mlb.com/api/v1/stats?stats=season&group=pitching&season=2024&sportId=16&playerPool=ALL&limit=10000,694462
0603p,Hurston Waldrep,Yoho and a Bottle of Rum,2025,23.0,SP,56.333333333333336,91.66666666666667,148.0,Verified official six-level affiliated workload,https://statsapi.mlb.com/api/v1/stats?stats=season&group=pitching&season=2025&sportId=11&playerPool=ALL&limit=10000,694462
0603p,Hurston Waldrep,Yoho and a Bottle of Rum,2026,24.0,SP,10.666666666666666,18.333333333333332,29.0,Verified official six-level affiliated workload,https://statsapi.mlb.com/api/v1/stats?stats=season&group=pitching&season=2026&sportId=11&playerPool=ALL&limit=10000;https://statsapi.mlb.com/api/v1/stats?stats=season&group=pitching&season=2026&sportId=12&playerPool=ALL&limit=10000;https://statsapi.mlb.com/api/v1/stats?stats=season&group=pitching&season=2026&sportId=16&playerPool=ALL&limit=10000,694462
06dqb,Shane Smith,How Lowe Can You Go?,2025,25.0,SP,146.33333333333334,0.0,146.33333333333334,Verified official six-level affiliated workload,Exhaustive six-level queries: no recorded affiliated MiLB IP,681343
06dqb,Shane Smith,How Lowe Can You Go?,2026,26.0,SP,8.333333333333334,58.0,66.33333333333333,Verified official six-level affiliated workload,https://statsapi.mlb.com/api/v1/stats?stats=season&group=pitching&season=2026&sportId=11&playerPool=ALL&limit=10000;https://statsapi.mlb.com/api/v1/stats?stats=season&group=pitching&season=2026&sportId=13&playerPool=ALL&limit=10000,681343
0516h,DJ Herz,How Lowe Can You Go?,2024,23.0,SP,88.66666666666667,39.333333333333336,128.0,Verified official six-level affiliated workload,https://statsapi.mlb.com/api/v1/stats?stats=season&group=pitching&season=2024&sportId=11&playerPool=ALL&limit=10000,687792
0516h,DJ Herz,How Lowe Can You Go?,2026,25.0,SP,7.0,25.666666666666668,32.66666666666667,Verified official six-level affiliated workload,https://statsapi.mlb.com/api/v1/stats?stats=season&group=pitching&season=2026&sportId=11&playerPool=ALL&limit=10000;https://statsapi.mlb.com/api/v1/stats?stats=season&group=pitching&season=2026&sportId=12&playerPool=ALL&limit=10000;https://statsapi.mlb.com/api/v1/stats?stats=season&group=pitching&season=2026&sportId=14&playerPool=ALL&limit=10000;https://statsapi.mlb.com/api/v1/stats?stats=season&group=pitching&season=2026&sportId=16&playerPool=ALL&limit=10000,687792
05ynx,River Ryan,Cafécitos de Spokane,2024,26.0,SP,20.333333333333332,24.333333333333332,44.666666666666664,Verified official six-level affiliated workload,https://statsapi.mlb.com/api/v1/stats?stats=season&group=pitching&season=2024&sportId=11&playerPool=ALL&limit=10000;https://statsapi.mlb.com/api/v1/stats?stats=season&group=pitching&season=2024&sportId=14&playerPool=ALL&limit=10000;https://statsapi.mlb.com/api/v1/stats?stats=season&group=pitching&season=2024&sportId=16&playerPool=ALL&limit=10000,689981
061mh,Robby Snelling,Ohtani and the Bums,2026,22.0,SP,5.0,29.0,34.0,Verified official six-level affiliated workload,https://statsapi.mlb.com/api/v1/stats?stats=season&group=pitching&season=2026&sportId=11&playerPool=ALL&limit=10000,702281
05xpj,Tanner McDougal,How Lowe Can You Go?,2026,23.0,RP,0.3333333333333333,49.666666666666664,50.0,Verified official six-level affiliated workload,https://statsapi.mlb.com/api/v1/stats?stats=season&group=pitching&season=2026&sportId=11&playerPool=ALL&limit=10000;https://statsapi.mlb.com/api/v1/stats?stats=season&group=pitching&season=2026&sportId=13&playerPool=ALL&limit=10000,701780
06dqi,Jake Bloss,Ohtani and the Bums,2024,23.0,SP,11.666666666666666,93.33333333333333,105.0,Verified official six-level affiliated workload,https://statsapi.mlb.com/api/v1/stats?stats=season&group=pitching&season=2024&sportId=11&playerPool=ALL&limit=10000;https://statsapi.mlb.com/api/v1/stats?stats=season&group=pitching&season=2024&sportId=12&playerPool=ALL&limit=10000;https://statsapi.mlb.com/api/v1/stats?stats=season&group=pitching&season=2024&sportId=13&playerPool=ALL&limit=10000,814005
06hv8,Logan Evans,Sodo Mojo,2025,24.0,SP,81.33333333333333,44.0,125.33333333333333,Verified official six-level affiliated workload,https://statsapi.mlb.com/api/v1/stats?stats=season&group=pitching&season=2025&sportId=11&playerPool=ALL&limit=10000,688138
05yav,David Festa,Ohtani and the Bums,2024,24.0,SP,64.33333333333333,60.333333333333336,124.66666666666666,Verified official six-level affiliated workload,https://statsapi.mlb.com/api/v1/stats?stats=season&group=pitching&season=2024&sportId=11&playerPool=ALL&limit=10000,701581
05yav,David Festa,Ohtani and the Bums,2025,25.0,SP,53.333333333333336,31.333333333333332,84.66666666666667,Verified official six-level affiliated workload,https://statsapi.mlb.com/api/v1/stats?stats=season&group=pitching&season=2025&sportId=11&playerPool=ALL&limit=10000,701581
04px8,Reese Olson,TheMissingSox,2023,24.0,SP,103.66666666666667,36.666666666666664,140.33333333333334,Verified official six-level affiliated workload,https://statsapi.mlb.com/api/v1/stats?stats=season&group=pitching&season=2023&sportId=11&playerPool=ALL&limit=10000,681857
04px8,Reese Olson,TheMissingSox,2024,25.0,SP,112.33333333333333,5.0,117.33333333333333,Verified official six-level affiliated workload,https://statsapi.mlb.com/api/v1/stats?stats=season&group=pitching&season=2024&sportId=11&playerPool=ALL&limit=10000,681857
04px8,Reese Olson,TheMissingSox,2025,26.0,SP,68.66666666666667,10.333333333333334,79.0,Verified official six-level affiliated workload,https://statsapi.mlb.com/api/v1/stats?stats=season&group=pitching&season=2025&sportId=11&playerPool=ALL&limit=10000,681857
0512m,Ryan Pepiot,Sodo Mojo,2023,26.0,RP,42.0,22.666666666666668,64.66666666666667,Verified official six-level affiliated workload,https://statsapi.mlb.com/api/v1/stats?stats=season&group=pitching&season=2023&sportId=11&playerPool=ALL&limit=10000,686752
050vn,Quinn Priester,Shea Stadiums,2023,23.0,SP,50.0,108.0,158.0,Verified official six-level affiliated workload,https://statsapi.mlb.com/api/v1/stats?stats=season&group=pitching&season=2023&sportId=11&playerPool=ALL&limit=10000,682990
050vn,Quinn Priester,Shea Stadiums,2024,24.0,SP,49.666666666666664,72.0,121.66666666666666,Verified official six-level affiliated workload,https://statsapi.mlb.com/api/v1/stats?stats=season&group=pitching&season=2024&sportId=11&playerPool=ALL&limit=10000,682990
050vn,Quinn Priester,Shea Stadiums,2025,25.0,SP,157.33333333333334,4.0,161.33333333333334,Verified official six-level affiliated workload,https://statsapi.mlb.com/api/v1/stats?stats=season&group=pitching&season=2025&sportId=11&playerPool=ALL&limit=10000,682990
05w9g,Randy Rodriguez,TheMissingSox,2024,25.0,RP,52.333333333333336,10.666666666666666,63.0,Verified official six-level affiliated workload,https://statsapi.mlb.com/api/v1/stats?stats=season&group=pitching&season=2024&sportId=11&playerPool=ALL&limit=10000,678495
05w9g,Randy Rodriguez,TheMissingSox,2025,26.0,RP,50.666666666666664,0.0,50.666666666666664,Verified official six-level affiliated workload,Exhaustive six-level queries: no recorded affiliated MiLB IP,678495
05tq1,Spencer Schwellenbach,Ohtani and the Bums,2024,24.0,SP,123.66666666666667,45.0,168.66666666666669,Verified official six-level affiliated workload,https://statsapi.mlb.com/api/v1/stats?stats=season&group=pitching&season=2024&sportId=12&playerPool=ALL&limit=10000;https://statsapi.mlb.com/api/v1/stats?stats=season&group=pitching&season=2024&sportId=13&playerPool=ALL&limit=10000,680885
05tq1,Spencer Schwellenbach,Ohtani and the Bums,2025,25.0,SP,110.66666666666667,0.0,110.66666666666667,Verified official six-level affiliated workload,Exhaustive six-level queries: no recorded affiliated MiLB IP,680885
05mrx,Gavin Stone,Yoho and a Bottle of Rum,2023,24.0,SP,31.0,100.66666666666667,131.66666666666669,Verified official six-level affiliated workload,https://statsapi.mlb.com/api/v1/stats?stats=season&group=pitching&season=2023&sportId=11&playerPool=ALL&limit=10000,694813
05mrx,Gavin Stone,Yoho and a Bottle of Rum,2024,25.0,SP,140.33333333333334,0.0,140.33333333333334,Verified official six-level affiliated workload,Exhaustive six-level queries: no recorded affiliated MiLB IP,694813
05yb1,Drew Thorpe,TheMissingSox,2024,24.0,SP,44.333333333333336,60.0,104.33333333333334,Verified official six-level affiliated workload,https://statsapi.mlb.com/api/v1/stats?stats=season&group=pitching&season=2024&sportId=12&playerPool=ALL&limit=10000,689672
04ok0,Mike Vasil,EpSkenes Island,2025,25.0,RP,101.0,0.0,101.0,Verified official six-level affiliated workload,Exhaustive six-level queries: no recorded affiliated MiLB IP,678024
